account_id,n_tx,n_in,n_out,total_in,total_out,max_amt,mean_amt,std_amt,delay_first_in_out_hrs,pass_through_ratio,in_out_balance_ratio,distinct_senders,distinct_receivers,structuring_ratio,wire_ratio,graph_in_degree,graph_out_degree,graph_degree_ratio,graph_pagerank
ACC_00001,5,2,3,18280.97,17864.559999999998,9760.05,7229.106,1799.001383915532,2.25,0.9771682154603687,0.01152005462211735,2,3,0.4,1.0,0,3,3.0,0.0006714142405782801
ACC_00002,7,4,3,36740.87,35989.549999999996,12021.46,10390.06,1583.3091139024827,2.25,0.979524177729658,0.010330060928275661,4,3,0.5714285714285714,1.0,0,3,3.0,0.0006714142405782801
ACC_00003,6,4,2,37117.53,36437.009999999995,18230.44,12259.089999999998,4633.222646970464,1.0,0.9816393591017747,0.009251784433912173,4,1,0.6666666666666666,1.0,0,1,1.0,0.0006714142405782801
ACC_00004,4,2,2,19047.95,18658.32,9868.09,9426.567500000001,302.9180397813903,3.25,0.9794933579016166,0.010333020661532934,2,1,1.0,1.0,0,1,1.0,0.0006714142405782801
ACC_00005,6,3,3,28430.100000000002,27869.79,9830.91,9383.315,302.3087906594845,1.0,0.980257183155066,0.009952062924760183,3,3,1.0,1.0,3,3,0.75,0.001386095233246133
ACC_00006,5,2,3,18496.230000000003,18152.29,9625.69,7329.704000000001,1771.844777690755,3.0,0.9813518024050086,0.009384570384550801,2,3,0.4,1.0,2,3,1.0,0.0011408097481577849
ACC_00007,8,5,3,46251.31,45275.729999999996,15113.3,11440.88,3044.446845905321,4.0,0.978885811324883,0.010658810130753394,5,2,0.625,1.0,5,2,0.3333333333333333,0.0026532681774401375
ACC_00008,6,4,2,35071.12,34403.619999999995,17230.35,11579.123333333331,4358.518760921727,1.25,0.9809392759833164,0.009607670245757835,4,2,0.6666666666666666,1.0,0,2,2.0,0.0006714142405782801
ACC_00009,7,3,4,27772.39,27159.64,9812.98,7847.432857142857,1370.7819880116397,2.75,0.9779015093224126,0.011154491205018184,3,4,0.42857142857142855,1.0,0,4,4.0,0.0006714142405782801
ACC_00010,6,3,3,27796.689999999995,27331.15,9819.42,9187.973333333333,377.40716578606015,2.0,0.9832165910188942,0.008444581819606464,3,3,1.0,1.0,1,3,1.5,0.0009645173442841667
ACC_00011,5,3,2,28373.53,27786.43,13924.11,11231.991999999998,2443.468390785934,2.25,0.9792736655021247,0.010453881130237064,3,2,0.6,1.0,3,2,0.5,0.001714281212659685
ACC_00012,8,4,4,36525.92,35832.51,9606.16,9044.80375,362.3250323727697,1.25,0.9809890896905625,0.009582856028578394,3,4,1.0,1.0,0,4,4.0,0.0006714142405782801
ACC_00013,9,5,4,44632.759999999995,43725.25,10967.02,9817.556666666665,1082.0582404034453,2.5,0.979645228186019,0.01027071263021162,5,3,0.5555555555555556,1.0,0,3,3.0,0.0006714142405782801
ACC_00014,6,2,4,18227.89,17866.090000000004,9230.79,6015.663333333334,2401.194539029828,1.25,0.9800975265087454,0.010023554521986038,2,4,0.3333333333333333,1.0,1,4,2.0,0.0008168634846511082
ACC_00015,6,2,4,17116.61,16856.140000000003,8592.44,5662.125000000001,2243.5682395215886,3.0,0.9847250872055154,0.007666801574745135,2,4,0.3333333333333333,1.0,2,4,1.3333333333333333,0.0018126926439802527
ACC_00016,9,5,4,46850.08,45932.939999999995,11496.53,10309.224444444444,1158.3776302561173,2.0,0.9804030131215757,0.009884676262140903,5,4,0.5555555555555556,1.0,4,4,0.8,0.0015689109368628611
ACC_00017,7,4,3,36932.28999999999,36265.19,12113.18,10456.782857142856,1547.3667619724627,3.0,0.981910628595503,0.009113577221821973,4,3,0.5714285714285714,1.0,2,3,1.0,0.001246242466296219
ACC_00018,6,4,2,38164.69,37323.270000000004,18663.41,12581.326666666668,4716.3926843241825,4.0,0.9779272954321016,0.011146265626125968,4,1,0.6666666666666666,1.0,0,1,1.0,0.0006714142405782801
ACC_00019,7,5,2,46659.95,45680.759999999995,22860.17,13191.529999999999,6604.736006228157,1.25,0.9789933552574476,0.010603983833524443,4,2,0.7142857142857143,1.0,1,2,1.0,0.0008213847947951293
ACC_00020,4,2,2,17852.07,17529.04,9198.03,8845.2775,240.93541670954065,1.25,0.9818501803891432,0.009129755122009366,2,2,1.0,1.0,1,2,1.0,0.0012420534422792663
ACC_00021,7,4,3,35818.4,35082.67,11744.48,10128.724285714286,1480.7565041655466,2.5,0.9794320954566519,0.01037670691419874,4,3,0.5714285714285714,1.0,1,3,1.5,0.0008157949827428254
ACC_00022,5,3,2,29167.71,28544.260000000002,14285.58,11542.393999999998,2491.957857223914,2.25,0.9785917855126265,0.010802597752290293,3,2,0.6,1.0,3,2,0.5,0.0020091312645030223
ACC_00023,5,2,3,18754.550000000003,18362.91,9727.76,7423.492,1800.887616946155,1.5,0.9790653966425936,0.010551084285285624,2,3,0.4,1.0,2,3,1.0,0.0011142727904300083
ACC_00024,9,5,4,46094.1,45272.729999999996,11330.9,10151.87,1166.4775877722643,3.5,0.9821592750639438,0.008989706770971826,4,4,0.5555555555555556,1.0,1,4,2.0,0.0008064343464101583
ACC_00025,8,4,4,35852.15,35106.34,9403.29,8869.811249999999,252.267646271489,1.75,0.9791703100006554,0.010510363025438951,4,3,1.0,1.0,0,3,3.0,0.0006714142405782801
ACC_00026,7,5,2,46438.05,45488.740000000005,22768.38,13132.398571428575,6573.8598034929955,2.0,0.9795364030917946,0.010326692287500848,5,2,0.7142857142857143,1.0,0,2,2.0,0.0006714142405782801
ACC_00027,8,5,3,46434.42,45458.83,15165.91,11486.65625,3050.6814426238675,2.0,0.978968856101657,0.010616442269238788,4,3,0.625,1.0,1,3,1.5,0.0008646510867410888
ACC_00028,8,4,4,36728.86,35906.93,9569.59,9079.473750000001,288.67919104270663,1.0,0.9775950684266153,0.011315615681805325,4,4,1.0,1.0,0,4,4.0,0.0006714142405782801
ACC_00029,7,4,3,34789.29,34109.02,11396.32,9842.615714285714,1430.360237525931,1.0,0.9804178119814464,0.009873393507133876,4,3,0.5714285714285714,1.0,1,3,1.5,0.0008038566443508686
ACC_00030,5,2,3,18043.28,17652.239999999998,9159.58,7139.103999999999,1721.2805837602425,2.5,0.9782734473195938,0.01095456924092323,2,3,0.4,1.0,2,3,1.0,0.0011453130072715347
ACC_00031,5,3,2,27008.26,26444.35,13259.74,10690.522,2318.4022767781266,3.0,0.9790845806216091,0.010549521351317523,3,2,0.6,1.0,0,2,2.0,0.0006714142405782801
ACC_00032,5,3,2,28208.62,27720.32,13870.71,11185.788,2464.6656120496345,3.0,0.98265485320256,0.008730565418092693,3,2,0.6,1.0,3,2,0.5,0.0015455268165562354
ACC_00033,8,4,4,37729.51,36927.97,9542.9,9332.185000000001,130.19991683122208,3.0,0.9787296805688552,0.010736087849632096,4,4,1.0,1.0,4,4,0.8,0.0020156819711983883
ACC_00034,4,2,2,18901.73,18540.760000000002,9723.63,9360.6225,245.935599886772,1.25,0.9808509141272188,0.009640394097879163,2,2,1.0,1.0,0,2,2.0,0.0006714142405782801
ACC_00035,9,5,4,46849.64,45997.63,11512.89,10316.363333333333,1140.559893922717,1.75,0.9817929915151639,0.009176369145057869,4,4,0.5555555555555556,1.0,0,4,4.0,0.0006714142405782801
ACC_00036,8,4,4,35417.68,34718.9,9007.73,8767.072499999998,117.06795264167856,1.75,0.9802426290307826,0.009962989883597336,4,3,1.0,1.0,0,3,3.0,0.0006714142405782801
ACC_00037,8,4,4,36218.28,35487.79,9671.88,8963.25875,352.48122452276965,2.25,0.9798038503250204,0.010187140542766534,4,4,1.0,1.0,2,4,1.3333333333333333,0.0010859269065227968
ACC_00038,5,2,3,17508.34,17166.84,8839.94,6935.036,1661.8424542898163,1.25,0.9804390114076259,0.009848258948938435,2,2,0.4,1.0,2,2,0.6666666666666666,0.0009984666888895625
ACC_00039,8,5,3,46094.25,45132.75,15047.33,11403.375,3031.124925313561,2.0,0.9791193235745549,0.010539527338097952,4,2,0.625,1.0,0,2,2.0,0.0006714142405782801
ACC_00040,7,4,3,37109.97,36339.21000000001,12158.86,10492.740000000002,1535.1226985271678,3.25,0.9792039927816494,0.010493643446482973,4,3,0.5714285714285714,1.0,2,3,1.0,0.0011041767219904842
ACC_00041,4,2,2,17821.25,17431.33,9116.45,8813.145,202.5484361002742,3.0,0.9780656202219137,0.01106043698257023,2,2,1.0,1.0,2,2,0.6666666666666666,0.000997373592187427
ACC_00042,8,5,3,46290.6,45393.29,15133.91,11460.48625,3054.4230718602985,2.25,0.9805945355096821,0.009786890729759263,5,3,0.625,1.0,0,3,3.0,0.0006714142405782801
ACC_00043,6,2,4,18381.86,17971.84,9641.42,6058.950000000001,2442.819614756685,1.25,0.9776411287471046,0.011278321647544897,2,3,0.3333333333333333,1.0,2,3,1.0,0.0015324153812333883
ACC_00044,5,2,3,18924.239999999998,18554.059999999998,9888.4,7495.659999999999,1820.3162950020526,3.0,0.9803870386848462,0.009876918725803319,2,3,0.4,1.0,0,3,3.0,0.0006714142405782801
ACC_00045,7,4,3,36786.82,35998.240000000005,12017.95,10397.865714285716,1519.2557323665337,3.0,0.9785369179255526,0.010834217431194854,4,3,0.5714285714285714,1.0,1,3,1.5,0.0008060206667241802
ACC_00046,9,5,4,45678.23,44731.31,11220.48,10045.504444444443,1128.7290827310062,1.0,0.979248336716709,0.010473557618392783,5,4,0.5555555555555556,1.0,2,4,1.3333333333333333,0.001093231166047928
ACC_00047,7,5,2,45238.009999999995,44252.25,22130.14,12784.322857142859,6385.110087489264,1.0,0.9781878515909169,0.01101515388206619,5,2,0.7142857142857143,1.0,1,2,1.0,0.0012420534422792663
ACC_00048,5,2,3,17791.870000000003,17337.88,9195.94,7025.95,1720.2014857713616,1.5,0.9744285210873793,0.01292286671932713,2,3,0.4,1.0,0,3,3.0,0.0006714142405782801
ACC_00049,7,4,3,38884.340000000004,38067.45,12709.14,10993.112857142856,1592.153619762807,2.0,0.9789666234112906,0.010615469562572151,4,3,0.5714285714285714,1.0,1,3,1.5,0.0008209494688675844
ACC_00050,5,2,3,17470.83,17117.98,8927.91,6917.762,1665.1213388429082,3.5,0.9797473990990067,0.010200981156011039,2,3,0.4,1.0,2,3,1.0,0.0010932068387784978
ACC_00051,2,0,2,0.0,17737.77,9159.58,8868.885,411.10481151404645,999.0,17737.77,0.9999436263055443,0,2,1.0,1.0,0,2,2.0,0.0006714142405782801
ACC_00052,1,0,1,0.0,8592.44,8592.44,8592.44,0.0,999.0,8592.44,0.9998836321659312,0,1,1.0,1.0,0,1,1.0,0.0006714142405782801
ACC_00053,2,0,2,0.0,18138.6,9316.71,9069.3,349.8905774667272,999.0,18138.6,0.9999448719927672,0,2,1.0,1.0,0,2,2.0,0.0006714142405782801
ACC_00054,2,0,2,0.0,17569.71,9026.79,8784.855,342.1477582127353,999.0,17569.71,0.9999430871034808,0,2,1.0,1.0,0,2,2.0,0.0006714142405782801
ACC_00055,1,0,1,0.0,9698.8,9698.8,9698.8,0.0,999.0,9698.8,0.9998969050908266,0,1,1.0,1.0,0,1,1.0,0.0006714142405782801
ACC_00056,1,0,1,0.0,9048.73,9048.73,9048.73,0.0,999.0,9048.73,0.9998894994657299,0,1,1.0,1.0,0,1,1.0,0.0006714142405782801
ACC_00057,5,0,5,0.0,46183.07,9729.11,9236.614,490.7781916813339,999.0,46183.07,0.9999783475124648,0,4,1.0,1.0,0,4,4.0,0.0006714142405782801
ACC_00058,2,0,2,0.0,17436.71,8900.45,8718.355,257.5212186403291,999.0,17436.71,0.9999426530203794,0,2,1.0,1.0,0,2,2.0,0.0006714142405782801
ACC_00059,4,0,4,0.0,37085.75,9727.76,9271.4375,479.9606301475851,999.0,37085.75,0.999973036192171,0,4,1.0,1.0,0,4,4.0,0.0006714142405782801
ACC_00060,3,0,3,0.0,28084.269999999997,9510.24,9361.423333333332,213.78077423691101,999.0,28084.269999999997,0.999964394146825,0,3,1.0,1.0,0,3,3.0,0.0006714142405782801
ACC_00061,1,0,1,0.0,8740.44,8740.44,8740.44,0.0,999.0,8740.44,0.9998856023721492,0,1,1.0,1.0,0,1,1.0,0.0006714142405782801
ACC_00062,1,0,1,0.0,9732.1,9732.1,9732.1,0.0,999.0,9732.1,0.9998972578109749,0,1,1.0,1.0,0,1,1.0,0.0006714142405782801
ACC_00063,1,0,1,0.0,9840.86,9840.86,9840.86,0.0,999.0,9840.86,0.9998983931899051,0,1,1.0,1.0,0,1,1.0,0.0006714142405782801
ACC_00064,1,0,1,0.0,9426.79,9426.79,9426.79,0.0,999.0,9426.79,0.9998939306030363,0,1,1.0,1.0,0,1,1.0,0.0006714142405782801
ACC_00065,1,0,1,0.0,8654.04,8654.04,8654.04,0.0,999.0,8654.04,0.9998844603837764,0,1,1.0,1.0,0,1,1.0,0.0006714142405782801
ACC_00066,2,0,2,0.0,19489.65,9863.96,9744.825,168.4823327533177,999.0,19489.65,0.999948693347836,0,2,1.0,1.0,0,2,2.0,0.0006714142405782801
ACC_00067,2,0,2,0.0,18825.03,9852.27,9412.515,621.9074851213805,999.0,18825.03,0.9999468820563868,0,2,1.0,1.0,0,2,2.0,0.0006714142405782801
ACC_00068,2,0,2,0.0,18795.8,9498.47,9397.9,142.22745796786177,999.0,18795.8,0.9999467994552265,0,2,1.0,1.0,0,2,2.0,0.0006714142405782801
ACC_00069,2,0,2,0.0,18947.98,9641.42,9473.99,236.78177674812773,999.0,18947.98,0.9999472267108837,0,2,1.0,1.0,0,2,2.0,0.0006714142405782801
ACC_00070,3,0,3,0.0,28284.690000000002,9736.81,9428.230000000001,472.97301180934153,999.0,28284.690000000002,0.9999646464342924,0,3,1.0,1.0,0,3,3.0,0.0006714142405782801
ACC_00071,1,0,1,0.0,9283.99,9283.99,9283.99,0.0,999.0,9283.99,0.9998922992916525,0,1,1.0,1.0,0,1,1.0,0.0006714142405782801
ACC_00072,2,0,2,0.0,19019.87,9542.9,9509.935,46.619550083629285,999.0,19019.87,0.9999474261692551,0,2,1.0,1.0,0,2,2.0,0.0006714142405782801
ACC_00073,2,0,2,0.0,19044.41,9830.91,9522.205,436.5747977723862,999.0,19044.41,0.9999474939106063,0,2,1.0,1.0,0,2,2.0,0.0006714142405782801
ACC_00074,2,0,2,0.0,18260.730000000003,9445.04,9130.365000000002,445.01765273975394,999.0,18260.730000000003,0.9999452406754453,0,2,1.0,1.0,0,2,2.0,0.0006714142405782801
ACC_00075,4,0,4,0.0,36951.88,9683.19,9237.97,468.8328343876953,999.0,36951.88,0.9999729385097995,0,4,1.0,1.0,0,4,4.0,0.0006714142405782801
ACC_00076,1,0,1,0.0,9883.05,9883.05,9883.05,0.0,999.0,9883.05,0.9998988268978809,0,1,1.0,1.0,0,1,1.0,0.0006714142405782801
ACC_00077,1,0,1,0.0,8524.17,8524.17,8524.17,0.0,999.0,8524.17,0.9998827002863286,0,1,1.0,1.0,0,1,1.0,0.0006714142405782801
ACC_00078,2,0,2,0.0,18987.379999999997,9531.48,9493.689999999999,53.44313052207921,999.0,18987.379999999997,0.9999473362129893,0,2,1.0,1.0,0,2,2.0,0.0006714142405782801
ACC_00079,3,0,3,0.0,26987.46,9276.98,8995.82,243.9719229747548,999.0,26987.46,0.9999629471262903,0,3,1.0,1.0,0,3,3.0,0.0006714142405782801
ACC_00080,4,0,4,0.0,35298.21,8997.1,8824.5525,162.4599202624044,999.0,35298.21,0.9999716707541046,0,4,1.0,1.0,0,4,4.0,0.0006714142405782801
ACC_00081,4,4,0,43818.07000000001,0.0,13849.61,10954.517500000002,2414.9581804436425,999.0,0.0,0.9999771788858138,4,0,0.5,1.0,8,0,0.0,0.0032201541428126205
ACC_00082,3,3,0,22193.69,0.0,9225.14,7397.8966666666665,2746.1977566506985,999.0,0.0,0.9999549441780894,3,0,0.6666666666666666,1.0,7,0,0.0,0.0027916915638354226
ACC_00083,6,6,0,51176.24,0.0,15131.26,8529.373333333333,3654.7614838217096,999.0,0.0,0.9999804600638877,5,0,0.3333333333333333,1.0,11,0,0.0,0.004336895687643181
ACC_00084,1,1,0,9198.27,0.0,9198.27,9198.27,0.0,999.0,0.0,0.999891295722378,1,0,1.0,1.0,9,0,0.0,0.003256984312999427
ACC_00085,2,2,0,10123.36,0.0,5658.41,5061.68,843.9036590748971,999.0,0.0,0.9999012283245559,2,0,0.0,1.0,6,0,0.0,0.001960695717401515
ACC_00086,2,2,0,13524.39,0.0,9319.26,6762.195,3616.2360028695584,999.0,0.0,0.999926064978533,2,0,0.5,1.0,8,0,0.0,0.003060389825455657
ACC_00087,1,1,0,11971.67,0.0,11971.67,11971.67,0.0,999.0,0.0,0.9999164764417627,1,0,0.0,1.0,6,0,0.0,0.0021807050324461827
ACC_00088,2,2,0,20158.019999999997,0.0,11314.81,10079.009999999998,1747.6851203806712,999.0,0.0,0.9999503944140141,2,0,0.5,1.0,4,0,0.0,0.0014951377800803602
ACC_00089,4,4,0,21497.59,0.0,5882.31,5374.3975,799.5120747628938,999.0,0.0,0.9999534853215956,4,0,0.0,1.0,6,0,0.0,0.0024466594626217438
ACC_00090,3,3,0,23440.199999999997,0.0,11467.17,7813.399999999999,3165.7678942556736,999.0,0.0,0.9999573400679146,3,0,0.0,1.0,10,0,0.0,0.003351539112141216
ACC_00091,1,1,0,13924.11,0.0,13924.11,13924.11,0.0,999.0,0.0,0.999928187281824,1,0,0.0,1.0,7,0,0.0,0.002835358520229686
ACC_00092,4,4,0,34209.82,0.0,12093.16,8552.455,3807.500516660066,999.0,0.0,0.9999707694817019,4,0,0.0,1.0,10,0,0.0,0.002966457511586487
ACC_00093,1,1,0,13862.32,0.0,13862.32,13862.32,0.0,999.0,0.0,0.9999278672064124,1,0,0.0,1.0,1,0,0.0,0.0013984813079919575
ACC_00094,5,5,0,56937.78,0.0,15089.75,11387.556,4481.448397698003,999.0,0.0,0.9999824372773706,5,0,0.2,1.0,9,0,0.0,0.005110901878618301
ACC_00095,3,3,0,20963.16,0.0,8771.59,6987.72,1545.0255728304305,999.0,0.0,0.999952299543602,3,0,0.3333333333333333,1.0,7,0,0.0,0.002799057637587602
ACC_00096,3,3,0,41671.94,0.0,15113.3,13890.646666666667,2082.6187768608384,999.0,0.0,0.9999760036128961,2,0,0.0,1.0,6,0,0.0,0.00311790623936809
ACC_00097,1,1,0,15161.66,0.0,15161.66,15161.66,0.0,999.0,0.0,0.9999340485112771,1,0,0.0,1.0,8,0,0.0,0.002372792003173451
ACC_00098,1,1,0,5721.52,0.0,5721.52,5721.52,0.0,999.0,0.0,0.9998252518121387,1,0,0.0,1.0,4,0,0.0,0.0017156560949588488
ACC_00099,2,2,0,18822.97,0.0,14285.58,9411.485,6893.011253294891,999.0,0.0,0.9999468762434279,2,0,0.0,1.0,5,0,0.0,0.0026098215597532975
ACC_00100,3,3,0,14823.599999999999,0.0,5881.19,4941.2,814.0976841264194,999.0,0.0,0.9999325445543219,2,0,0.0,1.0,9,0,0.0,0.003489164764853771
ACC_00101,12,3,9,447.46000000000004,3403.74,1073.05,320.93333333333334,309.0640763905626,7.383333333333334,7.589840788476117,0.7674264056902549,3,9,0.0,0.6666666666666666,4,9,1.8,0.0008046981992200313
ACC_00102,3,3,0,212.93,0.0,97.43,70.97666666666667,39.51802289251493,999.0,0.0,0.9953255737858178,2,0,0.0,1.0,2,0,0.0,0.0007039317081127775
ACC_00103,5,5,0,2877.85,0.0,1097.33,575.5699999999999,418.47524221870043,999.0,0.0,0.9996526390746305,5,0,0.0,0.4,3,0,0.0,0.0012945785680328911
ACC_00104,4,4,0,2214.3199999999997,0.0,1572.84,553.5799999999999,687.0244966035297,999.0,0.0,0.9995485979452179,4,0,0.0,0.5,4,0,0.0,0.001669367314991948
ACC_00105,3,3,0,724.01,0.0,428.24,241.33666666666667,186.3128343226342,999.0,0.0,0.9986207086798803,3,0,0.0,0.0,4,0,0.0,0.0008068694506645959
ACC_00106,3,3,0,485.05,0.0,318.35,161.68333333333334,141.37751212032745,999.0,0.0,0.9979425984980969,3,0,0.0,0.6666666666666666,4,0,0.0,0.0007649650258721233
ACC_00107,13,6,7,1762.97,2069.85,976.72,294.83230769230767,270.07986630975927,135.85,1.1734043095971018,0.08004548987693734,6,7,0.0,0.5384615384615384,0,7,7.0,0.0006714142405782801
ACC_00108,4,4,0,1460.4,0.0,654.08,365.1,314.1361768405543,999.0,0.0,0.9993157246475982,4,0,0.0,1.0,4,0,0.0,0.001058818233297237
ACC_00109,7,3,4,186.01000000000002,1855.5399999999997,1070.76,291.65,402.95745834186187,96.66666666666667,9.922143200898345,0.8173753396489681,3,4,0.0,0.5714285714285714,3,4,1.0,0.0007494552915470111
ACC_00110,22,3,19,980.9699999999999,5786.150000000001,1071.16,307.59636363636366,356.07545831567586,0.0,5.892389787875395,0.709972636418976,3,19,0.0,0.8181818181818182,4,19,3.8,0.0009393304770463574
ACC_00111,7,5,2,791.09,308.09,285.88,157.0257142857143,102.29157473567781,162.85,0.3889583254428158,0.43901906960679166,5,2,0.0,1.0,3,2,0.5,0.0008104502304796975
ACC_00112,21,3,18,893.87,6635.659999999999,2842.47,358.54904761904754,642.5721328995271,0.0,7.415222322795489,0.7624682459269135,3,18,0.0,0.6666666666666666,3,18,4.5,0.0008695687042916947
ACC_00113,4,4,0,884.5799999999999,0.0,570.79,221.14499999999998,241.95113976448494,999.0,0.0,0.9988707965401206,4,0,0.0,0.25,3,0,0.0,0.0007444123325517562
ACC_00114,5,5,0,723.7199999999999,0.0,450.62,144.74399999999997,173.09341431724084,999.0,0.0,0.9986201567501932,5,0,0.0,0.4,4,0,0.0,0.0007177787556570752
ACC_00115,6,6,0,2920.54,0.0,1223.05,486.75666666666666,409.6219577447804,999.0,0.0,0.9996577147668695,6,0,0.0,0.3333333333333333,3,0,0.0,0.0010214056759607812
ACC_00116,2,2,0,1198.73,0.0,661.13,599.365,87.3489006799742,999.0,0.0,0.9991664791244697,2,0,0.0,0.5,2,0,0.0,0.0008782542627699833
ACC_00117,1,1,0,169.41,0.0,169.41,169.41,0.0,999.0,0.0,0.9941317997770084,1,0,0.0,1.0,1,0,0.0,0.000716455461873393
ACC_00118,1,1,0,205.66,0.0,205.66,205.66,0.0,999.0,0.0,0.9951611342301364,1,0,0.0,1.0,1,0,0.0,0.0006939556646204188
ACC_00119,5,5,0,1028.13,0.0,622.84,205.62600000000003,242.1921528043384,999.0,0.0,0.999028305461895,5,0,0.0,0.2,2,0,0.0,0.0006802601721677549
ACC_00120,3,3,0,1559.69,0.0,810.03,519.8966666666666,256.6767752121982,999.0,0.0,0.9993592577641941,3,0,0.0,0.6666666666666666,4,0,0.0,0.0009768998158109653
ACC_00121,4,4,0,695.92,0.0,478.01,173.98,215.1706186572259,999.0,0.0,0.9985651150777708,4,0,0.0,0.75,4,0,0.0,0.0016894694831078138
ACC_00122,2,2,0,543.86,0.0,440.92,271.93,238.98794990542936,999.0,0.0,0.9981646661527732,2,0,0.0,0.5,4,0,0.0,0.0008014437932131388
ACC_00123,6,6,0,1196.8100000000002,0.0,310.11,199.46833333333336,101.86766187886452,999.0,0.0,0.999165143052738,6,0,0.0,0.6666666666666666,5,0,0.0,0.0009541032135042349
ACC_00124,36,16,20,25911.78,10432.439999999999,2874.83,1009.561666666667,947.5583672109221,78.33333333333333,0.40259825460641424,0.4258975458120765,16,20,0.0,0.9444444444444444,18,20,1.0526315789473684,0.010804825228304712
ACC_00125,5,5,0,1212.6399999999999,0.0,543.01,242.52799999999996,220.63841521820265,999.0,0.0,0.9991760324313635,5,0,0.0,0.8,4,0,0.0,0.0007939936771197396
ACC_00126,3,3,0,340.53,0.0,149.8,113.50999999999999,44.663556732530836,999.0,0.0,0.9970719995315199,3,0,0.0,0.6666666666666666,1,0,0.0,0.0006981528617478311
ACC_00127,5,5,0,1712.5500000000002,0.0,966.32,342.51000000000005,394.40111384224053,999.0,0.0,0.9994164162119576,5,0,0.0,0.6,4,0,0.0,0.001075025835608989
ACC_00128,5,5,0,960.0699999999999,0.0,496.29,192.01399999999998,185.86663883010314,999.0,0.0,0.9989594930650213,5,0,0.0,0.6,3,0,0.0,0.0008828643472368039
ACC_00129,16,0,16,0.0,3291.77,649.09,205.735625,156.8144516711284,999.0,3291.77,0.9996963043273597,0,16,0.0,0.8125,2,16,5.333333333333333,0.0007853670998036121
ACC_00130,4,3,1,805.97,878.87,878.87,421.21000000000004,333.88651335446303,160.51666666666668,1.089098727338067,0.0432425378446353,3,1,0.0,0.75,2,1,0.3333333333333333,0.0008014906180490763
ACC_00131,4,4,0,1183.31,0.0,465.52,295.8275,141.43402970407556,999.0,0.0,0.999155626482931,4,0,0.0,0.5,2,0,0.0,0.0008256331178296795
ACC_00132,4,3,1,752.13,50.43,452.09,200.64,189.31510258472954,161.45,0.06696055129924448,0.873239086067002,3,1,0.0,0.75,3,1,0.25,0.0007325606548561979
ACC_00133,18,1,17,298.4,4134.29,796.63,246.26055555555553,227.26810561335915,0.0,13.808583834335339,0.8651687420636085,1,17,0.0,0.7222222222222222,1,17,8.5,0.0007564954021295682
ACC_00134,2,2,0,155.98000000000002,0.0,79.87,77.99000000000001,2.658721497261422,999.0,0.0,0.9936297617530896,2,0,0.0,1.0,2,0,0.0,0.0007128148358401525
ACC_00135,5,4,1,897.48,2941.55,2941.55,767.8059999999999,1217.841777009641,49.05,3.2739181729142555,0.5323057371947615,4,1,0.0,0.6,6,1,0.14285714285714285,0.0011118601772595895
ACC_00136,5,5,0,1877.0500000000002,0.0,1261.13,375.41,531.6968776003862,999.0,0.0,0.9994675328132904,5,0,0.0,0.8,5,0,0.0,0.0009211259386189405
ACC_00137,1,1,0,211.43,0.0,211.43,211.43,0.0,999.0,0.0,0.995292566963235,1,0,0.0,0.0,0,0,0.0,0.0
ACC_00138,2,2,0,290.33,0.0,239.37,145.165,133.22598864335743,999.0,0.0,0.9965674664469846,2,0,0.0,1.0,2,0,0.0,0.000835999626042199
ACC_00139,2,2,0,662.65,0.0,376.69,331.325,64.15579825705547,999.0,0.0,0.9984931816469524,2,0,0.0,0.0,6,0,0.0,0.0008885920577468729
ACC_00140,1,1,0,230.55,0.0,230.55,230.55,0.0,999.0,0.0,0.9956812783416109,1,0,0.0,1.0,1,0,0.0,0.0007149662694082603
ACC_00141,7,7,0,2103.7,0.0,707.05,300.5285714285714,289.5673965549627,999.0,0.0,0.9995248729035017,7,0,0.0,0.5714285714285714,3,0,0.0,0.000764335638077497
ACC_00142,10,6,4,5886.119999999999,1587.7099999999998,2234.42,747.383,651.3505741500161,134.38333333333333,0.2696921414885377,0.5750512051779103,6,4,0.0,0.8,4,4,0.8,0.00175570038935745
ACC_00143,5,4,1,465.26,680.08,680.08,229.06799999999998,261.5308399978863,0.0,1.4585853386522543,0.18739640944222483,4,1,0.0,0.8,3,1,0.25,0.0008152062312975178
ACC_00144,1,1,0,301.74,0.0,301.74,301.74,0.0,999.0,0.0,0.9966968355684745,1,0,0.0,1.0,1,0,0.0,0.0007125480217102986
ACC_00145,5,5,0,1331.11,0.0,579.76,266.222,205.1294471059677,999.0,0.0,0.9992493112430655,5,0,0.0,0.8,4,0,0.0,0.0007760971799960206
ACC_00146,15,3,12,2111.46,4233.59,1692.23,423.00333333333333,421.86830239621776,18.05,2.0041042197248706,0.3344017144522971,3,12,0.0,0.9333333333333333,4,12,2.4,0.0011361842308237056
ACC_00147,4,4,0,827.2,0.0,326.16,206.8,112.90466096077111,999.0,0.0,0.9987925621830476,4,0,0.0,0.75,5,0,0.0,0.0009194686429186835
ACC_00148,6,6,0,1905.54,0.0,609.25,317.59,218.21480389744414,999.0,0.0,0.99947548963043,6,0,0.0,0.8333333333333334,5,0,0.0,0.0012975909819651183
ACC_00149,20,2,18,297.91999999999996,5217.59,830.99,275.7755,242.7679111387751,0.0,17.454803960926004,0.8918084078520658,2,18,0.0,0.5,4,18,3.6,0.0009202687452658127
ACC_00150,3,3,0,543.4,0.0,209.48,181.13333333333333,27.94887713904323,999.0,0.0,0.9981631153563556,3,0,0.0,0.6666666666666666,2,0,0.0,0.0007470321435732023
ACC_00151,6,6,0,1382.4299999999998,0.0,446.4,230.40499999999997,164.28599754696074,999.0,0.0,0.9992771589455195,6,0,0.0,0.8333333333333334,4,0,0.0,0.0008549628435777865
ACC_00152,4,4,0,1485.1799999999998,0.0,645.18,371.29499999999996,300.11058056434246,999.0,0.0,0.9993271339945363,4,0,0.0,1.0,5,0,0.0,0.0009320331565241008
ACC_00153,19,4,15,438.39,2726.89,922.39,166.59368421052628,202.77546340199729,0.0,6.2060811579690025,0.7227724648483395,4,15,0.0,0.631578947368421,1,15,7.5,0.0006873182289064193
ACC_00154,6,6,0,1583.29,0.0,997.6,263.88166666666666,376.476036497234,999.0,0.0,0.9993688024288483,6,0,0.0,0.8333333333333334,5,0,0.0,0.0007507858508591517
ACC_00155,4,3,1,729.24,2836.61,2836.61,891.4625,1301.4403035451403,92.86666666666666,3.8844900306748467,0.5908210325637466,3,1,0.0,0.75,2,1,0.3333333333333333,0.0008188697120951123
ACC_00156,3,2,1,367.67,761.87,761.87,376.5133333333333,372.8389674287458,35.06666666666667,2.0665364689288523,0.3486829302811046,2,1,0.0,0.6666666666666666,3,1,0.25,0.0007734305028329704
ACC_00157,6,5,1,1142.25,2815.11,2815.11,659.5600000000001,1090.0531446493792,0.0,2.4623748086595234,0.4226144160713023,4,1,0.0,0.6666666666666666,3,1,0.25,0.0007484733115110137
ACC_00158,2,2,0,380.58,0.0,291.19,190.29,142.6941484434453,999.0,0.0,0.9973793175742963,2,0,0.0,0.5,2,0,0.0,0.0007904643430659897
ACC_00159,7,4,3,1236.05,1027.8,641.24,323.40714285714284,198.88317372386282,126.16666666666667,0.8308475809385231,0.09194869417400711,4,3,0.0,0.5714285714285714,4,3,0.6,0.0010509276598433955
ACC_00160,2,2,0,468.39,0.0,294.84,234.195,85.76498149011633,999.0,0.0,0.9978695754063784,2,0,0.0,1.0,2,0,0.0,0.0007313404336644713
ACC_00161,2,2,0,461.99,0.0,329.03,230.995,138.64242658724635,999.0,0.0,0.9978401261366336,2,0,0.0,0.5,5,0,0.0,0.0009559327343175432
ACC_00162,1,1,0,77.94,0.0,77.94,77.94,0.0,999.0,0.0,0.9873321510007601,1,0,0.0,0.0,1,0,0.0,0.0006875778166788842
ACC_00163,5,5,0,1801.8799999999999,0.0,956.91,360.376,362.96623242389916,999.0,0.0,0.999445331913383,5,0,0.0,0.6,2,0,0.0,0.0012176485797800955
ACC_00164,4,4,0,1157.51,0.0,799.81,289.3775,344.39424050304126,999.0,0.0,0.9991368222976064,4,0,0.0,0.75,5,0,0.0,0.000880946667443486
ACC_00165,16,1,15,351.15,4256.490000000001,1447.03,287.97749999999996,359.5802410125821,0.0,12.087150362061625,0.8473953270379114,1,15,0.0,0.875,1,15,7.5,0.0007535605637325378
ACC_00166,1,1,0,12.07,0.0,12.07,12.07,0.0,999.0,0.0,0.9234889058913542,1,0,0.0,0.0,1,0,0.0,0.0006747115870719426
ACC_00167,1,1,0,13.97,0.0,13.97,13.97,0.0,999.0,0.0,0.9331997327989312,1,0,0.0,0.0,2,0,0.0,0.0006968415368193311
ACC_00168,14,1,13,490.93,3184.26,490.93,262.5135714285714,157.97816965094808,6.783333333333333,6.472994125180413,0.7326416752126523,1,13,0.0,0.7142857142857143,0,13,13.0,0.0006714142405782801
ACC_00169,17,2,15,179.71,5080.919999999999,1277.53,309.44882352941175,370.75099866491183,0.0,28.116429638647553,0.9315003145413113,2,14,0.0,0.5882352941176471,2,14,4.666666666666667,0.0007362215990799254
ACC_00170,4,4,0,995.62,0.0,368.27,248.905,107.05273638103169,999.0,0.0,0.9989966085368546,4,0,0.0,1.0,1,0,0.0,0.0007653442370051922
ACC_00171,4,4,0,1884.6700000000003,0.0,1277.53,471.1675000000001,548.0759081474633,999.0,0.0,0.9994696845153181,4,0,0.0,0.5,2,0,0.0,0.000891226997951106
ACC_00172,23,3,20,369.53999999999996,6293.44,1606.64,289.6947826086956,367.48256722870013,6.35,16.984509094834568,0.8889432441273833,3,20,0.0,0.7391304347826086,3,20,5.0,0.0007623252935637971
ACC_00173,3,3,0,2730.16,0.0,2099.81,910.0533333333333,1052.9778013013063,999.0,0.0,0.9996338552117049,3,0,0.0,1.0,3,0,0.0,0.0026068253965975136
ACC_00174,15,2,13,755.09,3064.7200000000003,666.46,254.65400000000002,197.58742986333922,11.083333333333334,4.053379888637596,0.6044870066818292,2,13,0.0,0.6,0,13,13.0,0.0006714142405782801
ACC_00175,2,1,1,214.85,1146.9,1146.9,680.875,659.0588754049217,0.0,5.313412091730369,0.6839478994679876,1,1,0.0,1.0,0,1,1.0,0.0006714142405782801
ACC_00176,10,4,6,964.0699999999999,990.8000000000001,561.76,195.48700000000002,185.75084734665413,106.33333333333333,1.0266612784564852,0.0136665524804819,4,6,0.0,0.4,2,6,2.0,0.0007221225359619317
ACC_00177,3,3,0,982.7700000000001,0.0,688.24,327.59000000000003,316.0637554355134,999.0,0.0,0.9989835022413776,3,0,0.0,0.6666666666666666,6,0,0.0,0.0011611997996598422
ACC_00178,1,1,0,302.29,0.0,302.29,302.29,0.0,999.0,0.0,0.9967028256783936,1,0,0.0,0.0,3,0,0.0,0.000749689745523782
ACC_00179,5,4,1,753.3399999999999,1530.75,1530.75,456.8179999999999,606.3485226501339,11.516666666666667,2.0292573640533447,0.3402097948002048,4,1,0.0,0.8,3,1,0.25,0.0007957210021494129
ACC_00180,24,4,20,3145.4799999999996,2888.7999999999997,2111.33,251.42833333333337,415.52827662550516,0.0,0.9181053113320282,0.04252992404660594,4,19,0.0,0.7916666666666666,2,19,6.333333333333333,0.0014464990122142346
ACC_00181,2,2,0,474.8,0.0,346.54,237.4,154.34726819739961,999.0,0.0,0.9978982765868012,2,0,0.0,0.5,1,0,0.0,0.000775379769429721
ACC_00182,15,5,10,973.0300000000001,3224.45,742.66,279.832,218.59015747675895,75.26666666666667,3.3104216502571786,0.5362464510965873,5,10,0.0,0.6,7,10,1.25,0.0009674259458429127
ACC_00183,5,5,0,1249.07,0.0,571.4,249.814,223.9737230792934,999.0,0.0,0.9992000447974914,5,0,0.0,0.4,4,0,0.0,0.001096287091420776
ACC_00184,7,7,0,1622.2,0.0,661.83,231.74285714285716,224.38218264932758,999.0,0.0,0.9993839329719073,7,0,0.0,0.8571428571428571,4,0,0.0,0.0010141331885614342
ACC_00185,4,4,0,2530.9500000000003,0.0,1702.88,632.7375000000001,740.5372043939904,999.0,0.0,0.9996050474930389,4,0,0.0,1.0,4,0,0.0,0.0016728712996188005
ACC_00186,3,3,0,805.17,0.0,447.23,268.39,171.8403992081024,999.0,0.0,0.9987595668407407,3,0,0.0,0.6666666666666666,4,0,0.0,0.0008969620205471734
ACC_00187,2,2,0,240.68,0.0,174.87,120.34,77.11706555620488,999.0,0.0,0.9958622972525654,2,0,0.0,1.0,2,0,0.0,0.0007398757058942058
ACC_00188,5,5,0,1755.39,0.0,1148.06,351.07800000000003,446.6952187118192,999.0,0.0,0.9994306503680845,4,0,0.0,0.8,4,0,0.0,0.0009072558806404011
ACC_00189,2,2,0,830.8199999999999,0.0,782.4,415.40999999999997,519.0022352553021,999.0,0.0,0.998797816835373,2,0,0.0,1.0,2,0,0.0,0.0008320036503293891
ACC_00190,6,6,0,1159.34,0.0,420.73,193.22333333333333,131.81197148463664,999.0,0.0,0.9991381836358308,6,0,0.0,0.5,6,0,0.0,0.0009212111654530474
ACC_00191,26,7,19,1044.23,5300.820000000001,1372.29,244.0403846153846,316.61008601092635,0.0,5.071438822077438,0.6707463697890813,7,19,0.0,0.6538461538461539,7,19,2.375,0.0008493386591886965
ACC_00192,4,4,0,588.8199999999999,0.0,319.59,147.20499999999998,123.16416835535676,999.0,0.0,0.998304567495168,4,0,0.0,0.5,6,0,0.0,0.0007975926521520259
ACC_00193,3,3,0,196.67999999999998,0.0,85.76,65.55999999999999,21.20260361370745,999.0,0.0,0.9949413193039255,3,0,0.0,0.6666666666666666,1,0,0.0,0.0013189438726977744
ACC_00194,4,4,0,1760.9099999999999,0.0,850.6,440.22749999999996,325.11612811168465,999.0,0.0,0.9994324341197904,4,0,0.0,0.5,5,0,0.0,0.0020927318888131203
ACC_00195,9,4,5,966.47,1704.39,907.55,296.7622222222222,293.20312783025435,142.0,1.7616980371484388,0.2761821352915198,4,5,0.0,0.5555555555555556,1,5,2.5,0.000748372495260458
ACC_00196,3,3,0,1109.9199999999998,0.0,897.73,369.9733333333333,460.9131495556764,999.0,0.0,0.9990998451733698,3,0,0.0,0.6666666666666666,3,0,0.0,0.0008736567611723918
ACC_00197,4,4,0,733.29,0.0,332.73,183.3225,156.07168425117993,999.0,0.0,0.9986381402443176,4,0,0.0,0.5,5,0,0.0,0.0009317339190899839
ACC_00198,5,4,1,1945.4299999999998,2069.6,2069.6,803.0059999999999,771.6122163237179,106.28333333333333,1.0632799535559974,0.030918593735604585,4,1,0.0,1.0,4,1,0.2,0.0017513161681617332
ACC_00199,6,5,1,861.77,1955.19,1955.19,469.4933333333333,732.7317477130814,137.18333333333334,2.266177544420877,0.38801828272935035,5,1,0.0,1.0,1,1,0.5,0.0007170696263562035
ACC_00200,4,4,0,621.59,0.0,314.65,155.3975,116.9951011438798,999.0,0.0,0.9983938065179332,4,0,0.0,1.0,3,0,0.0,0.0007462524217056233
ACC_00201,5,5,0,2904.6000000000004,0.0,1120.93,580.9200000000001,505.5277871690141,999.0,0.0,0.9996558370044053,5,0,0.0,0.8,3,0,0.0,0.0007950246267095361
ACC_00202,18,2,16,1297.1,3987.21,838.34,293.5727777777778,255.26211902567354,0.0,3.0715738386873124,0.5089786597191083,2,16,0.0,0.7222222222222222,3,16,4.0,0.000872722598658111
ACC_00203,20,7,13,2825.8599999999997,4338.3099999999995,1605.41,358.2084999999999,415.04816848263465,0.0,1.5346745151864614,0.21108361699722408,7,13,0.0,0.6,4,13,2.6,0.0013786632055047875
ACC_00204,6,6,0,1942.42,0.0,665.91,323.7366666666667,228.63034353879337,999.0,0.0,0.9994854431877823,6,0,0.0,0.8333333333333334,1,0,0.0,0.000774980154689009
ACC_00205,5,4,1,994.2300000000001,943.32,943.32,387.51,335.8918974164159,52.583333333333336,0.9478412025360972,0.026261896778520068,3,1,0.0,1.0,1,1,0.5,0.0006800636471838292
ACC_00206,18,0,18,0.0,5062.04,1725.44,281.22444444444443,375.65862131371387,999.0,5062.04,0.9998024902035141,0,18,0.0,0.5555555555555556,4,18,3.6,0.0009651570476905678
ACC_00207,12,1,11,185.93,2921.06,904.3,258.9158333333333,233.7416563200544,35.6,15.626491199914405,0.8800317890340703,1,11,0.0,0.8333333333333334,2,11,3.6666666666666665,0.0007377863526127327
ACC_00208,10,10,0,2153.23,0.0,463.56,215.323,132.82837757798595,999.0,0.0,0.999535797013318,10,0,0.0,0.6,6,0,0.0,0.0010046388786440744
ACC_00209,17,1,16,742.66,6020.76,1327.42,397.84823529411767,334.93394636546054,0.0,8.09611919425544,0.7802738446163899,1,16,0.0,0.7647058823529411,4,16,3.2,0.0014653421652412887
ACC_00210,12,3,9,1471.53,2213.68,770.57,307.10083333333336,245.92552573560423,82.85,1.5033174196790557,0.20133144883226942,3,9,0.0,1.0,3,9,2.25,0.0008840598391020046
ACC_00211,4,4,0,559.76,0.0,318.78,139.94,139.48063832183541,999.0,0.0,0.9982167058991369,3,0,0.0,0.5,4,0,0.0,0.0007782678579681271
ACC_00212,1,1,0,150.73,0.0,150.73,150.73,0.0,999.0,0.0,0.993409345548013,1,0,0.0,0.0,2,0,0.0,0.0007814389510487605
ACC_00213,4,4,0,1233.98,0.0,635.29,308.495,243.64541688007728,999.0,0.0,0.999190270287778,4,0,0.0,0.75,3,0,0.0,0.0008002592216226091
ACC_00214,9,7,2,2936.59,362.66999999999996,885.9,366.58444444444444,336.6278412472411,138.6,0.12345834510602226,0.7799143097816535,7,2,0.0,0.5555555555555556,5,2,0.3333333333333333,0.0012075865670434184
ACC_00215,7,7,0,3275.9800000000005,0.0,1274.59,467.99714285714293,383.2123070272441,999.0,0.0,0.9996948409816355,7,0,0.0,0.8571428571428571,7,0,0.0,0.0017259046803379534
ACC_00216,20,5,15,1282.9099999999999,2842.2,425.2,206.25549999999998,122.96710734668245,33.45,2.2137065682173986,0.3779080053609817,5,15,0.0,0.65,1,15,7.5,0.00072946052012504
ACC_00217,3,2,1,296.45000000000005,2097.12,2097.12,797.8566666666666,1125.503661936883,35.5,7.05032778618255,0.751980522599047,2,1,0.0,1.0,2,1,0.3333333333333333,0.0007220024171947933
ACC_00218,5,5,0,2246.36,0.0,829.96,449.27200000000005,350.1119244184637,999.0,0.0,0.9995550334614837,5,0,0.0,0.6,5,0,0.0,0.0012152327544987511
ACC_00219,3,3,0,938.5699999999999,0.0,774.51,312.8566666666666,405.4482784934884,999.0,0.0,0.9989356833445087,3,0,0.0,0.6666666666666666,4,0,0.0,0.00112998182063332
ACC_00220,7,7,0,1663.63,0.0,738.62,237.6614285714286,231.05219644260555,999.0,0.0,0.9993992659029334,7,0,0.0,0.8571428571428571,5,0,0.0,0.0009658860787607343
ACC_00221,3,3,0,551.3900000000001,0.0,273.41,183.7966666666667,94.1647547298528,999.0,0.0,0.9981896848241278,3,0,0.0,0.6666666666666666,4,0,0.0,0.0009613394671966532
ACC_00222,4,3,1,166.5,2228.22,2228.22,598.6800000000001,1086.797010884124,164.83333333333334,13.302805970149253,0.8605847093984272,3,1,0.0,1.0,1,1,0.5,0.0006760986494275115
ACC_00223,24,5,19,624.51,6641.719999999999,1554.0,302.7595833333333,368.2950418568523,13.333333333333334,10.618087640485363,0.8279922336295947,5,19,0.0,0.6666666666666666,4,19,3.8,0.0007100278486716295
ACC_00224,3,3,0,828.8799999999999,0.0,425.84,276.2933333333333,167.2011262920598,999.0,0.0,0.9987950065069648,3,0,0.0,1.0,4,0,0.0,0.0008545514088947467
ACC_00225,5,5,0,2144.4700000000003,0.0,1606.64,428.89400000000006,661.2234773735731,999.0,0.0,0.9995339016625727,5,0,0.0,0.8,9,0,0.0,0.0011087816278995695
ACC_00226,4,3,1,1136.71,39.11,857.74,293.955,388.57438073896054,167.51666666666668,0.03437607123080574,0.9326829931510343,3,1,0.0,0.5,1,1,0.5,0.000716650233496817
ACC_00227,4,4,0,932.5500000000001,0.0,531.1,233.13750000000002,208.58101165973858,999.0,0.0,0.998928820095335,4,0,0.0,1.0,2,0,0.0,0.0006969087550655262
ACC_00228,4,4,0,1022.7199999999999,0.0,675.62,255.67999999999998,309.9499444534015,999.0,0.0,0.9990231703981557,4,0,0.0,0.75,3,0,0.0,0.0008435476553138276
ACC_00229,2,2,0,376.98,0.0,284.12,188.49,135.2412429697391,999.0,0.0,0.997354357373406,2,0,0.0,1.0,5,0,0.0,0.0012525091962811024
ACC_00230,6,6,0,1732.2899999999997,0.0,860.18,288.715,310.7031664305982,999.0,0.0,0.9994230624996394,6,0,0.0,0.8333333333333334,5,0,0.0,0.0010548789978019081
ACC_00231,2,2,0,181.11,0.0,154.18,90.555,89.97933790598817,999.0,0.0,0.9945088133545659,2,0,0.0,1.0,7,0,0.0,0.001011087049898465
ACC_00232,3,3,0,2184.19,0.0,1702.29,728.0633333333334,869.4712235222815,999.0,0.0,0.9995423738896847,3,0,0.0,1.0,3,0,0.0,0.0013858244457571973
ACC_00233,2,2,0,731.79,0.0,625.55,365.895,367.20762253798597,999.0,0.0,0.998635352556667,2,0,0.0,1.0,3,0,0.0,0.0013002955897710013
ACC_00234,4,4,0,769.6700000000001,0.0,272.69,192.41750000000002,71.54957506279592,999.0,0.0,0.9987024277576654,4,0,0.0,0.75,4,0,0.0,0.0009211965648814524
ACC_00235,20,5,15,1350.85,3102.0800000000004,656.92,222.6465,185.67385523730638,0.0,2.29469245848282,0.39318758938735016,5,15,0.0,0.65,0,15,15.0,0.0006714142405782801
ACC_00236,6,6,0,2514.54,0.0,704.07,419.09,169.2697830092542,999.0,0.0,0.9996024710400153,6,0,0.0,0.5,6,0,0.0,0.0013522616328023864
ACC_00237,10,4,6,1108.73,1176.34,648.52,228.50699999999998,218.56918564203468,130.81666666666666,1.0600236093464175,0.029574772426041156,4,6,0.0,0.6,1,6,3.0,0.0010119027367728808
ACC_00238,24,2,22,178.20999999999998,5819.600000000001,756.38,249.90874999999997,218.37274229314986,0.0,32.47363428380114,0.9404181829396163,2,21,0.0,0.6666666666666666,4,21,4.2,0.0007253344453635356
ACC_00239,4,4,0,691.3199999999999,0.0,316.36,172.82999999999998,116.61205169278173,999.0,0.0,0.9985555812341114,4,0,0.0,1.0,3,0,0.0,0.0008075301462715336
ACC_00240,2,2,0,710.9200000000001,0.0,696.73,355.46000000000004,482.6286624310662,999.0,0.0,0.9985953477918867,2,0,0.0,0.0,3,0,0.0,0.0008384014243934868
ACC_00241,2,2,0,508.21,0.0,450.13,254.105,277.2212135641859,999.0,0.0,0.9980361736807997,2,0,0.0,1.0,2,0,0.0,0.0007090523463560039
ACC_00242,5,5,0,2719.2799999999997,0.0,1050.25,543.856,335.96059512984556,999.0,0.0,0.9996323907833017,5,0,0.0,0.8,6,0,0.0,0.0013309484195408998
ACC_00243,2,2,0,1309.9,0.0,1263.39,654.95,860.4640998902861,999.0,0.0,0.9992371653062782,2,0,0.0,0.5,2,0,0.0,0.000851889178285185
ACC_00244,4,4,0,1041.64,0.0,625.03,260.41,251.28529058953424,999.0,0.0,0.9990408961866032,4,0,0.0,0.75,3,0,0.0,0.0011378154801744422
ACC_00245,11,1,10,111.91,2493.9000000000005,1183.65,236.89181818181822,325.4541117213971,0.0,22.087503321229303,0.9137566604393877,1,10,0.0,0.8181818181818182,1,10,5.0,0.0006783839112129305
ACC_00246,3,3,0,348.88,0.0,186.21,116.29333333333334,61.614358986630165,999.0,0.0,0.9971418772150452,3,0,0.0,0.6666666666666666,4,0,0.0,0.0007729264675415332
ACC_00247,2,2,0,787.43,0.0,598.28,393.715,289.2985973868521,999.0,0.0,0.9987316565833365,2,0,0.0,1.0,0,0,0.0,0.0
ACC_00248,5,5,0,1637.8799999999999,0.0,671.68,327.57599999999996,286.660788267248,999.0,0.0,0.9993898271990628,5,0,0.0,0.6,5,0,0.0,0.0014125130759487501
ACC_00249,5,5,0,1370.27,0.0,678.29,274.054,288.40831546611133,999.0,0.0,0.9992707490136881,5,0,0.0,0.8,2,0,0.0,0.0007659421381558862
ACC_00250,4,4,0,1747.21,0.0,1171.82,436.8025,537.1694801689686,999.0,0.0,0.9994279863403138,4,0,0.0,1.0,4,0,0.0,0.0010593805713994455
ACC_00251,7,7,0,2940.04,0.0,883.63,420.0057142857143,255.09980183300436,999.0,0.0,0.999659984223268,7,0,0.0,0.5714285714285714,5,0,0.0,0.0014166871382036057
ACC_00252,3,3,0,392.28,0.0,175.11,130.76,42.288354188830766,999.0,0.0,0.9974572823433686,3,0,0.0,0.6666666666666666,3,0,0.0,0.0007624755501646505
ACC_00253,3,2,1,783.26,1188.07,1188.07,657.11,464.11648548613306,29.466666666666665,1.5148930201718818,0.20524455846638237,2,1,0.0,1.0,3,1,0.25,0.0008328886986264474
ACC_00254,3,2,1,45.61,1155.59,1155.59,400.40000000000003,654.0469754535984,16.783333333333335,24.79274833726668,0.9232906338379638,2,1,0.0,1.0,4,1,0.2,0.0012583278779361943
ACC_00255,23,4,19,2145.3599999999997,6664.509999999999,1106.59,383.0378260869565,325.14841914475306,0.0,3.105028979295179,0.5129062169797081,4,19,0.0,0.5652173913043478,3,19,4.75,0.0011554852066299893
ACC_00256,3,3,0,1184.55,0.0,825.48,394.84999999999997,401.7654237238441,999.0,0.0,0.9991565096368774,3,0,0.0,0.6666666666666666,1,0,0.0,0.0006747648297034047
ACC_00257,3,3,0,1582.43,0.0,845.99,527.4766666666667,312.2273146816808,999.0,0.0,0.9993684596098343,3,0,0.0,0.6666666666666666,3,0,0.0,0.0014165293463542482
ACC_00258,4,4,0,954.5200000000001,0.0,457.33,238.63000000000002,181.9445862527013,999.0,0.0,0.9989534494306765,4,0,0.0,0.75,6,0,0.0,0.0009578147337129877
ACC_00259,3,3,0,970.28,0.0,630.84,323.4266666666667,305.2045146018213,999.0,0.0,0.9989704307717651,3,0,0.0,0.6666666666666666,1,0,0.0,0.0008880033653589784
ACC_00260,26,3,23,959.4499999999999,9506.529999999997,2717.47,402.5376923076923,535.1179440482832,0.0,9.89799573116768,0.8165755547445394,3,23,0.0,0.6923076923076923,3,23,5.75,0.0009161733470128329
ACC_00261,2,2,0,2345.64,0.0,1952.05,1172.82,1101.9976342079867,999.0,0.0,0.99957385879385,2,0,0.0,1.0,3,0,0.0,0.001550996382436946
ACC_00262,3,3,0,1469.62,0.0,865.93,489.8733333333333,335.6338725953227,999.0,0.0,0.9993200146876827,3,0,0.0,0.3333333333333333,2,0,0.0,0.001138282498420033
ACC_00263,5,2,3,63.98,496.65,386.59,112.126,156.08660330085982,148.9,7.643120960295477,0.7703826362551858,2,3,0.0,0.4,2,3,1.0,0.0006860691827614781
ACC_00264,3,3,0,1370.08,0.0,919.93,456.6933333333333,402.11787156670033,999.0,0.0,0.9992706479563556,3,0,0.0,0.6666666666666666,2,0,0.0,0.0007573112350902651
ACC_00265,3,3,0,1510.26,0.0,888.71,503.42,338.1482841890522,999.0,0.0,0.999338300490981,3,0,0.0,1.0,4,0,0.0,0.0015533048919218742
ACC_00266,4,4,0,1285.46,0.0,1069.29,321.365,500.280328915699,999.0,0.0,0.9992226730718405,4,0,0.0,0.75,4,0,0.0,0.001021529543456159
ACC_00267,3,3,0,603.26,0.0,301.4,201.08666666666667,141.43502300821154,999.0,0.0,0.9983450832423129,3,0,0.0,1.0,3,0,0.0,0.000799500805516398
ACC_00268,3,2,1,920.03,2332.13,2332.13,1084.0533333333333,1135.269450409608,0.0,2.53208907418868,0.43407025784160636,2,1,0.0,0.6666666666666666,2,1,0.3333333333333333,0.000774105793711795
ACC_00269,4,4,0,2539.9900000000002,0.0,1798.32,634.9975000000001,776.6277422023586,999.0,0.0,0.9996064526031193,4,0,0.0,1.0,2,0,0.0,0.0014013782794751201
ACC_00270,6,5,1,548.5,2874.83,2874.83,570.555,1129.1615126765525,17.0,5.23171974522293,0.6793533333528019,5,1,0.0,0.8333333333333334,4,1,0.2,0.0007677510670643297
ACC_00271,7,7,0,739.0500000000001,0.0,309.35,105.57857142857144,116.67100188544016,999.0,0.0,0.9986487399500034,7,0,0.0,0.7142857142857143,5,0,0.0,0.0008346802736646437
ACC_00272,1,1,0,58.06,0.0,58.06,58.06,0.0,999.0,0.0,0.9830680663731798,1,0,0.0,0.0,2,0,0.0,0.0007194767814786784
ACC_00273,3,3,0,1037.54,0.0,852.51,345.84666666666664,439.239114871767,999.0,0.0,0.9990371097887419,3,0,0.0,1.0,4,0,0.0,0.0008825554213558061
ACC_00274,1,0,1,0.0,2984.09,2984.09,2984.09,0.0,999.0,2984.09,0.9996650017252411,0,1,0.0,1.0,1,1,0.5,0.000687357228420114
ACC_00275,4,4,0,1004.8800000000001,0.0,334.51,251.22000000000003,84.54987758713787,999.0,0.0,0.9990058456277091,4,0,0.0,0.75,3,0,0.0,0.0008279711206164559
ACC_00276,3,3,0,1314.23,0.0,574.81,438.07666666666665,167.53803667625252,999.0,0.0,0.9992396767105374,3,0,0.0,0.3333333333333333,3,0,0.0,0.0009752604130576319
ACC_00277,3,3,0,522.7,0.0,256.83,174.23333333333335,71.93394910147316,999.0,0.0,0.9980905098338744,3,0,0.0,1.0,0,0,0.0,0.0
ACC_00278,2,1,1,382.14,1699.45,1699.45,1040.795,931.478833924851,0.0,4.4355849036905575,0.6325344883054274,1,1,0.0,0.5,1,1,0.5,0.000743486857790586
ACC_00279,4,4,0,921.0200000000001,0.0,663.42,230.25500000000002,296.77634480081684,999.0,0.0,0.9989154248280948,4,0,0.0,1.0,2,0,0.0,0.000789334046310047
ACC_00280,3,3,0,184.61999999999998,0.0,143.73,61.53999999999999,71.47799171773084,999.0,0.0,0.9946126494989764,3,0,0.0,1.0,5,0,0.0,0.0007274346207470762
ACC_00281,4,4,0,479.02,0.0,231.9,119.755,108.52400548572959,999.0,0.0,0.9979167534686054,4,0,0.0,0.5,2,0,0.0,0.0006883962399447487
ACC_00282,3,3,0,1009.08,0.0,727.33,336.36,344.2277410378194,999.0,0.0,0.9990099794075716,3,0,0.0,0.3333333333333333,3,0,0.0,0.0007794062934456262
ACC_00283,4,4,0,241.03000000000003,0.0,117.06,60.25750000000001,38.51787582841677,999.0,0.0,0.9958682807916374,4,0,0.0,0.75,5,0,0.0,0.0007659216339157783
ACC_00284,18,3,15,596.64,3419.1099999999997,772.43,223.0972222222222,200.2513007317836,0.0,5.721019342748142,0.7026750482355139,3,15,0.0,0.5555555555555556,3,15,3.75,0.0009887460844195375
ACC_00285,2,2,0,464.72999999999996,0.0,399.71,232.36499999999998,236.66156859532558,999.0,0.0,0.9978528331866102,2,0,0.0,0.5,1,0,0.0,0.0006942909183643845
ACC_00286,13,1,12,48.58,3334.77,1022.04,260.2576923076923,260.50743368004703,0.0,67.26038725292457,0.9709959076336667,1,11,0.0,0.5384615384615384,2,11,3.6666666666666665,0.001139218922257127
ACC_00287,5,5,0,829.18,0.0,379.79,165.83599999999998,172.82082608875587,999.0,0.0,0.9987954419523477,5,0,0.0,0.4,4,0,0.0,0.0008474502838282801
ACC_00288,5,5,0,1353.2799999999997,0.0,622.79,270.65599999999995,236.0973777490974,999.0,0.0,0.9992616002599167,5,0,0.0,0.6,4,0,0.0,0.0007974099851545216
ACC_00289,3,1,2,116.29,3272.17,2467.97,1129.4866666666667,1209.1146625665133,1.0333333333333334,27.898115781396537,0.931086367739994,1,2,0.0,1.0,1,2,1.0,0.000697898697853853
ACC_00290,5,5,0,2170.2,0.0,1161.52,434.03999999999996,492.1296295184837,999.0,0.0,0.9995394252026529,5,0,0.0,0.8,5,0,0.0,0.0013075793809453635
ACC_00291,14,3,11,1421.7800000000002,3414.3599999999997,865.93,345.4385714285714,239.11451443437474,0.0,2.399780711002403,0.41193349789338324,3,11,0.0,0.7142857142857143,4,11,2.2,0.0019459367507549201
ACC_00292,26,4,22,762.25,3993.2400000000002,524.64,182.90346153846156,144.4484177813605,0.0,5.231889944317065,0.6792803096400918,4,22,0.0,0.6923076923076923,6,22,3.142857142857143,0.0008635495775912692
ACC_00293,1,1,0,291.53,0.0,291.53,291.53,0.0,999.0,0.0,0.996581547191741,1,0,0.0,1.0,1,0,0.0,0.0007332248073209668
ACC_00294,2,2,0,504.35,0.0,408.91,252.175,221.65676269854708,999.0,0.0,0.9980211734441476,2,0,0.0,0.5,2,0,0.0,0.0007605406447270741
ACC_00295,12,4,8,1314.36,2148.4700000000003,865.14,288.5691666666667,265.09407446682815,53.13333333333333,1.6333703320763902,0.24080569773920787,4,8,0.0,0.75,2,8,2.6666666666666665,0.0008856888304541832
ACC_00296,3,3,0,1003.0999999999999,0.0,760.0,334.3666666666666,382.13530814795604,999.0,0.0,0.9990040832586395,3,0,0.0,1.0,3,0,0.0,0.0008088485329668148
ACC_00297,4,4,0,646.71,0.0,419.57,161.6775,181.8773156782707,999.0,0.0,0.9984560991801886,4,0,0.0,0.5,3,0,0.0,0.0007728384921154023
ACC_00298,8,5,3,1380.16,1236.0500000000002,798.03,327.02625,267.11417451491735,146.9,0.894936140635408,0.05506245200041261,5,3,0.0,0.875,4,3,0.6,0.0009021765997206969
ACC_00299,1,1,0,161.93,0.0,161.93,161.93,0.0,999.0,0.0,0.9938623948935126,1,0,0.0,0.0,2,0,0.0,0.0007803609645124776
ACC_00300,22,3,19,808.7599999999999,4440.259999999999,1275.86,238.59181818181816,278.34724720231776,26.566666666666666,5.483427188302707,0.6917116506222833,3,19,0.0,0.6363636363636364,3,19,4.75,0.0008172947645913682
ACC_00301,16,2,14,1011.98,3013.2999999999997,866.69,251.57999999999998,256.98264128146866,0.0,2.9746885427155516,0.4970642876302691,2,14,0.0,0.6875,4,14,2.8,0.001157170315971879
ACC_00302,7,7,0,1792.0299999999997,0.0,1231.35,256.0042857142857,435.0657781629938,999.0,0.0,0.999442284847437,6,0,0.0,0.5714285714285714,5,0,0.0,0.0008120621999558406
ACC_00303,3,3,0,562.5,0.0,333.59,187.5,128.56364221660803,999.0,0.0,0.9982253771073647,3,0,0.0,0.6666666666666666,4,0,0.0,0.0007960413283391945
ACC_00304,2,2,0,221.85000000000002,0.0,135.62,110.92500000000001,34.924003922803585,999.0,0.0,0.9955126766883554,2,0,0.0,1.0,2,0,0.0,0.0007202969760748913
ACC_00305,2,2,0,559.06,0.0,379.65,279.53,141.59106186479426,999.0,0.0,0.9982144770203193,2,0,0.0,0.0,1,0,0.0,0.0007283343724183587
ACC_00306,4,4,0,755.7399999999999,0.0,305.78,188.93499999999997,124.07548683496402,999.0,0.0,0.9986785421677195,4,0,0.0,0.75,4,0,0.0,0.0008654400915642658
ACC_00307,4,4,0,473.6,0.0,250.48,118.4,94.70596883688658,999.0,0.0,0.9978929624947324,4,0,0.0,0.5,3,0,0.0,0.0014279616781695517
ACC_00308,2,2,0,228.91,0.0,218.09,114.455,146.5620225365357,999.0,0.0,0.9956504719237963,2,0,0.0,0.0,4,0,0.0,0.0013675878506352358
ACC_00309,2,2,0,604.97,0.0,317.86,302.485,21.743533521486338,999.0,0.0,0.9983497532881166,2,0,0.0,0.5,2,0,0.0,0.0007984140433847076
ACC_00310,2,2,0,33.42,0.0,19.31,16.71,3.6769552621700465,999.0,0.0,0.9709471237652527,2,0,0.0,0.5,4,0,0.0,0.001131213487197028
ACC_00311,2,2,0,676.33,0.0,373.04,338.165,49.32069798776169,999.0,0.0,0.9985236147815688,2,0,0.0,1.0,2,0,0.0,0.0007689613152627942
ACC_00312,22,5,17,973.1,3270.81,736.12,192.905,209.05119267663557,34.583333333333336,3.3577764089929163,0.541285916544756,5,17,0.0,0.8636363636363636,6,17,2.4285714285714284,0.000815863630229542
ACC_00313,16,1,15,190.44,3361.7900000000004,1108.89,222.01437500000003,288.0099451516389,0.0,17.56054116172169,0.8925259552576107,1,15,0.0,0.625,1,15,7.5,0.0006870137601325745
ACC_00314,5,5,0,1224.84,0.0,580.77,244.968,192.02241866511318,999.0,0.0,0.9991842328525745,5,0,0.0,0.8,2,0,0.0,0.0007510805044505329
ACC_00315,5,5,0,3393.1299999999997,0.0,1088.44,678.626,369.8505399211957,999.0,0.0,0.9997053736892813,5,0,0.0,0.8,2,0,0.0,0.0009200937123158785
ACC_00316,3,3,0,1166.69,0.0,1112.68,388.8966666666667,626.8187381000454,999.0,0.0,0.9991436083207016,3,0,0.0,0.6666666666666666,3,0,0.0,0.0011523679750622996
ACC_00317,5,5,0,201.55,0.0,103.97,40.31,38.95427640195618,999.0,0.0,0.99506294742039,5,0,0.0,0.8,4,0,0.0,0.0007081091838889669
ACC_00318,28,3,25,839.8900000000001,6827.46,711.77,273.8339285714286,231.1431968593605,16.516666666666666,8.11932595226486,0.7808159512802623,3,25,0.0,0.7857142857142857,2,25,8.333333333333334,0.0007407912465084547
ACC_00319,16,4,12,1126.49,2555.51,654.02,230.125,203.11157866223843,52.36666666666667,2.2665478186059302,0.3880043442845507,4,12,0.0,0.6875,3,12,3.0,0.0008647940171804766
ACC_00320,6,5,1,921.68,43.48,427.65,160.85999999999999,140.64143116450427,166.43333333333334,0.04712359647981965,0.9089591786039579,5,1,0.0,0.5,3,1,0.25,0.0007618248988079479
ACC_00321,3,3,0,737.9200000000001,0.0,408.47,245.97333333333336,144.30204653203413,999.0,0.0,0.9986466735235208,3,0,0.0,1.0,3,0,0.0,0.0008169341110287642
ACC_00322,5,5,0,1881.38,0.0,1323.1,376.276,556.9844348633092,999.0,0.0,0.999468757636609,5,0,0.0,1.0,5,0,0.0,0.0016937153133916374
ACC_00323,6,6,0,1720.8999999999999,0.0,664.02,286.81666666666666,229.91341636943824,999.0,0.0,0.9994192461815437,6,0,0.0,0.6666666666666666,5,0,0.0,0.0010219159694691852
ACC_00324,4,4,0,555.95,0.0,296.88,138.9875,108.98531135738736,999.0,0.0,0.9982045066882126,4,0,0.0,0.25,6,0,0.0,0.0019699317753430895
ACC_00325,2,2,0,460.24,0.0,239.79,230.12,13.675445148147832,999.0,0.0,0.9978319313155841,2,0,0.0,1.0,2,0,0.0,0.0007875901387293012
ACC_00326,4,4,0,1590.64,0.0,718.69,397.66,276.0814583898504,999.0,0.0,0.9993717172224875,4,0,0.0,0.5,3,0,0.0,0.0010927724450733405
ACC_00327,4,4,0,967.45,0.0,372.34,241.8625,121.46711087780098,999.0,0.0,0.998967422169446,4,0,0.0,0.5,3,0,0.0,0.0007546905211983429
ACC_00328,4,4,0,997.2399999999999,0.0,355.75,249.30999999999997,108.10959470216632,999.0,0.0,0.9989982368969386,4,0,0.0,0.75,3,0,0.0,0.0008190911213203035
ACC_00329,6,6,0,1473.5000000000002,0.0,529.35,245.58333333333337,198.06011952603347,999.0,0.0,0.9993218040013564,6,0,0.0,0.5,2,0,0.0,0.0007150489104889323
ACC_00330,3,3,0,1041.18,0.0,518.49,347.06,173.4283993468198,999.0,0.0,0.9990404728549771,3,0,0.0,0.6666666666666666,5,0,0.0,0.0016775973024000929
ACC_00331,5,5,0,891.75,0.0,346.31,178.35,105.49386498749584,999.0,0.0,0.9988798655838701,5,0,0.0,0.8,5,0,0.0,0.0009010754087487975
ACC_00332,4,4,0,794.06,0.0,450.62,198.515,174.25673062084766,999.0,0.0,0.9987422332905692,4,0,0.0,0.75,4,0,0.0,0.0008007572070271665
ACC_00333,18,1,17,123.99,3486.8700000000003,777.32,200.60333333333335,231.74211671343542,0.0,27.89719177534203,0.9310659881612245,1,17,0.0,0.6111111111111112,4,17,3.4,0.002000620228522834
ACC_00334,19,3,16,1672.68,4633.3,1875.82,331.8936842105263,456.11123330475385,45.016666666666666,2.7683308637254433,0.46941959543236217,3,16,0.0,0.5263157894736842,3,16,4.0,0.0009867302182853888
ACC_00335,22,3,19,862.8899999999999,4305.68,522.38,234.93500000000003,162.8319604976978,26.566666666666666,4.984060470661775,0.6659722181922288,3,19,0.0,0.7272727272727273,5,19,3.1666666666666665,0.0013819482666885129
ACC_00336,17,2,15,382.01,4637.739999999999,1263.39,295.27941176470586,346.47666753099315,0.0,12.108665570089551,0.8476283423791265,2,15,0.0,0.7647058823529411,2,15,5.0,0.0007596735946619425
ACC_00337,5,5,0,1161.1200000000001,0.0,801.74,232.22400000000002,319.27581881501766,999.0,0.0,0.9991395036657144,5,0,0.0,0.6,4,0,0.0,0.0008760545416991619
ACC_00338,3,2,1,581.4300000000001,1463.11,1463.11,681.5133333333333,683.1946728666239,79.38333333333334,2.5120787047370494,0.4310255482659835,2,1,0.0,1.0,4,1,0.2,0.000866806739167009
ACC_00339,3,2,1,1590.17,2602.73,2602.73,1397.6333333333332,1192.6269718706405,0.0,1.6357334539992583,0.24143637187343522,2,1,0.0,0.3333333333333333,3,1,0.25,0.0009003725285482249
ACC_00340,23,4,19,532.6600000000001,3476.16,567.06,174.29652173913044,159.34262397307415,0.0,6.5138102911966405,0.7340728511504258,4,18,0.0,0.6521739130434783,4,18,3.6,0.0008033666988800068
ACC_00341,5,5,0,967.27,0.0,618.59,193.454,242.8663927553584,999.0,0.0,0.9989672302147128,5,0,0.0,0.8,5,0,0.0,0.00145128167711648
ACC_00342,3,3,0,1017.67,0.0,900.66,339.2233333333333,486.95617876081354,999.0,0.0,0.9990183278196079,3,0,0.0,0.6666666666666666,3,0,0.0,0.0010242028171692542
ACC_00343,16,6,10,2327.56,3821.3900000000003,1165.78,384.309375,365.9671269839911,28.65,1.641095784519188,0.24290116179806343,5,10,0.0,0.75,4,10,2.0,0.0011308760548598337
ACC_00344,3,3,0,750.14,0.0,331.34,250.04666666666665,95.91493175378552,999.0,0.0,0.9986686902574753,3,0,0.0,0.3333333333333333,2,0,0.0,0.0007672246249572766
ACC_00345,8,8,0,2116.96,0.0,613.21,264.62,206.05598531883098,999.0,0.0,0.9995278475514174,8,0,0.0,0.75,4,0,0.0,0.0009447585100393742
ACC_00346,6,6,0,1417.06,0.0,546.0,236.17666666666665,210.63067579691867,999.0,0.0,0.9992948112209639,6,0,0.0,0.6666666666666666,3,0,0.0,0.0007680555283327646
ACC_00347,2,2,0,430.26,0.0,410.84,215.13,276.7757362920384,999.0,0.0,0.9976812131892594,2,0,0.0,1.0,3,0,0.0,0.0009311414059277707
ACC_00348,12,0,12,0.0,3880.2599999999998,738.04,323.35499999999996,242.14228031919956,999.0,3880.2599999999998,0.9997423517105269,0,12,0.0,0.5833333333333334,1,12,6.0,0.0008414086991018214
ACC_00349,4,4,0,2911.29,0.0,1872.88,727.8225,780.7965796704032,999.0,0.0,0.9996566276023335,4,0,0.0,1.0,4,0,0.0,0.0013931006249742455
ACC_00350,3,3,0,508.36,0.0,366.01,169.45333333333335,179.13395667302538,999.0,0.0,0.998036752002513,3,0,0.0,0.3333333333333333,2,0,0.0,0.0007249789349249045
ACC_00351,5,5,0,1354.05,0.0,890.56,270.81,349.2839307783855,999.0,0.0,0.999262019851666,5,0,0.0,0.2,3,0,0.0,0.0008706690946543461
ACC_00352,3,3,0,72.19,0.0,34.77,24.063333333333333,9.621820687028695,999.0,0.0,0.9863369312747643,3,0,0.0,0.6666666666666666,3,0,0.0,0.0007306582917600256
ACC_00353,6,6,0,2492.6499999999996,0.0,1838.3,415.4416666666666,706.0647158275697,999.0,0.0,0.9995989814127885,6,0,0.0,0.6666666666666666,7,0,0.0,0.001402726545846192
ACC_00354,13,6,7,942.09,1840.98,631.02,214.0823076923077,192.59663752489928,81.23333333333333,1.9520724427149052,0.3228690370572579,6,7,0.0,0.7692307692307693,3,7,1.75,0.0007819676900290428
ACC_00355,20,4,16,1077.61,3436.9100000000003,774.51,225.72600000000003,216.48493749474875,0.0,3.186425121220831,0.5224868896605485,4,16,0.0,0.75,4,16,3.2,0.0008985803821500999
ACC_00356,4,4,0,506.8,0.0,381.48,126.7,170.28755053340416,999.0,0.0,0.9980307207562032,4,0,0.0,1.0,4,0,0.0,0.0009010102376457436
ACC_00357,24,4,20,903.96,6876.78,1584.04,324.1975,411.0345481115965,0.0,7.59898780056577,0.7675429916702434,4,20,0.0,0.75,5,20,3.3333333333333335,0.0008870578118813203
ACC_00358,6,6,0,1495.83,0.0,377.58,249.30499999999998,119.17707678072993,999.0,0.0,0.999331921460687,6,0,0.0,0.6666666666666666,5,0,0.0,0.001169346929670143
ACC_00359,5,5,0,1054.18,0.0,346.77,210.836,108.84103996195553,999.0,0.0,0.9990522943952691,5,0,0.0,1.0,2,0,0.0,0.0007332161382083149
ACC_00360,1,1,0,252.94,0.0,252.94,252.94,0.0,999.0,0.0,0.9960620619043868,1,0,0.0,0.0,1,0,0.0,0.0007122874062462856
ACC_00361,6,5,1,1042.89,1828.13,1828.13,478.5033333333334,679.3677455595509,27.5,1.7512668959373114,0.2734103522955968,5,1,0.0,0.8333333333333334,5,1,0.16666666666666666,0.0011338977552702253
ACC_00362,2,2,0,370.61,0.0,301.11,185.305,163.77300159061627,999.0,0.0,0.997309006754393,2,0,0.0,0.5,0,0,0.0,0.0
ACC_00363,4,4,0,645.9899999999999,0.0,286.23,161.49749999999997,130.84720513509896,999.0,0.0,0.9984543810568942,4,0,0.0,0.5,5,0,0.0,0.0009195217898606918
ACC_00364,2,2,0,323.03000000000003,0.0,309.93,161.51500000000001,209.8905058596029,999.0,0.0,0.9969138660000617,2,0,0.0,1.0,1,0,0.0,0.0007176479797093942
ACC_00365,4,4,0,1078.72,0.0,480.03,269.68,207.5448595685601,999.0,0.0,0.9990738339569518,4,0,0.0,0.75,8,0,0.0,0.0011446197951655425
ACC_00366,3,3,0,610.74,0.0,275.35,203.58,96.94233182671027,999.0,0.0,0.998365318599405,3,0,0.0,0.3333333333333333,3,0,0.0,0.0008217321190022574
ACC_00367,5,5,0,467.90999999999997,0.0,250.52,93.582,94.22596176213857,999.0,0.0,0.997867394595978,5,0,0.0,0.6,2,0,0.0,0.0007332410656740735
ACC_00368,3,2,1,574.86,864.93,864.93,479.93,338.39436475804376,0.0,1.5019796478310699,0.20132704974354343,2,1,0.0,0.6666666666666666,5,1,0.16666666666666666,0.0008946425784776184
ACC_00369,5,5,0,1420.78,0.0,792.03,284.156,329.38184646394825,999.0,0.0,0.9992966563040695,5,0,0.0,0.6,5,0,0.0,0.0009328509826918628
ACC_00370,18,1,17,93.83,3902.52,1179.06,222.01944444444445,308.44103027725856,8.2,41.152799746915534,0.9528037324727633,1,17,0.0,0.7777777777777778,2,17,5.666666666666667,0.0007354081883349701
ACC_00371,12,2,10,1548.63,1954.4799999999998,1002.55,291.9258333333333,261.96748810971786,78.81666666666666,1.2612559127017415,0.11582113575201684,2,10,0.0,0.6666666666666666,7,10,1.25,0.0013289607763247516
ACC_00372,18,2,16,1403.32,3705.83,932.28,283.84166666666664,273.0664333357468,0.0,2.6388786031673694,0.450575814799957,2,16,0.0,0.8333333333333334,3,16,4.0,0.0009928414134284217
ACC_00373,18,3,15,816.0799999999999,6127.27,1050.25,385.7416666666667,281.7461494961064,8.983333333333333,7.498984187594851,0.7648217615759575,3,15,0.0,0.7777777777777778,3,15,3.75,0.0009817426806070612
ACC_00374,3,3,0,1725.52,0.0,927.09,575.1733333333333,484.4665099192444,999.0,0.0,0.9994208002224128,3,0,0.0,0.6666666666666666,4,0,0.0,0.001185216048498728
ACC_00375,20,3,17,1501.93,4338.97,1054.41,292.04499999999996,277.4770147996141,0.0,2.887007378919843,0.4856365223642992,3,17,0.0,0.55,5,17,2.8333333333333335,0.0012351844749320024
ACC_00376,3,3,0,1629.71,0.0,916.35,543.2366666666667,334.81032247129616,999.0,0.0,0.9993867701798603,3,0,0.0,0.6666666666666666,3,0,0.0,0.0012623409059144763
ACC_00377,6,5,1,2626.8199999999997,2799.75,2799.75,904.4283333333333,1020.2199827373832,0.0,1.0654268557207116,0.031861403906352254,5,1,0.0,0.6666666666666666,1,1,0.5,0.0007270082297503929
ACC_00378,16,2,14,146.82999999999998,2833.22,603.04,186.253125,154.4457462333726,0.0,19.16539268078198,0.9011556330823033,2,14,0.0,0.625,4,14,2.8,0.0008324907622533693
ACC_00379,3,3,0,535.83,0.0,291.59,178.61,126.37943028831867,999.0,0.0,0.9981372128979379,3,0,0.0,0.3333333333333333,2,0,0.0,0.0008378554111332754
ACC_00380,2,2,0,291.63,0.0,158.19,145.815,17.50089283436705,999.0,0.0,0.9965827153743635,2,0,0.0,0.0,2,0,0.0,0.0007522083357015853
ACC_00381,15,5,10,2920.9300000000003,2890.12,2038.1,387.40333333333336,543.4125244188232,19.1,0.9891133600052019,0.005301055565592244,5,10,0.0,0.7333333333333333,2,10,3.3333333333333335,0.0014626363409811058
ACC_00382,3,3,0,949.47,0.0,693.17,316.49,346.76451202509173,999.0,0.0,0.9989478889391564,2,0,0.0,1.0,2,0,0.0,0.0007673068379545911
ACC_00383,4,4,0,1872.16,0.0,945.19,468.04,350.55234102769873,999.0,0.0,0.9994661427747763,4,0,0.0,0.25,4,0,0.0,0.0012788513668549224
ACC_00384,3,3,0,468.81,0.0,401.06,156.27,212.29931394142565,999.0,0.0,0.9978714799599838,3,0,0.0,1.0,2,0,0.0,0.0009266994907089576
ACC_00385,3,3,0,483.09000000000003,0.0,271.86,161.03,99.64621066553408,999.0,0.0,0.9979342684211614,3,0,0.0,0.6666666666666666,4,0,0.0,0.00081129753373263
ACC_00386,6,6,0,961.8799999999999,0.0,265.77,160.3133333333333,93.563319023358,999.0,0.0,0.9989614489863742,6,0,0.0,0.6666666666666666,5,0,0.0,0.0008257799653736539
ACC_00387,7,5,2,1039.7,463.75,476.4,214.7785714285714,179.74782682307745,136.48333333333332,0.4456135293552416,0.38283093489315034,5,2,0.0,1.0,2,2,0.6666666666666666,0.0006965406115381368
ACC_00388,10,1,9,140.01,3356.07,1736.94,349.608,506.87713378205484,31.266666666666666,23.800226934259985,0.9196415295046154,1,9,0.0,0.9,1,9,4.5,0.0007042898098166466
ACC_00389,3,3,0,491.72,0.0,219.28,163.90666666666667,60.29558054561987,999.0,0.0,0.9979704497483358,3,0,0.0,0.6666666666666666,3,0,0.0,0.000805828177230428
ACC_00390,4,4,0,870.6500000000001,0.0,664.84,217.66250000000002,299.69700102770463,999.0,0.0,0.9988527505306029,4,0,0.0,1.0,3,0,0.0,0.0007100515964613815
ACC_00391,6,6,0,1645.0900000000001,0.0,578.59,274.1816666666667,248.19079663973574,999.0,0.0,0.9993924998025624,6,0,0.0,0.8333333333333334,2,0,0.0,0.0008118257219719917
ACC_00392,5,4,1,705.77,2050.69,2050.69,551.2920000000001,849.0789436324517,142.13333333333333,2.901495536030109,0.4877387160647843,4,1,0.0,0.8,5,1,0.16666666666666666,0.0009561363172411299
ACC_00393,3,3,0,2487.6899999999996,0.0,1615.87,829.2299999999999,684.79633994349,999.0,0.0,0.9995981821761649,3,0,0.0,0.3333333333333333,2,0,0.0,0.0008617373588120987
ACC_00394,2,2,0,42.47,0.0,29.65,21.235,11.900607127369593,999.0,0.0,0.9769956291695422,2,0,0.0,0.5,2,0,0.0,0.0006795984555661803
ACC_00395,5,5,0,469.25,0.0,248.0,93.85,103.72698853239692,999.0,0.0,0.9978734715576821,5,0,0.0,0.4,6,0,0.0,0.0008618447415515028
ACC_00396,5,5,0,2790.01,0.0,1353.44,558.0020000000001,486.4176723968815,999.0,0.0,0.9996417067656511,5,0,0.0,0.8,2,0,0.0,0.00097927470346663
ACC_00397,2,2,0,343.92,0.0,278.31,171.96,150.40161235837866,999.0,0.0,0.9971007769917662,2,0,0.0,0.5,2,0,0.0,0.000808870206709933
ACC_00398,2,2,0,1595.3999999999999,0.0,1538.55,797.6999999999999,1047.7201176841074,999.0,0.0,0.9993735905788023,2,0,0.0,1.0,4,0,0.0,0.0009687431160148154
ACC_00399,3,3,0,958.55,0.0,388.37,319.51666666666665,83.60350550864081,999.0,0.0,0.9989578448230941,3,0,0.0,0.6666666666666666,3,0,0.0,0.0008628781190292937
ACC_00400,3,3,0,552.9300000000001,0.0,268.31,184.31000000000003,113.4063490286148,999.0,0.0,0.9981947177441193,3,0,0.0,1.0,2,0,0.0,0.000850125110622937
ACC_00401,14,5,9,1074.69,2130.7200000000003,561.31,228.95785714285716,164.35858051030567,0.0,1.9807937230986623,0.329349646489376,4,9,0.0,0.7142857142857143,3,9,2.25,0.0007882471094988318
ACC_00402,1,1,0,257.74,0.0,257.74,257.74,0.0,999.0,0.0,0.9961351163329983,1,0,0.0,1.0,2,0,0.0,0.0007832933825116831
ACC_00403,3,3,0,1881.1,0.0,996.24,627.0333333333333,395.1254884632645,999.0,0.0,0.9994686786036874,3,0,0.0,1.0,2,0,0.0,0.0011777207994572417
ACC_00404,4,3,1,401.46000000000004,516.17,516.17,229.4075,202.95789684480536,53.81666666666667,1.282537395020623,0.1248707314152596,3,1,0.0,0.75,6,1,0.14285714285714285,0.0009372988622195965
ACC_00405,4,4,0,563.01,0.0,422.03,140.7525,190.15253743157533,999.0,0.0,0.998226981791103,4,0,0.0,0.5,4,0,0.0,0.0007909615232714639
ACC_00406,2,2,0,962.7,0.0,702.1,481.35,312.18764389386075,999.0,0.0,0.998962332676144,2,0,0.0,1.0,3,0,0.0,0.0011298452214760395
ACC_00407,4,4,0,521.12,0.0,257.47,130.28,98.74650306044599,999.0,0.0,0.9980847314793534,4,0,0.0,0.5,2,0,0.0,0.0006877152026020759
ACC_00408,12,0,12,0.0,2804.77,696.73,233.73083333333332,178.64993104638688,999.0,2804.77,0.9996435915987412,0,12,0.0,0.5,2,12,4.0,0.0007052910509371554
ACC_00409,5,5,0,909.3899999999999,0.0,372.25,181.878,137.75166231301893,999.0,0.0,0.9989015696569602,5,0,0.0,0.6,6,0,0.0,0.0011243421550945175
ACC_00410,16,3,13,333.94,3379.3200000000006,700.62,232.07875,194.5756480095424,53.333333333333336,10.0893294321371,0.8199156763392977,3,13,0.0,0.5,3,13,3.25,0.000742175897396759
ACC_00411,8,8,0,1820.91,0.0,655.49,227.61375,259.5337920710629,999.0,0.0,0.9994511254672295,8,0,0.0,0.75,8,0,0.0,0.0009903403493094305
ACC_00412,3,3,0,1277.31,0.0,666.98,425.77,344.20920775017044,999.0,0.0,0.9992177171421642,3,0,0.0,0.3333333333333333,4,0,0.0,0.0012053740537960984
ACC_00413,5,5,0,1111.26,0.0,457.44,222.252,183.10047452150417,999.0,0.0,0.9991009296387535,5,0,0.0,0.6,3,0,0.0,0.0008151567200060101
ACC_00414,4,4,0,3112.09,0.0,1685.37,778.0225,645.0796475565375,999.0,0.0,0.999678775750139,4,0,0.0,1.0,1,0,0.0,0.0008366921814784004
ACC_00415,7,7,0,1869.5,0.0,561.37,267.07142857142856,202.6979377816962,999.0,0.0,0.9994653835872761,7,0,0.0,0.7142857142857143,7,0,0.0,0.0010111250050810466
ACC_00416,3,3,0,1003.94,0.0,619.58,334.6466666666667,265.9192460754455,999.0,0.0,0.9990049157163612,3,0,0.0,0.6666666666666666,3,0,0.0,0.0009416513650105129
ACC_00417,4,3,1,697.9200000000001,892.28,892.28,397.55,334.20314161699116,151.45,1.2766554112058603,0.12214680744092501,3,1,0.0,0.75,2,1,0.3333333333333333,0.0007495157414163013
ACC_00418,4,4,0,1151.9099999999999,0.0,641.92,287.97749999999996,268.1445047451094,999.0,0.0,0.999132629606821,4,0,0.0,0.5,3,0,0.0,0.0008037321427446825
ACC_00419,3,3,0,404.46,0.0,222.38,134.82,93.36512250299894,999.0,0.0,0.9975336654663839,3,0,0.0,0.6666666666666666,1,0,0.0,0.0007685889207860151
ACC_00420,2,2,0,198.70999999999998,0.0,114.02,99.35499999999999,20.739441892201437,999.0,0.0,0.9949927394722348,2,0,0.0,1.0,0,0,0.0,0.0
ACC_00421,5,5,0,1073.9299999999998,0.0,846.06,214.78599999999997,353.4656117361348,999.0,0.0,0.999069706864633,5,0,0.0,0.6,6,0,0.0,0.0009213001387256162
ACC_00422,3,3,0,503.22999999999996,0.0,314.03,167.7433333333333,129.74745366801358,999.0,0.0,0.9980167780576324,3,0,0.0,1.0,1,0,0.0,0.0006841012018827426
ACC_00423,18,3,15,1942.0800000000002,3289.46,1493.93,290.6411111111112,348.85076205582254,0.0,1.6929102250036023,0.2575001815561849,3,14,0.0,0.6666666666666666,3,14,3.5,0.0008474527249281495
ACC_00424,5,5,0,1472.3300000000002,0.0,860.57,294.466,318.3949833618614,999.0,0.0,0.9993212654327273,5,0,0.0,0.6,5,0,0.0,0.0008743008681258073
ACC_00425,20,3,17,1629.49,4977.82,786.87,330.3655,272.6101854774554,0.0,3.052959539770253,0.5066847650912261,3,16,0.0,0.75,2,16,5.333333333333333,0.0009472717175245731
ACC_00426,4,4,0,320.70000000000005,0.0,126.09,80.17500000000001,40.24810761596956,999.0,0.0,0.9968915138327634,4,0,0.0,1.0,2,0,0.0,0.0007300277941938624
ACC_00427,3,3,0,1601.34,0.0,1054.48,533.78,452.49267297935336,999.0,0.0,0.9993759127276358,3,0,0.0,0.6666666666666666,5,0,0.0,0.0017244587890745454
ACC_00428,3,3,0,992.76,0.0,538.57,330.92,179.83276425612772,999.0,0.0,0.9989937208179037,2,0,0.0,1.0,2,0,0.0,0.0007926789342316161
ACC_00429,1,0,1,0.0,1548.69,1548.69,1548.69,0.0,999.0,1548.69,0.9993547096516078,0,1,0.0,1.0,2,1,0.3333333333333333,0.0007465701910156631
ACC_00430,17,3,14,1447.05,3388.6499999999996,552.01,284.45294117647063,173.79176856818862,0.0,2.3401470943682883,0.4014307275621808,3,14,0.0,0.5882352941176471,2,14,4.666666666666667,0.0008828741142173917
ACC_00431,16,4,12,2013.1000000000004,2396.69,1324.7,275.61187499999994,329.2452184662925,3.2,1.1899558115287223,0.08696628041688668,4,12,0.0,0.625,3,12,3.0,0.0013518381250555555
ACC_00432,6,6,0,1353.32,0.0,378.4,225.5533333333333,93.01015313752937,999.0,0.0,0.9992616220686397,6,0,0.0,1.0,4,0,0.0,0.001037114015657547
ACC_00433,6,6,0,828.08,0.0,245.29,138.01333333333335,77.68110006086852,999.0,0.0,0.9987938437786462,6,0,0.0,0.8333333333333334,5,0,0.0,0.0008617868834274046
ACC_00434,14,3,11,831.68,3082.6400000000003,618.59,279.5942857142857,179.5659001684248,0.0,3.7020704232117985,0.574910862969055,3,11,0.0,0.5714285714285714,2,11,3.6666666666666665,0.0007617017319944454
ACC_00435,20,4,16,514.9300000000001,5358.35,1055.87,293.66400000000004,300.6251434734311,5.316666666666666,10.385808152268718,0.824512961588484,4,16,0.0,0.7,2,16,5.333333333333333,0.0007292452779383487
ACC_00436,4,4,0,1697.0100000000002,0.0,1412.16,424.25250000000005,661.0403295500712,999.0,0.0,0.9994110753175777,4,0,0.0,0.25,4,0,0.0,0.0007999833564400873
ACC_00437,20,5,15,1064.0900000000001,4344.55,666.89,270.43199999999996,183.93587170819245,15.016666666666667,4.079044963336432,0.6064100383759362,5,15,0.0,0.55,6,15,2.142857142857143,0.0009153271193564972
ACC_00438,2,2,0,714.19,0.0,489.94,357.095,187.8712006934538,999.0,0.0,0.9986017701589788,2,0,0.0,1.0,1,0,0.0,0.0008689667893950364
ACC_00439,8,8,0,3136.4700000000003,0.0,1342.72,392.05875000000003,460.49729245171153,999.0,0.0,0.9996812718527986,8,0,0.0,0.875,5,0,0.0,0.0011432663007432248
ACC_00440,19,5,14,989.24,3949.2,1276.72,259.9178947368421,331.4006737835796,21.65,3.988124091129423,0.599250117422218,4,14,0.0,0.6842105263157895,4,14,2.8,0.0011859831848455439
ACC_00441,15,6,9,1678.23,1055.54,627.6,182.2513333333333,185.61343839383224,53.266666666666666,0.6285857208363357,0.22769373658479508,6,9,0.0,0.8,5,9,1.5,0.000890770643642738
ACC_00442,4,4,0,356.52,0.0,110.73,89.13,27.731153359834614,999.0,0.0,0.9972029536809129,4,0,0.0,0.75,2,0,0.0,0.0007295564287945124
ACC_00443,4,4,0,1090.58,0.0,692.28,272.645,291.7637565451427,999.0,0.0,0.9990838967368402,4,0,0.0,1.0,4,0,0.0,0.0008358909832309029
ACC_00444,4,3,1,974.27,2243.24,2243.24,804.3774999999999,999.2051913521065,0.0,2.300122017492592,0.394272504979012,3,1,0.0,1.0,2,1,0.3333333333333333,0.0007511305480754561
ACC_00445,2,2,0,236.25,0.0,191.14,118.125,103.25880325667153,999.0,0.0,0.9957850368809273,2,0,0.0,0.5,2,0,0.0,0.0007880758413973826
ACC_00446,2,2,0,597.35,0.0,550.39,298.675,355.9787668527436,999.0,0.0,0.9983287373610763,2,0,0.0,1.0,1,0,0.0,0.0006802852155245213
ACC_00447,3,3,0,511.09000000000003,0.0,420.99,170.36333333333334,218.51283036319248,999.0,0.0,0.9980472182624148,3,0,0.0,0.6666666666666666,2,0,0.0,0.0008222419793946123
ACC_00448,3,3,0,684.77,0.0,488.65,228.25666666666666,225.7773186866505,999.0,0.0,0.9985417851466235,3,0,0.0,0.3333333333333333,4,0,0.0,0.0007635280209231125
ACC_00449,2,2,0,59.7,0.0,30.22,29.85,0.5232590180780441,999.0,0.0,0.9835255354200988,2,0,0.0,1.0,4,0,0.0,0.0008892933826600514
ACC_00450,7,2,5,324.94,817.9499999999999,561.5,163.26999999999998,187.26326770974958,84.48333333333333,2.509510952936123,0.43099423895654304,2,5,0.0,0.7142857142857143,3,5,1.25,0.0007930585456581061
ACC_00451,4,4,0,604.77,0.0,446.26,151.1925,200.79571565399496,999.0,0.0,0.9983492084454496,4,0,0.0,0.5,4,0,0.0,0.0007623170587332108
ACC_00452,5,5,0,2103.1,0.0,674.25,420.62,229.06848528333182,999.0,0.0,0.9995247374174231,5,0,0.0,0.8,4,0,0.0,0.0009026960923201766
ACC_00453,4,4,0,664.29,0.0,452.09,166.0725,194.64591071567193,999.0,0.0,0.9984968960904267,3,0,0.0,1.0,5,0,0.0,0.0010802133889833226
ACC_00454,2,2,0,883.68,0.0,681.39,441.84,338.7748588664749,999.0,0.0,0.998869647782249,2,0,0.0,1.0,4,0,0.0,0.00108495542331384
ACC_00455,16,5,11,1875.96,1854.7000000000003,1009.17,233.16625,240.26650466721324,52.96666666666667,0.9881403972380872,0.0056971964219676395,5,11,0.0,0.6875,6,11,1.5714285714285714,0.0015539572853144256
ACC_00456,3,3,0,820.6800000000001,0.0,410.31,273.56,118.48629076817284,999.0,0.0,0.9987829812092299,3,0,0.0,1.0,2,0,0.0,0.0007490764583844439
ACC_00457,19,0,19,0.0,5137.9400000000005,702.81,270.41789473684213,198.5645408531204,999.0,5137.9400000000005,0.9998054073408135,0,19,0.0,0.7894736842105263,2,19,6.333333333333333,0.0007201716289250268
ACC_00458,1,1,0,249.4,0.0,249.4,249.4,0.0,999.0,0.0,0.9960063897763578,1,0,0.0,1.0,1,0,0.0,0.0007208742667212744
ACC_00459,24,3,21,715.9,8185.549999999999,981.64,370.89375,337.7379757047646,0.0,11.417980192495467,0.8390555408904291,3,21,0.0,0.6666666666666666,4,21,4.2,0.0009300075934993355
ACC_00460,21,3,18,574.36,2891.0099999999998,412.7,165.017619047619,113.28818221265456,0.0,5.024697580645161,0.6683216159844447,3,18,0.0,0.7619047619047619,2,18,6.0,0.0007262481469526053
ACC_00461,7,3,4,960.8899999999999,952.2600000000001,911.16,273.3071428571429,343.7304535879961,77.2,0.9899884602189442,0.004508528589713329,3,4,0.0,0.7142857142857143,4,4,0.8,0.0008737429368049564
ACC_00462,5,5,0,1916.8000000000002,0.0,706.63,383.36,208.15046216619362,999.0,0.0,0.999478569193868,5,0,0.0,1.0,7,0,0.0,0.0018255524542429478
ACC_00463,3,3,0,264.49,0.0,196.7,88.16333333333334,94.27277779578435,999.0,0.0,0.9962333797883159,3,0,0.0,0.6666666666666666,1,0,0.0,0.0006909204226547253
ACC_00464,6,6,0,1228.06,0.0,386.91,204.67666666666665,139.4396585863099,999.0,0.0,0.9991863700714367,6,0,0.0,0.6666666666666666,8,0,0.0,0.000998184453736411
ACC_00465,5,5,0,2249.32,0.0,820.49,449.86400000000003,314.2521596266285,999.0,0.0,0.9995556187564435,5,0,0.0,0.8,4,0,0.0,0.0008986700827658435
ACC_00466,2,2,0,330.33,0.0,267.93,165.165,145.33165673727112,999.0,0.0,0.9969818609845169,2,0,0.0,0.5,2,0,0.0,0.0007282172182004822
ACC_00467,4,4,0,532.66,0.0,391.43,133.165,173.21262627187429,999.0,0.0,0.9981261477345126,4,0,0.0,0.25,6,0,0.0,0.0007828576649104048
ACC_00468,3,2,1,650.85,547.19,547.19,399.34666666666664,147.3673289210785,62.166666666666664,0.839441589322697,0.08645249532959699,2,1,0.0,0.6666666666666666,3,1,0.25,0.0007782556610071547
ACC_00469,4,3,1,453.25,127.06,253.05,145.0775,86.9046448221651,151.81666666666666,0.2797138139790864,0.5611291737627084,3,1,0.0,0.75,4,1,0.2,0.0007760076887654856
ACC_00470,3,3,0,2117.04,0.0,1515.87,705.68,707.2678185100747,999.0,0.0,0.9995278653849786,3,0,0.0,0.6666666666666666,5,0,0.0,0.0012536529732572125
ACC_00471,20,2,18,217.55,7155.18,1514.38,368.6365,336.2341804578438,0.0,32.73932738503775,0.9408576120904888,2,18,0.0,0.8,6,18,2.5714285714285716,0.0013448878298379608
ACC_00472,4,4,0,1373.49,0.0,585.72,343.3725,252.50440753578937,999.0,0.0,0.9992724574205706,4,0,0.0,0.75,2,0,0.0,0.0007519388861820147
ACC_00473,25,5,20,1925.4199999999998,5289.84,717.05,288.61039999999997,219.12716888981765,0.0,2.7459432522502882,0.4662276580943591,4,19,0.0,0.68,5,19,3.1666666666666665,0.0012670022161044138
ACC_00474,3,3,0,1845.52,0.0,885.69,615.1733333333333,260.9316217581406,999.0,0.0,0.999458440742586,3,0,0.0,0.6666666666666666,0,0,0.0,0.0
ACC_00475,4,4,0,1286.0,0.0,863.47,321.5,367.3661198314292,999.0,0.0,0.9992229992229992,4,0,0.0,0.25,3,0,0.0,0.0011129896219421065
ACC_00476,2,2,0,1166.6100000000001,0.0,672.75,583.3050000000001,126.49433208646148,999.0,0.0,0.9991435496441449,2,0,0.0,1.0,0,0,0.0,0.0
ACC_00477,25,3,22,666.53,6324.2,1206.23,279.62919999999997,275.8646375326131,0.0,9.474031129687056,0.80919457702171,3,22,0.0,0.64,4,22,4.4,0.0014053378582905278
ACC_00478,5,5,0,1945.75,0.0,865.44,389.15,363.00309888484423,999.0,0.0,0.9994863233594452,5,0,0.0,0.8,4,0,0.0,0.0009119616091688761
ACC_00479,3,2,1,518.12,2982.61,2982.61,1166.91,1577.368080411164,0.0,5.745511635074742,0.703792125606486,2,1,0.0,0.3333333333333333,4,1,0.2,0.0007773615529257565
ACC_00480,7,7,0,1708.8700000000001,0.0,475.78,244.12428571428572,133.4754713867112,999.0,0.0,0.9994151602168586,7,0,0.0,0.5714285714285714,0,0,0.0,0.0
ACC_00481,3,3,0,550.19,0.0,245.8,183.39666666666668,64.3838646970911,999.0,0.0,0.9981857435729966,3,0,0.0,0.6666666666666666,2,0,0.0,0.0007339252918048841
ACC_00482,4,3,1,475.94,2656.43,2656.43,783.0925,1252.0237448859878,0.0,5.569736235165848,0.6958929204019952,3,1,0.0,0.25,1,1,0.5,0.0006807960740584454
ACC_00483,5,5,0,890.9999999999999,0.0,264.25,178.2,96.10762404721073,999.0,0.0,0.9988789237668162,5,0,0.0,0.8,3,0,0.0,0.0007786840847265923
ACC_00484,5,5,0,805.58,0.0,383.59,161.116,140.78915309781502,999.0,0.0,0.9987601973765776,5,0,0.0,0.8,5,0,0.0,0.000894031865279501
ACC_00485,6,6,0,1255.64,0.0,418.75,209.27333333333334,159.0533549054111,999.0,0.0,0.9992042271454036,6,0,0.0,0.6666666666666666,6,0,0.0,0.0008664628567097979
ACC_00486,4,4,0,633.78,0.0,278.75,158.445,96.21203857452905,999.0,0.0,0.9984246510602098,4,0,0.0,1.0,6,0,0.0,0.0010019629958662906
ACC_00487,18,0,18,0.0,5931.299999999999,1002.13,329.51666666666665,289.5641639754884,999.0,5931.299999999999,0.99983143131669,0,18,0.0,0.7777777777777778,1,18,9.0,0.0006809008680472501
ACC_00488,2,2,0,948.19,0.0,857.62,474.095,542.3862565091413,999.0,0.0,0.9989464701482317,2,0,0.0,1.0,3,0,0.0,0.0008740668137140646
ACC_00489,5,4,1,538.9,1853.36,1853.36,478.45199999999994,777.1229092428043,96.43333333333334,3.4327838488609,0.5492340990949585,4,1,0.0,0.8,4,1,0.2,0.000895242780637074
ACC_00490,7,7,0,1562.36,0.0,598.3,223.1942857142857,258.2962082478914,999.0,0.0,0.999360352062225,7,0,0.0,0.8571428571428571,5,0,0.0,0.0008362842926166328
ACC_00491,5,5,0,3523.54,0.0,1992.32,704.708,827.5257023017472,999.0,0.0,0.9997162750316353,5,0,0.0,0.6,6,0,0.0,0.0015742194273823172
ACC_00492,8,8,0,1090.7399999999998,0.0,344.9,136.34249999999997,107.93326982777036,999.0,0.0,0.9990840309963911,8,0,0.0,0.625,4,0,0.0,0.0007908887198753182
ACC_00493,3,3,0,1906.29,0.0,1577.88,635.43,819.5691660256625,999.0,0.0,0.9994756958826397,3,0,0.0,1.0,3,0,0.0,0.0010712661684434304
ACC_00494,5,3,2,394.28999999999996,397.15999999999997,289.07,158.29,98.60878890849436,153.35,1.004730704040072,0.0036216796012366772,3,2,0.0,0.8,3,2,0.5,0.0007656548153684175
ACC_00495,3,3,0,392.03000000000003,0.0,212.37,130.67666666666668,78.50293582620547,999.0,0.0,0.9974556649619621,3,0,0.0,0.6666666666666666,4,0,0.0,0.0010487382247114578
ACC_00496,5,5,0,1204.8600000000001,0.0,472.45,240.97200000000004,167.0395521126658,999.0,0.0,0.9991707163352296,5,0,0.0,0.8,5,0,0.0,0.0009099502480491861
ACC_00497,1,1,0,618.47,0.0,618.47,618.47,0.0,999.0,0.0,0.998385716822445,1,0,0.0,0.0,2,0,0.0,0.0008910568933046096
ACC_00498,20,3,17,846.75,8071.5199999999995,1292.5,445.91349999999994,397.7479955459103,6.5,9.521108817457977,0.8100180844396457,3,16,0.0,0.9,4,16,3.2,0.0009808628565646177
ACC_00499,3,3,0,611.23,0.0,380.92,203.74333333333334,179.37395974146676,999.0,0.0,0.9983666269212551,3,0,0.0,0.0,3,0,0.0,0.0013501894567645501
ACC_00500,2,2,0,232.59,0.0,137.28,116.295,29.677271606399398,999.0,0.0,0.9957189948199837,2,0,0.0,0.5,4,0,0.0,0.0009696136352492222
ACC_00501,5,5,0,490.28999999999996,0.0,135.18,98.05799999999999,47.60771912200793,999.0,0.0,0.9979645423273423,5,0,0.0,1.0,5,0,0.0,0.0008112425526602405
ACC_00502,5,5,0,500.24000000000007,0.0,116.67,100.04800000000002,18.415100325548053,999.0,0.0,0.9980049477296306,5,0,0.0,0.6,2,0,0.0,0.0007706089665165581
ACC_00503,4,4,0,1193.2,0.0,493.24,298.3,223.70060303897262,999.0,0.0,0.999162619326746,4,0,0.0,0.25,6,0,0.0,0.0010379511271579637
ACC_00504,4,3,1,702.88,511.44,511.44,303.58000000000004,181.00151951480038,74.55,0.7266011251917941,0.15752229865385248,3,1,0.0,0.75,3,1,0.25,0.0008419244794854452
ACC_00505,5,5,0,822.19,0.0,269.33,164.43800000000002,80.85224035238603,999.0,0.0,0.9987852136201849,5,0,0.0,0.6,3,0,0.0,0.0009257703820355011
ACC_00506,23,6,17,1809.3300000000002,3700.8,923.35,239.5708695652174,240.33986416801602,0.0,2.0442681721012192,0.3432091059365321,5,17,0.0,0.7391304347826086,2,17,5.666666666666667,0.0008633080728105249
ACC_00507,5,5,0,1301.3999999999999,0.0,560.37,260.28,184.2299063670174,999.0,0.0,0.9992321867321867,5,0,0.0,0.6,4,0,0.0,0.0009231053409206485
ACC_00508,2,2,0,359.76,0.0,268.53,179.88,125.37003230437485,999.0,0.0,0.997228074065861,2,0,0.0,1.0,3,0,0.0,0.0007426633330682028
ACC_00509,2,2,0,145.32,0.0,100.03,72.66,38.70702520215161,999.0,0.0,0.9931656642974303,2,0,0.0,0.0,2,0,0.0,0.0007042369513031849
ACC_00510,4,4,0,2672.2799999999997,0.0,1106.59,668.0699999999999,503.6764479306135,999.0,0.0,0.9996259276993057,4,0,0.0,0.5,4,0,0.0,0.0009866814339708858
ACC_00511,2,2,0,656.54,0.0,484.46,328.27,220.8860163070537,999.0,0.0,0.998479179973842,2,0,0.0,0.5,2,0,0.0,0.0009166216992590782
ACC_00512,4,4,0,1802.3700000000001,0.0,700.51,450.59250000000003,181.89860845628624,999.0,0.0,0.9994454826241981,4,0,0.0,0.75,4,0,0.0,0.000980536385119452
ACC_00513,5,5,0,3025.68,0.0,2131.85,605.136,861.3464545872351,999.0,0.0,0.9996696049797138,5,0,0.0,0.6,4,0,0.0,0.0008344287535357855
ACC_00514,7,7,0,1319.32,0.0,486.38,188.4742857142857,155.5264984771773,999.0,0.0,0.9992426078526417,7,0,0.0,0.7142857142857143,2,0,0.0,0.0008068311387146138
ACC_00515,23,0,23,0.0,9677.69,1493.93,420.76913043478265,413.02407235494644,999.0,9677.69,0.9998966802325522,0,23,0.0,0.5652173913043478,1,23,11.5,0.0007091509229426812
ACC_00516,18,2,16,1207.8200000000002,5739.92,1376.69,385.9855555555556,366.06390061302983,0.0,4.74836617527837,0.6522189634379759,2,16,0.0,0.7222222222222222,3,16,4.0,0.0009206405212722776
ACC_00517,8,8,0,1727.9,0.0,388.07,215.9875,121.02576853711776,999.0,0.0,0.9994215975475736,8,0,0.0,0.625,4,0,0.0,0.0007678221327069672
ACC_00518,3,3,0,1757.55,0.0,949.03,585.85,315.1794618943309,999.0,0.0,0.9994313496915072,3,0,0.0,0.6666666666666666,4,0,0.0,0.0010106863789866207
ACC_00519,4,4,0,714.03,0.0,225.19,178.5075,55.7446836777583,999.0,0.0,0.9986014572815126,4,0,0.0,0.5,4,0,0.0,0.0009405058604644776
ACC_00520,17,2,15,965.91,5010.66,1317.86,351.5629411764706,325.01685951971604,29.783333333333335,5.182136910363943,0.6766545602979137,2,15,0.0,0.7647058823529411,3,15,3.75,0.001679596708954187
ACC_00521,3,3,0,1134.56,0.0,610.83,378.18666666666667,311.23606962132993,999.0,0.0,0.9991193772235725,3,0,0.0,0.3333333333333333,2,0,0.0,0.0007389745311088749
ACC_00522,2,2,0,586.36,0.0,562.37,293.18,380.6921488552135,999.0,0.0,0.9982974666303459,2,0,0.0,0.5,4,0,0.0,0.0009168350608683828
ACC_00523,3,3,0,950.21,0.0,593.29,316.7366666666667,279.5259675474415,999.0,0.0,0.9989487074357923,3,0,0.0,0.6666666666666666,3,0,0.0,0.0009815032508903511
ACC_00524,3,3,0,919.0699999999999,0.0,447.01,306.3566666666666,128.36892238128874,999.0,0.0,0.9989131261751824,3,0,0.0,0.6666666666666666,4,0,0.0,0.001301109319781646
ACC_00525,5,5,0,1427.76,0.0,709.31,285.552,284.49012534708476,999.0,0.0,0.9993000923878048,5,0,0.0,0.6,5,0,0.0,0.0011691848568466218
ACC_00526,7,6,1,1712.9499999999998,542.26,572.77,322.17285714285714,200.29854590205142,63.11666666666667,0.3163802911403483,0.5188745728456127,5,1,0.0,0.7142857142857143,4,1,0.2,0.0008451005739481883
ACC_00527,6,5,1,2153.88,2004.55,2004.55,693.0716666666667,684.6721696817146,99.03333333333333,0.9302374146124145,0.035901553818672306,5,1,0.0,0.8333333333333334,4,1,0.2,0.0010303063146891824
ACC_00528,1,1,0,381.3,0.0,381.3,381.3,0.0,999.0,0.0,0.9973842532042898,1,0,0.0,0.0,1,0,0.0,0.0007425935374384639
ACC_00529,18,5,13,1145.9699999999998,4584.53,932.28,318.3611111111111,316.79764242454775,40.53333333333333,3.9970792610094428,0.5999406787054,5,13,0.0,0.8333333333333334,5,13,2.1666666666666665,0.001088846075799235
ACC_00530,5,5,0,974.77,0.0,338.65,194.954,149.20832158428698,999.0,0.0,0.998975168328602,5,0,0.0,0.8,0,0,0.0,0.0
ACC_00531,1,1,0,199.25,0.0,199.25,199.25,0.0,999.0,0.0,0.9950062421972534,1,0,0.0,1.0,0,0,0.0,0.0
ACC_00532,5,5,0,1460.89,0.0,547.19,292.178,226.644511780012,999.0,0.0,0.9993159540047473,5,0,0.0,0.6,3,0,0.0,0.00111936859423252
ACC_00533,2,2,0,215.07999999999998,0.0,200.44,107.53999999999999,131.38043994446053,999.0,0.0,0.9953720844131803,2,0,0.0,1.0,0,0,0.0,0.0
ACC_00534,4,3,1,1394.48,1247.17,1247.17,660.4125000000001,526.5915830049572,0.0,0.8937211568779202,0.05574328798743683,3,1,0.0,0.75,3,1,0.25,0.0008688001309978125
ACC_00535,5,5,0,1487.3899999999999,0.0,464.56,297.47799999999995,166.60656820785908,999.0,0.0,0.9993281330833989,5,0,0.0,0.8,2,0,0.0,0.0008792083772343679
ACC_00536,2,2,0,2465.25,0.0,1903.75,1232.625,949.1140770476434,999.0,0.0,0.9995945261023822,2,0,0.0,1.0,2,0,0.0,0.001759474373637065
ACC_00537,3,2,1,122.5,2397.76,2397.76,840.0866666666667,1349.2390818655283,0.0,19.41506072874494,0.9024297375121962,2,1,0.0,0.6666666666666666,2,1,0.3333333333333333,0.0007030590989648155
ACC_00538,2,2,0,357.63,0.0,337.16,178.815,223.93364653396776,999.0,0.0,0.9972116108524106,2,0,0.0,1.0,2,0,0.0,0.0007316524747660743
ACC_00539,3,3,0,2294.23,0.0,1165.78,764.7433333333333,409.5024762236894,999.0,0.0,0.9995643138160446,3,0,0.0,0.3333333333333333,3,0,0.0,0.0016442492137480466
ACC_00540,13,3,10,563.03,3195.85,915.32,289.1446153846154,242.45350924164768,60.35,5.666099320958105,0.7002404332053149,3,10,0.0,0.46153846153846156,2,10,3.3333333333333335,0.0007462358525364735
ACC_00541,4,4,0,2227.71,0.0,1081.97,556.9275,419.83689129430576,999.0,0.0,0.9995513099505993,4,0,0.0,1.0,5,0,0.0,0.0011500447062037396
ACC_00542,4,4,0,674.5899999999999,0.0,276.96,168.64749999999998,107.34584959373137,999.0,0.0,0.9985198123122012,4,0,0.0,1.0,4,0,0.0,0.0007611057094396865
ACC_00543,16,9,7,2294.39,1943.19,634.42,264.84875,206.71656727267893,7.133333333333334,0.8465620221400285,0.08285793827177966,9,7,0.0,0.5625,5,7,1.1666666666666667,0.0007454912823025037
ACC_00544,5,5,0,660.4499999999999,0.0,332.06,132.08999999999997,114.75611857325953,999.0,0.0,0.9984881699296999,5,0,0.0,0.6,4,0,0.0,0.0014558655223784248
ACC_00545,6,6,0,1183.1200000000001,0.0,475.45,197.1866666666667,191.56341567916004,999.0,0.0,0.999155490997534,6,0,0.0,0.5,7,0,0.0,0.0010170775304649984
ACC_00546,4,4,0,969.06,0.0,567.11,242.265,217.80998852210612,999.0,0.0,0.9989691359297364,4,0,0.0,0.75,4,0,0.0,0.0008217124679039858
ACC_00547,17,2,15,102.51,4510.69,1038.11,271.364705882353,298.2480016931724,81.31666666666666,43.577335523137855,0.9553508733908369,2,15,0.0,0.8235294117647058,3,15,3.75,0.0007069303087920266
ACC_00548,3,3,0,1017.41,0.0,802.0,339.13666666666666,400.9441851845882,999.0,0.0,0.9990180771987707,3,0,0.0,0.6666666666666666,4,0,0.0,0.0007713219825242691
ACC_00549,2,2,0,328.34000000000003,0.0,197.79,164.17000000000002,47.54585996698344,999.0,0.0,0.9969636242181332,2,0,0.0,1.0,3,0,0.0,0.0008526952815965294
ACC_00550,3,3,0,981.87,0.0,370.96,327.29,67.4543008265596,999.0,0.0,0.99898257144892,3,0,0.0,1.0,5,0,0.0,0.001079206670042991
ACC_00551,2,2,0,2275.16,0.0,1749.1,1137.58,864.819877662395,999.0,0.0,0.9995606635737382,2,0,0.0,0.5,2,0,0.0,0.0014126206876818358
ACC_00552,3,3,0,478.23999999999995,0.0,377.02,159.41333333333333,188.59346338972975,999.0,0.0,0.9979133628244721,3,0,0.0,0.6666666666666666,4,0,0.0,0.0007956767387833589
ACC_00553,8,8,0,1951.5,0.0,658.74,243.9375,237.1252332629322,999.0,0.0,0.9994878361075544,7,0,0.0,0.75,6,0,0.0,0.0009774669351697918
ACC_00554,5,5,0,1670.6599999999999,0.0,794.12,334.13199999999995,298.05658602017166,999.0,0.0,0.9994017922304775,5,0,0.0,0.8,2,0,0.0,0.0008473996723380927
ACC_00555,2,1,1,98.05,1432.31,1432.31,765.18,943.4642938659629,0.0,14.460474507824332,0.871290878696061,1,1,0.0,1.0,0,1,1.0,0.0006714142405782801
ACC_00556,4,4,0,1524.2399999999998,0.0,1001.23,381.05999999999995,457.7155373518943,999.0,0.0,0.9993443654769085,4,0,0.0,0.5,3,0,0.0,0.0007422187769718987
ACC_00557,18,6,12,756.99,4888.51,1324.7,313.6388888888889,327.93681763931096,29.316666666666666,6.449306719086004,0.7316957407243426,6,12,0.0,0.6111111111111112,6,12,1.7142857142857142,0.0008082516932941932
ACC_00558,14,1,13,94.49,4544.450000000001,1069.29,331.3528571428572,319.66596068705536,62.666666666666664,47.59084720913186,0.9590555050280823,1,13,0.0,0.6428571428571429,4,13,2.6,0.0008118618389956623
ACC_00559,4,4,0,1559.4500000000003,0.0,659.69,389.86250000000007,235.33921947903204,999.0,0.0,0.9993591592168926,4,0,0.0,0.5,4,0,0.0,0.0009350196458555325
ACC_00560,5,5,0,1887.31,0.0,923.35,377.462,360.5158618840508,999.0,0.0,0.9994704259364193,5,0,0.0,0.6,3,0,0.0,0.001019593368865525
ACC_00561,3,3,0,688.8399999999999,0.0,404.68,229.61333333333332,151.64490045277927,999.0,0.0,0.9985503884958831,3,0,0.0,0.3333333333333333,2,0,0.0,0.0007363137640616188
ACC_00562,6,6,0,1209.4899999999998,0.0,681.27,201.58166666666662,266.6307715487218,999.0,0.0,0.9991738882601261,6,0,0.0,0.6666666666666666,6,0,0.0,0.0009596024172263944
ACC_00563,14,5,9,930.55,2589.4399999999996,667.88,251.42785714285714,222.3332772829174,91.73333333333333,2.779711233964897,0.47114305919641913,5,9,0.0,0.7142857142857143,6,9,1.2857142857142858,0.0008099310344833099
ACC_00564,21,2,19,619.56,4636.429999999999,940.91,250.28523809523807,237.4007414187885,0.0,7.471364573933221,0.7641007496685365,2,19,0.0,0.6666666666666666,6,19,2.7142857142857144,0.0023849263190843344
ACC_00565,4,4,0,1001.98,0.0,483.71,250.495,183.78742294654802,999.0,0.0,0.999002971145985,3,0,0.0,0.5,1,0,0.0,0.0007832528593634286
ACC_00566,4,4,0,1293.98,0.0,567.41,323.495,189.327379337133,999.0,0.0,0.9992277873017343,4,0,0.0,0.75,5,0,0.0,0.0011687780497064417
ACC_00567,2,2,0,293.82,0.0,226.41,146.91,112.42997820866105,999.0,0.0,0.9966080998575402,2,0,0.0,0.5,2,0,0.0,0.0007114620518753208
ACC_00568,1,1,0,177.26,0.0,177.26,177.26,0.0,999.0,0.0,0.9943902165376416,1,0,0.0,1.0,1,0,0.0,0.0006955621004379113
ACC_00569,1,1,0,512.9,0.0,512.9,512.9,0.0,999.0,0.0,0.9980540961276513,1,0,0.0,0.0,1,0,0.0,0.0007033572668360955
ACC_00570,4,4,0,734.64,0.0,323.04,183.66,145.62217024432326,999.0,0.0,0.9986406394432059,4,0,0.0,1.0,5,0,0.0,0.0008472211452070567
ACC_00571,4,4,0,1559.99,0.0,1183.65,389.9975,536.1744904024561,999.0,0.0,0.9993593809057073,4,0,0.0,0.75,6,0,0.0,0.0010560299890500884
ACC_00572,6,6,0,907.78,0.0,361.75,151.29666666666665,111.29889535240979,999.0,0.0,0.9988996236712956,6,0,0.0,0.8333333333333334,6,0,0.0,0.0009016308695411336
ACC_00573,2,2,0,642.22,0.0,449.07,321.11,180.96276744126124,999.0,0.0,0.9984453219738192,2,0,0.0,1.0,5,0,0.0,0.001475706974274137
ACC_00574,1,1,0,779.35,0.0,779.35,779.35,0.0,999.0,0.0,0.9987185237393478,1,0,0.0,0.0,2,0,0.0,0.0008243831016336923
ACC_00575,5,4,1,94.76,2312.24,2312.24,481.3999999999999,1023.5102197584546,131.88333333333333,24.146198830409354,0.9208803986710962,4,1,0.0,0.8,2,1,0.3333333333333333,0.000678306450218669
ACC_00576,7,7,0,1830.7300000000002,0.0,523.73,261.53285714285715,165.1358731180969,999.0,0.0,0.999454068012207,7,0,0.0,0.8571428571428571,1,0,0.0,0.0006973222845899005
ACC_00577,5,3,2,607.01,617.6300000000001,557.19,244.92800000000003,202.51820515696858,114.51666666666667,1.0158221081890102,0.008664860807414998,3,2,0.0,0.2,4,2,0.4,0.0010101857499983686
ACC_00578,8,8,0,1717.57,0.0,548.04,214.69625,165.12012760736175,999.0,0.0,0.9994181208795685,8,0,0.0,0.625,4,0,0.0,0.0007555696529644757
ACC_00579,4,4,0,1948.95,0.0,1376.69,487.2375,609.6974622097423,999.0,0.0,0.9994871663375984,4,0,0.0,0.75,4,0,0.0,0.000919140521477325
ACC_00580,3,3,0,1220.19,0.0,571.49,406.73,154.12587745086807,999.0,0.0,0.9991811266060154,3,0,0.0,1.0,4,0,0.0,0.0012976433429808894
ACC_00581,4,4,0,923.8400000000001,0.0,426.6,230.96000000000004,161.8326617219157,999.0,0.0,0.9989187318887591,4,0,0.0,0.25,1,0,0.0,0.0007560158731067541
ACC_00582,8,8,0,1980.9300000000003,0.0,700.87,247.61625000000004,238.99067160142465,999.0,0.0,0.9994954413122562,8,0,0.0,0.625,7,0,0.0,0.0011243913458205243
ACC_00583,3,2,1,200.69,2821.95,2821.95,1007.5466666666666,1572.4927129348907,102.61666666666666,13.99152164212405,0.8669219880673624,1,1,0.0,1.0,1,1,0.5,0.0007409250783321543
ACC_00584,7,7,0,1169.1000000000001,0.0,383.83,167.01428571428573,129.26996865180286,999.0,0.0,0.9991453721904111,7,0,0.0,0.8571428571428571,4,0,0.0,0.0007644970152758993
ACC_00585,7,7,0,3114.6,0.0,2083.93,444.9428571428571,749.7607526118868,999.0,0.0,0.9996790345358839,7,0,0.0,0.8571428571428571,6,0,0.0,0.0018635901039826108
ACC_00586,6,5,1,1934.23,265.7,753.35,366.655,235.59785845800891,160.43333333333334,0.13729634203686383,0.7581022567732731,5,1,0.0,0.6666666666666666,6,1,0.14285714285714285,0.0013861177388324792
ACC_00587,13,0,13,0.0,2712.49,944.62,208.6530769230769,237.79976543248227,999.0,2712.49,0.9996314709101563,0,13,0.0,0.6153846153846154,0,13,13.0,0.0006714142405782801
ACC_00588,21,1,20,146.12,5780.570000000001,945.19,282.22333333333336,221.44270460625552,0.0,39.29153072321915,0.9505304764587892,1,19,0.0,0.6190476190476191,2,19,6.333333333333333,0.0009744470490416831
ACC_00589,21,4,17,760.79,3579.42,471.12,206.67666666666668,117.94326535810909,51.833333333333336,4.698696491158981,0.6492728985697536,3,16,0.0,0.6666666666666666,4,16,3.2,0.0008000078332781968
ACC_00590,6,2,4,767.85,2256.99,1515.49,504.13999999999993,538.7814743659994,140.73333333333332,2.9355400923457107,0.4921410253020649,2,4,0.0,0.8333333333333334,3,4,1.0,0.0008259469865593044
ACC_00591,19,2,17,148.15,4004.4,716.62,218.55526315789476,236.1385181382699,0.0,26.84813945692256,0.9284226745795765,2,17,0.0,0.631578947368421,1,17,8.5,0.0007013269502105341
ACC_00592,2,2,0,428.12,0.0,299.2,214.06,120.40614270044532,999.0,0.0,0.9976696495152871,2,0,0.0,1.0,4,0,0.0,0.0009066591878917933
ACC_00593,27,4,23,1205.4500000000003,5570.080000000001,863.47,250.9455555555555,218.9126078938164,0.0,4.616917402295992,0.6440803774203022,4,23,0.0,0.8148148148148148,2,23,7.666666666666667,0.0008423561697356798
ACC_00594,3,3,0,349.34,0.0,238.49,116.44666666666666,111.73140397101137,999.0,0.0,0.997145629959468,3,0,0.0,0.3333333333333333,2,0,0.0,0.0007260435299822716
ACC_00595,5,4,1,1577.98,2778.58,2778.58,871.3119999999999,1090.1341757187506,1.1666666666666667,1.759730965560045,0.27552116321978354,4,1,0.0,1.0,5,1,0.16666666666666666,0.001081494600394416
ACC_00596,1,1,0,220.76,0.0,220.76,220.76,0.0,999.0,0.0,0.9954906204906205,1,0,0.0,1.0,3,0,0.0,0.0008391498938669461
ACC_00597,7,7,0,1634.39,0.0,485.32,233.48428571428573,160.18539892440705,999.0,0.0,0.9993885250613004,7,0,0.0,0.42857142857142855,6,0,0.0,0.0012651916251741186
ACC_00598,2,2,0,531.76,0.0,521.67,265.88,361.74168711941394,999.0,0.0,0.9981229822058713,2,0,0.0,1.0,3,0,0.0,0.0007768978013467022
ACC_00599,1,1,0,102.1,0.0,102.1,102.1,0.0,999.0,0.0,0.9903006789524733,1,0,0.0,1.0,3,0,0.0,0.0007616997492530652
ACC_00600,15,0,15,0.0,4366.1900000000005,1002.55,291.07933333333335,251.64226954339838,999.0,4366.1900000000005,0.9997710198090763,0,15,0.0,0.7333333333333333,0,15,15.0,0.0006714142405782801
ACC_00601,7,5,2,1032.3,217.82,506.23,178.5885714285714,160.13766425886735,142.51666666666668,0.21080034839833545,0.6510007033697808,5,2,0.0,0.7142857142857143,5,2,0.3333333333333333,0.0008278799101456046
ACC_00602,6,6,0,1862.1000000000001,0.0,828.72,310.35,289.7768700224364,999.0,0.0,0.9994632601578015,6,0,0.0,0.8333333333333334,4,0,0.0,0.0007879907272512001
ACC_00603,11,4,7,1486.37,1300.2,852.37,253.32454545454547,256.065809250811,128.83333333333334,0.8741604308275682,0.06678576681482433,4,7,0.0,0.6363636363636364,2,7,2.3333333333333335,0.0008139185929828296
ACC_00604,20,4,16,1368.3,4741.51,860.05,305.4905,263.82832393483295,0.0,3.462725480172351,0.552007017073023,4,16,0.0,0.55,6,16,2.2857142857142856,0.0012367434383576256
ACC_00605,25,6,19,1813.1599999999999,4515.590000000001,824.38,253.15,251.63688380614371,29.1,2.489080345724744,0.4269410324262413,6,19,0.0,0.68,5,19,3.1666666666666665,0.0008368152848196213
ACC_00606,3,3,0,1430.05,0.0,836.53,476.68333333333334,390.6719565483723,999.0,0.0,0.9993012123964921,3,0,0.0,0.3333333333333333,5,0,0.0,0.00108403508306518
ACC_00607,10,3,7,523.4100000000001,832.7100000000002,313.04,135.612,111.87131295476166,55.56666666666667,1.5878987814877672,0.22790910162697475,3,7,0.0,0.7,3,7,1.75,0.0007908712517295177
ACC_00608,3,3,0,946.02,0.0,734.62,315.34,363.54659357501896,999.0,0.0,0.9989440560917404,3,0,0.0,0.3333333333333333,4,0,0.0,0.0009194091737155994
ACC_00609,3,3,0,663.13,0.0,450.75,221.04333333333332,200.83318807740253,999.0,0.0,0.9984942707000135,3,0,0.0,0.6666666666666666,2,0,0.0,0.0008227644133863817
ACC_00610,5,4,1,597.92,2569.29,2569.29,633.442,1088.214834014865,34.6,4.289871769184533,0.6222346372241738,4,1,0.0,0.4,4,1,0.2,0.0007795750331232353
ACC_00611,40,18,22,30480.949999999997,23334.289999999997,2971.77,1345.3809999999999,846.8211419965303,0.0,0.765511720870876,0.1327974603948548,17,22,0.0,0.925,19,22,1.1,0.010569735783222088
ACC_00612,3,2,1,612.7,1390.19,1390.19,667.63,626.0989241326006,33.36666666666667,2.2652598989734396,0.3879903587522269,2,1,0.0,1.0,3,1,0.25,0.0007780000236971185
ACC_00613,10,10,0,1493.9199999999998,0.0,365.45,149.392,116.82930518971304,999.0,0.0,0.9993310678832312,10,0,0.0,0.8,6,0,0.0,0.0009364990195295136
ACC_00614,18,2,16,257.77,4846.09,1261.13,283.5477777777778,291.1714161503607,24.966666666666665,18.727402712833793,0.898814071296764,2,16,0.0,0.7777777777777778,3,16,4.0,0.0007797920758034346
ACC_00615,2,2,0,409.8,0.0,242.87,204.9,53.69768896330641,999.0,0.0,0.9975657254138267,2,0,0.0,0.5,3,0,0.0,0.0007911645248914443
ACC_00616,3,3,0,244.78,0.0,87.59,81.59333333333333,8.865338873011758,999.0,0.0,0.9959313206933029,3,0,0.0,0.3333333333333333,4,0,0.0,0.0008893396641996127
ACC_00617,17,2,15,657.08,4757.660000000001,1012.51,318.51411764705887,292.26111552982087,0.0,7.229607342572332,0.7571596863955804,2,14,0.0,0.5294117647058824,1,14,7.0,0.0007146479360581935
ACC_00618,6,6,0,1122.65,0.0,760.22,187.10833333333335,285.38779184938284,999.0,0.0,0.9991100431629066,6,0,0.0,0.6666666666666666,6,0,0.0,0.0008984570427572572
ACC_00619,2,2,0,558.88,0.0,367.86,279.44,125.04476318502907,999.0,0.0,0.9982139029792099,2,0,0.0,0.5,2,0,0.0,0.0008191077349445188
ACC_00620,3,3,0,630.6999999999999,0.0,401.53,210.23333333333332,188.23841699646044,999.0,0.0,0.9984169700807345,3,0,0.0,0.3333333333333333,3,0,0.0,0.0007938647133610504
ACC_00621,22,6,16,847.0500000000001,4352.28,922.76,236.33318181818177,240.54839218883183,49.083333333333336,5.132103059961087,0.6740399166975941,6,16,0.0,0.5909090909090909,4,16,3.2,0.0008366928225078875
ACC_00622,27,6,21,1766.34,5086.079999999999,876.79,253.79333333333338,212.26474867666846,19.916666666666668,2.8778163794176557,0.48439173434577176,6,21,0.0,0.7777777777777778,1,21,10.5,0.0007119459451520105
ACC_00623,3,3,0,161.68,0.0,127.53,53.89333333333334,64.15371410396543,999.0,0.0,0.9938529628718957,3,0,0.0,0.6666666666666666,6,0,0.0,0.0009591324374290378
ACC_00624,3,3,0,1048.77,0.0,668.03,349.59,297.6713417512677,999.0,0.0,0.999047410385132,3,0,0.0,1.0,3,0,0.0,0.001050222457975242
ACC_00625,2,2,0,513.29,0.0,421.91,256.645,233.7200043855896,999.0,0.0,0.9980555717591242,2,0,0.0,0.5,2,0,0.0,0.0007802709711451558
ACC_00626,2,1,1,158.2,594.43,594.43,376.31499999999994,308.4611911570076,0.0,3.733856783919598,0.5788384220373394,1,1,0.0,0.5,2,1,0.3333333333333333,0.0007495997533303435
ACC_00627,4,4,0,679.8499999999999,0.0,303.56,169.96249999999998,140.6274094608397,999.0,0.0,0.9985312477050745,4,0,0.0,0.75,0,0,0.0,0.0
ACC_00628,4,4,0,1782.25,0.0,732.38,445.5625,214.1094110301242,999.0,0.0,0.9994392261320623,4,0,0.0,0.25,3,0,0.0,0.0009156177042810769
ACC_00629,25,2,23,349.69,8137.789999999999,824.96,339.4992,262.6584513032086,0.0,23.20508141093273,0.9174905283395849,2,23,0.0,0.84,3,23,5.75,0.000903851602623928
ACC_00630,2,2,0,451.62,0.0,353.93,225.81,181.18904161124095,999.0,0.0,0.9977906411559365,2,0,0.0,0.0,3,0,0.0,0.0011649893909566444
ACC_00631,4,4,0,1386.56,0.0,802.21,346.64,347.4102403979096,999.0,0.0,0.999279310444233,4,0,0.0,0.75,6,0,0.0,0.0014546982325690707
ACC_00632,3,2,1,318.1,2079.46,2079.46,799.1866666666666,1108.8765017049163,0.0,6.516640551551237,0.7343406043626176,2,1,0.0,0.6666666666666666,2,1,0.3333333333333333,0.000782299534460135
ACC_00633,2,2,0,557.76,0.0,380.36,278.88,143.51439230962168,999.0,0.0,0.9982103228577565,2,0,0.0,1.0,2,0,0.0,0.0007659577635177385
ACC_00634,4,4,0,918.7400000000001,0.0,279.7,229.68500000000003,82.98156120488454,999.0,0.0,0.9989127362080588,4,0,0.0,1.0,5,0,0.0,0.0009856780071466184
ACC_00635,14,8,6,3915.76,621.48,2206.16,324.08857142857147,558.4534294729597,68.5,0.15867196356171936,0.7258937385418136,8,6,0.0,0.7142857142857143,7,6,0.75,0.0018024803641436497
ACC_00636,3,3,0,1607.6499999999999,0.0,1022.04,535.8833333333333,438.21176847881816,999.0,0.0,0.9993783607372642,3,0,0.0,1.0,5,0,0.0,0.0013934263650110328
ACC_00637,3,3,0,172.24,0.0,77.21,57.413333333333334,20.345590021754916,999.0,0.0,0.9942276610482568,3,0,0.0,0.3333333333333333,0,0,0.0,0.0
ACC_00638,7,3,4,1122.49,1366.26,883.63,355.5357142857143,358.0874894890513,142.48333333333332,1.216085590436942,0.09790942865749573,3,4,0.0,0.8571428571428571,3,4,1.0,0.0008163283017633262
ACC_00639,3,3,0,388.92,0.0,172.55,129.64000000000001,55.47953766930652,999.0,0.0,0.9974353713582274,3,0,0.0,1.0,3,0,0.0,0.0007289070287466149
ACC_00640,2,2,0,649.45,0.0,470.5,324.725,206.1569820549379,999.0,0.0,0.9984626028134369,2,0,0.0,0.5,1,0,0.0,0.0007197547605768565
ACC_00641,24,1,23,299.93,6754.96,802.21,293.95374999999996,226.27905036293612,0.0,22.44694779516831,0.9148427767439684,1,23,0.0,0.6666666666666666,4,23,4.6,0.0008227085394724553
ACC_00642,6,6,0,1458.6200000000001,0.0,669.36,243.10333333333335,226.70498668239892,999.0,0.0,0.9993148901768953,5,0,0.0,0.3333333333333333,6,0,0.0,0.0009731818456424738
ACC_00643,4,4,0,574.81,0.0,333.43,143.7025,128.41958115879368,999.0,0.0,0.998263316024383,4,0,0.0,0.75,3,0,0.0,0.0007620165311373014
ACC_00644,4,3,1,222.89,832.93,832.93,263.955,380.82391175800217,48.05,3.7202644155612132,0.5772411574345678,3,1,0.0,0.5,3,1,0.25,0.000740319459850541
ACC_00645,13,1,12,41.45,3679.24,966.32,286.20692307692303,296.27312459352476,65.55,86.672320376914,0.977456478105377,1,12,0.0,0.5384615384615384,3,12,3.0,0.0007644245378361639
ACC_00646,4,4,0,865.0,0.0,390.53,216.25,145.94260218775506,999.0,0.0,0.9988452655889145,4,0,0.0,0.75,3,0,0.0,0.0007975935986876783
ACC_00647,1,1,0,202.77,0.0,202.77,202.77,0.0,999.0,0.0,0.9950925062570545,1,0,0.0,1.0,3,0,0.0,0.0009616530810884411
ACC_00648,2,1,1,43.59,945.75,945.75,494.67,637.9234537152557,0.0,21.20991253644315,0.9109598723670658,1,1,0.0,0.5,2,1,0.3333333333333333,0.0007240427518035591
ACC_00649,4,4,0,902.51,0.0,388.04,225.6275,145.23253936933924,999.0,0.0,0.9988932053878762,4,0,0.0,0.25,1,0,0.0,0.0006940750360895662
ACC_00650,4,4,0,645.5500000000001,0.0,281.11,161.38750000000002,96.00662386002332,999.0,0.0,0.9984533292088779,4,0,0.0,1.0,1,0,0.0,0.0010448765856311776
ACC_00651,18,3,15,602.8199999999999,3006.17,610.58,200.49944444444444,163.1908022016027,0.0,4.978586333675599,0.6657497666198523,3,15,0.0,0.6666666666666666,2,15,5.0,0.0008177440312636189
ACC_00652,4,4,0,1091.71,0.0,475.79,272.9275,181.47391040679466,999.0,0.0,0.999084844103193,4,0,0.0,0.75,4,0,0.0,0.0008647593010356462
ACC_00653,3,3,0,931.94,0.0,837.57,310.6466666666667,456.5988200086958,999.0,0.0,0.9989281197075911,3,0,0.0,0.6666666666666666,2,0,0.0,0.001047410904500256
ACC_00654,5,5,0,1515.33,0.0,367.77,303.066,50.98891575627001,999.0,0.0,0.9993405129490283,5,0,0.0,0.6,6,0,0.0,0.0015550382838678014
ACC_00655,3,3,0,484.67999999999995,0.0,262.37,161.55999999999997,106.36334942074737,999.0,0.0,0.9979410311316093,3,0,0.0,1.0,2,0,0.0,0.000740198307634165
ACC_00656,11,1,10,469.88,2452.7799999999997,654.08,265.6963636363636,218.85012311043954,0.0,5.2089279646619095,0.6782252382287953,1,10,0.0,0.7272727272727273,0,10,10.0,0.0006714142405782801
ACC_00657,7,7,0,4222.589999999999,0.0,1926.97,603.2271428571428,670.0452054579174,999.0,0.0,0.999763234594267,7,0,0.0,0.8571428571428571,7,0,0.0,0.0017557113595969807
ACC_00658,5,4,1,563.11,1852.12,1852.12,483.046,775.8686419298049,58.083333333333336,3.2832603570225665,0.5334798425646564,4,1,0.0,0.6,4,1,0.2,0.0007743035794836096
ACC_00659,5,5,0,1326.65,0.0,677.64,265.33000000000004,235.2976926151211,999.0,0.0,0.9992467894399879,5,0,0.0,0.8,0,0,0.0,0.0
ACC_00660,4,4,0,1273.1299999999999,0.0,874.03,318.28249999999997,398.66863712236,999.0,0.0,0.9992151507303022,4,0,0.0,1.0,3,0,0.0,0.0008700465859118125
ACC_00661,5,5,0,1426.59,0.0,420.1,285.318,155.04062941693704,999.0,0.0,0.9992995187693946,5,0,0.0,0.6,1,0,0.0,0.0007263192100446993
ACC_00662,2,1,1,120.87,1345.56,1345.56,733.2149999999999,865.9866038513528,0.0,11.04094526954952,0.8345815473310483,1,1,0.0,1.0,4,1,0.2,0.0010327584838332974
ACC_00663,4,4,0,843.4100000000001,0.0,286.95,210.85250000000002,72.13173428988566,999.0,0.0,0.9988157411683898,4,0,0.0,0.5,3,0,0.0,0.0007361314435665501
ACC_00664,18,3,15,720.41,4046.7999999999993,694.47,264.845,214.3177385606817,0.0,5.609570147350327,0.6976181837628795,3,15,0.0,0.5555555555555556,1,15,7.5,0.0006820216498561221
ACC_00665,17,2,15,1497.6399999999999,3724.2800000000007,830.99,307.17176470588237,256.50440554782125,0.0,2.4851064965568788,0.4263209086105092,2,14,0.0,0.5882352941176471,2,14,4.666666666666667,0.0009316267767686217
ACC_00666,3,1,2,434.72,203.27,434.72,212.66333333333333,192.37877386378503,108.53333333333333,0.4665151932433673,0.36221224119313294,1,2,0.0,1.0,2,2,0.6666666666666666,0.000844949063108372
ACC_00667,7,5,2,671.4399999999999,313.39,293.42,140.69,99.01935804006541,126.38333333333334,0.4660490155255488,0.3631964943245793,5,2,0.0,0.5714285714285714,2,2,0.6666666666666666,0.0007135410655473027
ACC_00668,4,4,0,1361.16,0.0,1073.05,340.29,497.53637220475315,999.0,0.0,0.9992658718505902,4,0,0.0,0.75,6,0,0.0,0.0009405364878085204
ACC_00669,8,3,5,1080.44,1588.24,744.48,333.58500000000004,214.8366694557918,115.76666666666667,1.4686344133747595,0.19021006262922893,3,5,0.0,0.375,4,5,1.0,0.0009690192913774254
ACC_00670,4,4,0,526.71,0.0,254.13,131.6775,108.3195166702043,999.0,0.0,0.9981050198025431,4,0,0.0,0.5,5,0,0.0,0.0007707598879030254
ACC_00671,18,4,14,730.1600000000001,2950.62,569.97,204.48777777777778,184.69448144740056,14.766666666666667,4.03553257836862,0.6030941555443291,4,14,0.0,0.7777777777777778,2,14,4.666666666666667,0.0007352972295514432
ACC_00672,2,1,1,146.47,1449.25,1449.25,797.86,921.2045723942103,0.0,9.827422526615583,0.8159101157372614,1,1,0.0,1.0,1,1,0.5,0.0006856737047503251
ACC_00673,13,3,10,1609.3400000000001,3003.12,824.96,354.8046153846154,251.03515612411024,0.0,1.8648980960542492,0.3021116472235588,3,10,0.0,0.7692307692307693,3,10,2.5,0.0009074172722311059
ACC_00674,5,5,0,2043.2699999999998,0.0,937.71,408.65399999999994,406.2250070219705,999.0,0.0,0.9995108278260699,5,0,0.0,0.4,4,0,0.0,0.001055681151960069
ACC_00675,2,2,0,296.2,0.0,229.43,148.1,115.01798902780382,999.0,0.0,0.9966352624495289,2,0,0.0,1.0,2,0,0.0,0.0007296919194052778
ACC_00676,4,4,0,1112.9,0.0,499.58,278.225,239.14122389639698,999.0,0.0,0.9991022533441063,4,0,0.0,1.0,3,0,0.0,0.0010728349135452888
ACC_00677,14,2,12,593.06,2153.33,585.68,196.17071428571427,180.24814739106776,0.0,3.624768541898125,0.5679099072210353,1,12,0.0,0.8571428571428571,2,12,4.0,0.0007104576538787377
ACC_00678,3,3,0,341.02,0.0,185.67,113.67333333333333,64.98522319214833,999.0,0.0,0.9970761943745979,3,0,0.0,0.6666666666666666,3,0,0.0,0.0007114265912190993
ACC_00679,2,2,0,125.21,0.0,113.86,62.605,72.48551613943299,999.0,0.0,0.9920766975675461,2,0,0.0,0.5,3,0,0.0,0.001240946135509459
ACC_00680,4,4,0,1262.05,0.0,756.38,315.5125,324.71393424315295,999.0,0.0,0.999208265706029,4,0,0.0,0.75,4,0,0.0,0.0008208328163582938
ACC_00681,5,5,0,1536.4299999999998,0.0,751.06,307.28599999999994,288.8119195601179,999.0,0.0,0.9993495638825832,5,0,0.0,0.8,2,0,0.0,0.0008028837292522967
ACC_00682,7,4,3,987.72,864.12,664.56,264.5485714285714,222.69804612438577,123.76666666666667,0.8739784772230763,0.06670840439541462,4,3,0.0,0.7142857142857143,2,3,1.0,0.0007200308543747682
ACC_00683,15,3,12,663.0500000000001,3109.1399999999994,648.12,251.47933333333327,229.42002965448913,66.08333333333333,4.682087192229499,0.6482816926791387,3,12,0.0,0.6666666666666666,2,12,4.0,0.0008004018818265415
ACC_00684,4,4,0,519.68,0.0,216.75,129.92,90.38235557895136,999.0,0.0,0.9980794345855419,4,0,0.0,0.75,6,0,0.0,0.0008676910824642608
ACC_00685,2,2,0,626.73,0.0,532.79,313.365,310.31381092371635,999.0,0.0,0.9984069584056839,2,0,0.0,1.0,5,0,0.0,0.000968844326167826
ACC_00686,2,1,1,58.4,949.44,949.44,503.92,630.0604263084614,0.0,15.983838383838386,0.8832322271123271,1,1,0.0,1.0,1,1,0.5,0.000684915761788602
ACC_00687,5,5,0,1552.8600000000001,0.0,698.32,310.572,236.41814052648328,999.0,0.0,0.9993564413782452,5,0,0.0,1.0,3,0,0.0,0.0008013079737551377
ACC_00688,2,2,0,752.79,0.0,380.76,376.395,6.173042199758573,999.0,0.0,0.9986733705673994,2,0,0.0,0.5,2,0,0.0,0.000936261983330945
ACC_00689,5,5,0,370.22,0.0,137.44,74.04400000000001,53.548388677905145,999.0,0.0,0.9973061796239426,5,0,0.0,0.8,3,0,0.0,0.0007195728813889121
ACC_00690,9,3,6,215.35,805.0600000000001,379.48,113.3788888888889,106.41466034391648,133.15,3.7211000693321012,0.5773489587922578,3,6,0.0,0.5555555555555556,3,6,1.5,0.0007254951338521937
ACC_00691,5,4,1,1004.0,22.99,416.99,205.398,149.2940176966244,166.35,0.022875621890547263,0.9542991663343029,4,1,0.0,0.6,1,1,0.5,0.000754940827208364
ACC_00692,4,4,0,682.49,0.0,347.01,170.6225,149.94309640104586,999.0,0.0,0.9985369208035231,4,0,0.0,0.25,4,0,0.0,0.0007969264815208068
ACC_00693,1,1,0,270.63,0.0,270.63,270.63,0.0,999.0,0.0,0.9963185215182417,1,0,0.0,1.0,2,0,0.0,0.0007458707072957409
ACC_00694,2,2,0,1414.4,0.0,773.94,707.2,94.38461315278037,999.0,0.0,0.9992934859403703,2,0,0.0,1.0,5,0,0.0,0.0008256536871858152
ACC_00695,11,1,10,322.9,3062.39,1171.82,307.75363636363636,337.6522181260691,100.8,9.454739117011423,0.8089945043100265,1,10,0.0,0.6363636363636364,4,10,2.0,0.0008940280267763041
ACC_00696,1,0,1,0.0,1324.51,1324.51,1324.51,0.0,999.0,1324.51,0.9992455734019359,0,1,0.0,1.0,0,1,1.0,0.0006714142405782801
ACC_00697,5,5,0,1019.1599999999999,0.0,567.79,203.83199999999997,210.67368421328752,999.0,0.0,0.9990197616060226,5,0,0.0,1.0,5,0,0.0,0.0007815518605744645
ACC_00698,5,5,0,1346.31,0.0,601.5,269.262,206.53742365489117,999.0,0.0,0.9992577803178184,5,0,0.0,0.6,5,0,0.0,0.0010249816485373
ACC_00699,22,7,15,1633.18,4567.84,957.43,281.8645454545454,247.0305449347022,0.0,2.79518780060948,0.4731780935888629,7,15,0.0,0.6363636363636364,3,15,3.75,0.0008115462606040681
ACC_00700,2,2,0,152.53,0.0,118.34,76.265,59.503035636847976,999.0,0.0,0.9934866149938123,2,0,0.0,0.5,1,0,0.0,0.0007054763319302606
ACC_00701,3,3,0,1086.6100000000001,0.0,485.05,362.2033333333334,206.63266255201123,999.0,0.0,0.9990805527716736,3,0,0.0,0.6666666666666666,3,0,0.0,0.0009028907879144858
ACC_00702,12,1,11,32.15,2281.9200000000005,475.93,192.83916666666673,147.9787317309382,0.0,68.83619909502265,0.9717935094835145,1,11,0.0,0.75,4,11,2.2,0.0008190250814098898
ACC_00703,6,6,0,556.0899999999999,0.0,214.67,92.68166666666666,62.118107639131004,999.0,0.0,0.9982049579062628,6,0,0.0,0.8333333333333334,4,0,0.0,0.000721882806738448
ACC_00704,14,2,12,553.8100000000001,2129.64,662.89,191.67499999999998,185.45309996994263,0.0,3.838503271390205,0.5870215500381829,2,12,0.0,0.8571428571428571,1,12,6.0,0.0007050977149187841
ACC_00705,56,22,34,30200.44,26860.819999999996,2982.61,1018.9510714285715,825.712373352805,0.0,0.8893887178889482,0.05852589785262629,22,34,0.0,0.8571428571428571,22,34,1.4782608695652173,0.010383161758378605
ACC_00706,3,3,0,274.5,0.0,136.14,91.5,67.17032157136066,999.0,0.0,0.9963702359346642,3,0,0.0,1.0,3,0,0.0,0.0007151121673185841
ACC_00707,4,4,0,1677.03,0.0,1240.8,419.2575,549.8543638925371,999.0,0.0,0.9994040630977992,4,0,0.0,1.0,4,0,0.0,0.0009532164722242426
ACC_00708,6,6,0,1005.2,0.0,332.48,167.53333333333333,132.0832126603024,999.0,0.0,0.9990061617968595,6,0,0.0,0.8333333333333334,1,0,0.0,0.0006791777433649302
ACC_00709,3,3,0,179.87,0.0,98.51,59.95666666666667,33.69407267359251,999.0,0.0,0.9944711671366174,3,0,0.0,0.3333333333333333,2,0,0.0,0.0006961022694479267
ACC_00710,5,5,0,941.8,0.0,401.79,188.35999999999999,121.44370403606769,999.0,0.0,0.9989393296563428,5,0,0.0,0.8,2,0,0.0,0.0007494815619910726
ACC_00711,5,5,0,2458.17,0.0,992.98,491.634,414.6664441813444,999.0,0.0,0.9995933587348577,5,0,0.0,0.8,4,0,0.0,0.0011547355084199466
ACC_00712,3,3,0,752.49,0.0,444.99,250.83,210.89410446951806,999.0,0.0,0.9986728423734887,3,0,0.0,1.0,3,0,0.0,0.0007701013222643689
ACC_00713,3,3,0,489.27,0.0,272.98,163.09,102.25089290563677,999.0,0.0,0.997960307585616,3,0,0.0,0.3333333333333333,0,0,0.0,0.0
ACC_00714,3,3,0,952.3000000000001,0.0,519.96,317.43333333333334,213.34319682927165,999.0,0.0,0.9989510122731564,3,0,0.0,1.0,2,0,0.0,0.0007270495069204882
ACC_00715,2,2,0,459.85,0.0,279.79,229.925,70.51975928773439,999.0,0.0,0.9978300965607031,2,0,0.0,0.5,3,0,0.0,0.0007813056039319133
ACC_00716,3,3,0,418.51,0.0,233.79,139.50333333333333,113.60854604004635,999.0,0.0,0.9976162665967439,3,0,0.0,0.6666666666666666,3,0,0.0,0.0008030710292591563
ACC_00717,4,4,0,1720.0099999999998,0.0,702.81,430.00249999999994,272.101443996536,999.0,0.0,0.9994189458515639,4,0,0.0,0.75,5,0,0.0,0.0010137223348247086
ACC_00718,1,1,0,138.59,0.0,138.59,138.59,0.0,999.0,0.0,0.992836163048929,1,0,0.0,1.0,1,0,0.0,0.0007060265558698224
ACC_00719,4,2,2,607.74,1123.68,651.32,432.855,262.62311823853844,152.1,1.845911226467786,0.29781461770240475,2,2,0.0,0.75,4,2,0.4,0.0009377801653936938
ACC_00720,2,2,0,110.37,0.0,79.9,55.185,34.95228819405105,999.0,0.0,0.9910209212534794,2,0,0.0,1.0,3,0,0.0,0.0007225830054780503
ACC_00721,6,5,1,1167.4,1485.3,1485.3,442.1166666666666,557.5983787518277,29.666666666666668,1.2712256076686066,0.11979500320307492,5,1,0.0,0.3333333333333333,2,1,0.3333333333333333,0.0008843614923166496
ACC_00722,8,4,4,947.6700000000001,675.31,377.59,202.8725,148.08549970010085,121.23333333333333,0.7118492204876299,0.16771142501754954,4,4,0.0,0.5,2,4,1.3333333333333333,0.0007138085656221999
ACC_00723,49,18,31,30692.089999999997,25322.4,2717.47,1143.152857142857,869.9271487673551,0.0,0.8250195728093849,0.0958608056450099,18,31,0.0,0.8979591836734694,16,31,1.8235294117647058,0.010064465356784355
ACC_00724,5,5,0,1173.25,0.0,422.98,234.65,165.1343639282872,999.0,0.0,0.9991483925910155,5,0,0.0,0.8,4,0,0.0,0.0009946892356394068
ACC_00725,3,3,0,1060.56,0.0,725.69,353.52,334.2606526350357,999.0,0.0,0.9990579901277366,3,0,0.0,1.0,1,0,0.0,0.0007053068118500943
ACC_00726,8,8,0,3128.48,0.0,985.56,391.06,376.15139125471427,999.0,0.0,0.9996804580952746,8,0,0.0,0.75,8,0,0.0,0.001102515996652686
ACC_00727,15,4,11,2568.8199999999997,3087.9800000000005,1389.09,377.12,410.3437599831912,105.43333333333334,1.201632799184379,0.09176004807522371,4,11,0.0,0.8666666666666667,6,11,1.5714285714285714,0.0015339677258912206
ACC_00728,4,4,0,817.6100000000001,0.0,482.45,204.40250000000003,198.44481422215765,999.0,0.0,0.998778417072843,4,0,0.0,0.75,4,0,0.0,0.0007614712550045996
ACC_00729,17,8,9,3694.8,1043.8300000000002,1292.02,278.74294117647054,298.71714218397113,55.016666666666666,0.28243682017425187,0.5593200313104609,8,9,0.0,0.47058823529411764,5,9,1.5,0.001061536045297699
ACC_00730,9,4,5,2018.95,533.45,1345.15,283.6,416.54096257150997,110.85,0.26409069531424045,0.5817733218453826,4,5,0.0,0.8888888888888888,6,5,0.7142857142857143,0.0013690466780222424
ACC_00731,22,3,19,867.5300000000001,4526.469999999999,796.02,245.18181818181813,226.7638572158137,0.0,5.211644963328841,0.678209453197405,3,19,0.0,0.6818181818181818,2,19,6.333333333333333,0.0008995048602771516
ACC_00732,8,8,0,1193.23,0.0,283.39,149.15375,90.4513022787874,999.0,0.0,0.9991626403624092,8,0,0.0,0.75,5,0,0.0,0.0008384057388674683
ACC_00733,7,7,0,1608.72,0.0,440.11,229.81714285714287,114.12370564644398,999.0,0.0,0.9993787739482642,7,0,0.0,0.8571428571428571,4,0,0.0,0.0009089646441571406
ACC_00734,4,4,0,389.86,0.0,232.92,97.465,95.36871272417734,999.0,0.0,0.9974415391700353,4,0,0.0,0.75,4,0,0.0,0.0007494490819141178
ACC_00735,2,2,0,331.76,0.0,256.88,165.88,128.69343417595164,999.0,0.0,0.9969948311095084,2,0,0.0,0.5,3,0,0.0,0.0010496857801896822
ACC_00736,3,3,0,322.71000000000004,0.0,201.31,107.57000000000001,87.47856194519889,999.0,0.0,0.9969108152358592,3,0,0.0,0.3333333333333333,3,0,0.0,0.0007503267998753488
ACC_00737,2,1,1,39.32,890.71,890.71,465.01500000000004,602.0236424344147,0.0,22.091021825396826,0.9144603288830649,1,1,0.0,0.5,1,1,0.5,0.0006759335733849555
ACC_00738,3,3,0,2396.33,0.0,1833.21,798.7766666666666,902.8606037109679,999.0,0.0,0.9995828692754022,3,0,0.0,1.0,4,0,0.0,0.0014854469469306373
ACC_00739,2,2,0,1026.94,0.0,1016.54,513.47,711.4484168230329,999.0,0.0,0.9990271805747417,2,0,0.0,1.0,2,0,0.0,0.0010172356673063179
ACC_00740,4,4,0,727.5500000000001,0.0,359.91,181.88750000000002,148.0443637056136,999.0,0.0,0.998627410610116,4,0,0.0,0.5,5,0,0.0,0.0007780921230072749
ACC_00741,2,2,0,210.14,0.0,142.94,105.07,53.55626760706911,999.0,0.0,0.995263806005494,2,0,0.0,0.5,2,0,0.0,0.000707279309225205
ACC_00742,10,5,5,623.88,967.03,318.77,159.09099999999998,109.81776424301003,127.08333333333333,1.5475451286647035,0.2155586685176926,5,5,0.0,0.7,0,5,5.0,0.0006714142405782801
ACC_00743,8,8,0,2850.05,0.0,1057.42,356.25625,314.16237252812437,999.0,0.0,0.9996492520299539,7,0,0.0,0.375,1,0,0.0,0.000896632636744291
ACC_00744,4,4,0,2591.95,0.0,915.32,647.9875,344.23514670207635,999.0,0.0,0.9996143388804257,4,0,0.0,0.5,4,0,0.0,0.0012808745058246623
ACC_00745,4,4,0,1226.72,0.0,637.68,306.68,257.709433665126,999.0,0.0,0.9991854820317336,4,0,0.0,0.75,5,0,0.0,0.0008956888695856372
ACC_00746,2,2,0,1131.5800000000002,0.0,1118.69,565.7900000000001,781.9186786360843,999.0,0.0,0.9991170601635204,2,0,0.0,0.5,1,0,0.0,0.0006737829769274189
ACC_00747,3,3,0,1079.0700000000002,0.0,756.94,359.69000000000005,365.8309389595145,999.0,0.0,0.999074134083902,3,0,0.0,0.3333333333333333,3,0,0.0,0.0007480648089016613
ACC_00748,4,4,0,2326.27,0.0,1736.81,581.5675,777.6090022787802,999.0,0.0,0.9995703119964594,4,0,0.0,1.0,4,0,0.0,0.0013282871021027848
ACC_00749,2,2,0,753.55,0.0,427.27,376.775,71.41071383202944,999.0,0.0,0.9986747067788748,2,0,0.0,0.5,0,0,0.0,0.0
ACC_00750,6,6,0,1635.6499999999999,0.0,457.88,272.6083333333333,198.78655210216476,999.0,0.0,0.9993889958146214,6,0,0.0,0.8333333333333334,5,0,0.0,0.0009677257036029476
ACC_00751,24,4,20,1539.57,5943.04,878.15,311.7754166666667,204.7400420252826,10.0,3.8576890371745525,0.5884152167202727,4,20,0.0,0.4583333333333333,3,20,5.0,0.0008035792014170966
ACC_00752,4,4,0,966.0500000000001,0.0,623.69,241.51250000000002,263.65941596119796,999.0,0.0,0.9989659273046895,4,0,0.0,0.75,3,0,0.0,0.0007429817548677692
ACC_00753,3,3,0,1933.6999999999998,0.0,1559.6,644.5666666666666,798.1484033269335,999.0,0.0,0.9994831239985528,3,0,0.0,0.6666666666666666,4,0,0.0,0.0012810428829164203
ACC_00754,5,5,0,878.24,0.0,352.41,175.648,150.71928997311525,999.0,0.0,0.998862654110368,5,0,0.0,0.6,1,0,0.0,0.0007459382283520467
ACC_00755,22,5,17,2289.7599999999998,5289.199999999999,993.38,344.49818181818176,253.34194489692354,0.0,2.3089280413487225,0.3957065736494651,5,17,0.0,0.7272727272727273,2,17,5.666666666666667,0.0008171022690821477
ACC_00756,3,3,0,658.46,0.0,536.47,219.48666666666668,274.5276959312727,999.0,0.0,0.9984836078003215,3,0,0.0,0.3333333333333333,3,0,0.0,0.0007422228902276265
ACC_00757,2,2,0,32.05,0.0,21.81,16.025,8.181225458328354,999.0,0.0,0.9697428139183056,2,0,0.0,0.5,2,0,0.0,0.0006785369313213911
ACC_00758,2,2,0,530.26,0.0,364.29,265.13,140.23341684491612,999.0,0.0,0.9981176824906826,2,0,0.0,0.5,3,0,0.0,0.0011208555414304621
ACC_00759,5,5,0,1137.82,0.0,401.05,227.564,169.77659638477854,999.0,0.0,0.9991218981050561,5,0,0.0,0.8,4,0,0.0,0.0008314392500291406
ACC_00760,2,2,0,909.3,0.0,469.51,454.65,21.015213536864174,999.0,0.0,0.9989014610567944,2,0,0.0,1.0,5,0,0.0,0.0011312879173392277
ACC_00761,18,1,17,546.34,5061.41,979.83,311.5416666666667,272.6860910676683,0.0,9.247286878357144,0.8050046801872074,1,17,0.0,0.6111111111111112,1,17,8.5,0.0009333779090747458
ACC_00762,5,5,0,2566.6600000000003,0.0,1682.64,513.3320000000001,658.5126110941233,999.0,0.0,0.9996105403363373,5,0,0.0,0.6,5,0,0.0,0.0016156541938289709
ACC_00763,10,9,1,1487.49,688.67,688.67,217.61600000000004,187.79009891069572,157.11666666666667,0.46266350462549294,0.3669091844421173,9,1,0.0,0.6,9,1,0.1,0.0010408758622912893
ACC_00764,5,5,0,1824.75,0.0,833.74,364.95,285.5210555283095,999.0,0.0,0.9994522798849788,5,0,0.0,0.6,7,0,0.0,0.0010933293265061486
ACC_00765,16,1,15,226.96,3907.91,911.16,258.429375,253.03028563049523,0.0,17.142963677838218,0.8900062139283875,1,15,0.0,0.625,4,15,3.0,0.0009154987169400868
ACC_00766,4,4,0,1587.3000000000002,0.0,664.77,396.82500000000005,202.16987683628835,999.0,0.0,0.9993703960209028,4,0,0.0,1.0,5,0,0.0,0.001174303815332004
ACC_00767,2,2,0,84.63,0.0,72.34,42.315,42.46176221025218,999.0,0.0,0.9883218498189886,2,0,0.0,0.5,5,0,0.0,0.0007916576753715585
ACC_00768,10,9,1,3698.1900000000005,733.18,1680.98,443.137,516.1742803883631,122.5,0.19820014651856213,0.6689446052563301,9,1,0.0,0.9,0,1,1.0,0.0006714142405782801
ACC_00769,3,3,0,298.32,0.0,229.89,99.44,113.52142044565862,999.0,0.0,0.9966590939462783,3,0,0.0,1.0,6,0,0.0,0.0011080455328864509
ACC_00770,3,3,0,466.32000000000005,0.0,321.98,155.44000000000003,151.84837404463704,999.0,0.0,0.9978601386630146,3,0,0.0,0.3333333333333333,4,0,0.0,0.001009117458395669
ACC_00771,19,2,17,361.75,3446.17,642.24,200.41684210526316,175.78521534508562,0.0,9.500124052377672,0.8097886014933366,2,16,0.0,0.8421052631578947,1,16,8.0,0.0007043773914052484
ACC_00772,5,5,0,3009.7599999999998,0.0,2003.9,601.952,858.6067665235349,999.0,0.0,0.9996678579494879,5,0,0.0,0.6,4,0,0.0,0.001470225996032801
ACC_00773,21,2,19,454.71000000000004,5020.349999999999,875.69,260.71714285714285,221.86110727531442,6.616666666666666,11.016545610146801,0.8337454301085087,2,19,0.0,0.7619047619047619,2,19,6.333333333333333,0.0007937720550128533
ACC_00774,4,4,0,290.62,0.0,136.31,72.655,57.65340377346915,999.0,0.0,0.9965708799122145,4,0,0.0,0.25,7,0,0.0,0.0009401297086444776
ACC_00775,4,4,0,680.36,0.0,322.53,170.09,133.6642826886325,999.0,0.0,0.9985323470705647,4,0,0.0,0.25,1,0,0.0,0.0006899193348349941
ACC_00776,20,2,18,473.01,3134.2400000000002,530.82,180.3625,138.49524897323337,0.0,6.612181177612287,0.7375403588997438,2,18,0.0,0.7,1,18,9.0,0.0007279795940428261
ACC_00777,2,2,0,695.51,0.0,397.77,347.755,70.73189132209032,999.0,0.0,0.9985642704340211,2,0,0.0,0.5,4,0,0.0,0.001024838052780043
ACC_00778,6,6,0,2328.19,0.0,904.3,388.0316666666667,352.8047498215786,999.0,0.0,0.9995706661972618,6,0,0.0,0.8333333333333334,6,0,0.0,0.0013547919140313657
ACC_00779,7,7,0,1392.28,0.0,516.43,198.89714285714285,201.12913096766846,999.0,0.0,0.9992822691777675,7,0,0.0,0.8571428571428571,6,0,0.0,0.0009307166434416377
ACC_00780,3,3,0,863.2199999999999,0.0,381.32,287.73999999999995,135.17761796983996,999.0,0.0,0.9988428872277892,3,0,0.0,1.0,3,0,0.0,0.0008524391543465102
ACC_00781,4,4,0,809.0699999999999,0.0,264.01,202.26749999999998,70.21757964830934,999.0,0.0,0.9987655387805993,4,0,0.0,0.5,5,0,0.0,0.0011928580263224598
ACC_00782,5,5,0,1162.47,0.0,550.53,232.494,189.48879209599704,999.0,0.0,0.9991405021186622,5,0,0.0,0.8,2,0,0.0,0.0007024949551043152
ACC_00783,6,4,2,1248.76,158.23000000000002,548.48,234.49833333333333,207.04907296741678,145.33333333333334,0.1266083087952887,0.7745296486480727,4,2,0.0,1.0,3,2,0.5,0.001016609731517826
ACC_00784,6,3,3,854.92,755.41,698.29,268.3883333333333,235.71696327728867,161.33333333333334,0.8825708010094402,0.06175643722887304,3,3,0.0,0.5,1,3,1.5,0.0013310121166340194
ACC_00785,11,3,8,1369.1100000000001,1883.89,1012.51,295.72727272727275,268.85880744699097,110.76666666666667,1.3749917889804468,0.15819913952059003,3,7,0.0,0.8181818181818182,3,7,1.75,0.00122365492954263
ACC_00786,3,3,0,604.86,0.0,285.61,201.62,77.86363913920285,999.0,0.0,0.9983494536691645,3,0,0.0,0.6666666666666666,4,0,0.0,0.0008153591874709382
ACC_00787,4,4,0,434.66999999999996,0.0,206.89,108.66749999999999,77.71500171567048,999.0,0.0,0.9977046847384489,4,0,0.0,0.5,3,0,0.0,0.0007532773081414777
ACC_00788,2,2,0,444.41,0.0,420.49,222.205,280.41733621514913,999.0,0.0,0.9977548775285692,2,0,0.0,1.0,1,0,0.0,0.0006750134930287399
ACC_00789,4,4,0,551.14,0.0,415.87,137.785,186.1540882351679,999.0,0.0,0.9981888651428985,4,0,0.0,0.5,5,0,0.0,0.0009031064063906803
ACC_00790,5,5,0,2989.38,0.0,1327.42,597.876,522.8536016228635,999.0,0.0,0.999665594339181,5,0,0.0,1.0,5,0,0.0,0.001923503684002909
ACC_00791,17,4,13,512.9,2811.56,541.68,195.5564705882353,134.80569669626246,85.38333333333334,5.471025491340728,0.6912306868824162,4,13,0.0,0.7058823529411765,4,13,2.6,0.0009520597034112846
ACC_00792,5,5,0,971.9599999999999,0.0,381.27,194.392,172.41723005546748,999.0,0.0,0.9989722085183358,5,0,0.0,0.8,4,0,0.0,0.0008502817239943816
ACC_00793,5,5,0,1261.77,0.0,462.41,252.35399999999998,187.66533678332823,999.0,0.0,0.9992080901510172,5,0,0.0,0.4,4,0,0.0,0.0008567714896658158
ACC_00794,8,7,1,2947.2400000000002,2538.33,2538.33,685.69625,797.2002429384172,29.366666666666667,0.8609645076384554,0.07452925962851113,7,1,0.0,0.75,7,1,0.125,0.0011837799608650679
ACC_00795,12,2,10,1760.56,4739.26,2497.17,541.6516666666666,731.3413034944557,0.0,2.6903767115511252,0.45820373429813477,2,10,0.0,0.75,3,10,2.5,0.0014968740337170312
ACC_00796,3,3,0,869.44,0.0,329.59,289.81333333333333,40.078331219417464,999.0,0.0,0.9988511557373283,3,0,0.0,1.0,3,0,0.0,0.0008606034043232749
ACC_00797,5,5,0,953.98,0.0,487.0,190.796,176.05542232490313,999.0,0.0,0.9989528576514691,5,0,0.0,0.6,5,0,0.0,0.0008422204429756968
ACC_00798,2,1,1,759.43,628.79,759.43,694.1099999999999,92.37642989421056,0.0,0.8268874189603251,0.09403838124991003,1,1,0.0,0.5,0,1,1.0,0.0006714142405782801
ACC_00799,4,4,0,1673.4099999999999,0.0,775.33,418.35249999999996,314.0280234177623,999.0,0.0,0.9994027747087033,4,0,0.0,1.0,5,0,0.0,0.001178021829546685
ACC_00800,1,1,0,265.39,0.0,265.39,265.39,0.0,999.0,0.0,0.9962461053342844,1,0,0.0,1.0,1,0,0.0,0.0007138606750187815
ACC_00801,1,1,0,340.38,0.0,340.38,340.38,0.0,999.0,0.0,0.9970707129884586,1,0,0.0,0.0,1,0,0.0,0.0007119653090736247
ACC_00802,44,19,25,23418.639999999996,19499.6,2821.95,975.4145454545454,759.3724897769349,47.333333333333336,0.8326174100028866,0.09131196172159614,19,24,0.0,0.8409090909090909,14,24,1.6,0.0076074107512289066
ACC_00803,5,5,0,1970.7399999999998,0.0,545.82,394.14799999999997,211.3149059342478,999.0,0.0,0.9994928337407569,5,0,0.0,0.6,4,0,0.0,0.0010743323342408907
ACC_00804,2,2,0,792.52,0.0,438.45,396.26,59.66567019652088,999.0,0.0,0.998739792317774,2,0,0.0,0.5,2,0,0.0,0.0008381972484520176
ACC_00805,3,3,0,778.37,0.0,425.99,259.45666666666665,200.79566089269295,999.0,0.0,0.9987169123779462,3,0,0.0,1.0,3,0,0.0,0.0007950553389683428
ACC_00806,4,4,0,1032.38,0.0,544.73,258.095,204.59477844428648,999.0,0.0,0.999032301767017,4,0,0.0,0.75,3,0,0.0,0.0009059921443211184
ACC_00807,7,6,1,2081.94,1275.88,1275.88,479.6885714285714,436.86772671784666,70.58333333333333,0.6125380471833083,0.23998308929921816,6,1,0.0,0.8571428571428571,5,1,0.16666666666666666,0.0009787977115750762
ACC_00808,3,3,0,576.64,0.0,285.51,192.21333333333334,119.56579457910749,999.0,0.0,0.9982688179488955,3,0,0.0,0.3333333333333333,1,0,0.0,0.0007404736330743299
ACC_00809,5,5,0,1286.06,0.0,610.15,257.212,220.17133389703574,999.0,0.0,0.999223035445123,5,0,0.0,0.8,3,0,0.0,0.0008094261758409323
ACC_00810,19,4,15,3848.24,4442.33,2236.96,436.3457894736842,497.692656033998,0.0,1.1540797663954443,0.0716498805413209,4,15,0.0,0.6842105263157895,4,15,3.0,0.0015443876912613686
ACC_00811,5,5,0,977.8900000000001,0.0,539.42,195.57800000000003,205.78149362855737,999.0,0.0,0.9989784347577358,5,0,0.0,0.6,6,0,0.0,0.0011316199578943506
ACC_00812,3,3,0,1681.17,0.0,958.89,560.39,345.33887574381197,999.0,0.0,0.9994055297621525,3,0,0.0,0.0,1,0,0.0,0.0009743497778622633
ACC_00813,19,2,17,116.14000000000001,4409.68,996.24,238.201052631579,240.48821622540024,0.0,37.644527915315,0.9484671358702134,2,17,0.0,0.6842105263157895,2,17,5.666666666666667,0.0006975972177197874
ACC_00814,4,4,0,828.93,0.0,475.0,207.2325,199.0811408069584,999.0,0.0,0.9987950791030569,4,0,0.0,1.0,4,0,0.0,0.0007697274788752459
ACC_00815,4,4,0,510.74,0.0,301.25,127.685,124.28828652236972,999.0,0.0,0.9980458826747958,4,0,0.0,1.0,3,0,0.0,0.0007459071173278901
ACC_00816,4,3,1,1153.46,1666.64,1666.64,705.0250000000001,662.8144929264398,167.2,1.4436533097725344,0.1819077664740704,3,1,0.0,1.0,5,1,0.16666666666666666,0.001138907099167727
ACC_00817,5,5,0,1828.86,0.0,1302.7,365.772,533.2897931425277,999.0,0.0,0.9994535101045982,5,0,0.0,0.8,5,0,0.0,0.0012205226190040105
ACC_00818,2,1,1,263.73,1764.17,1764.17,1013.95,1060.9712987635435,53.55,6.664035054583915,0.7395337374932229,1,1,0.0,1.0,1,1,0.5,0.0006971458593496445
ACC_00819,15,2,13,1122.49,5198.84,1538.55,421.42199999999997,388.3380336805257,0.0,4.627402113058416,0.6447543864366461,2,13,0.0,0.6666666666666666,3,13,3.25,0.0010050778551607485
ACC_00820,4,4,0,2011.88,0.0,840.04,502.97,336.4062481583836,999.0,0.0,0.9995031993958905,4,0,0.0,0.5,3,0,0.0,0.0010756821723897324
ACC_00821,1,1,0,254.41,0.0,254.41,254.41,0.0,999.0,0.0,0.9960847265181473,1,0,0.0,0.0,2,0,0.0,0.0008436671343630469
ACC_00822,48,17,31,21340.260000000002,19282.100000000002,2984.09,846.2991666666667,729.6944003582489,0.0,0.903512726052726,0.05066444528468349,17,31,0.0,0.8541666666666666,17,31,1.7222222222222223,0.011336098050009527
ACC_00823,5,5,0,628.47,0.0,207.11,125.694,61.36208381402966,999.0,0.0,0.9984113619394094,5,0,0.0,0.6,5,0,0.0,0.0008649791014129142
ACC_00824,5,3,2,738.4300000000001,219.64000000000001,265.12,191.614,84.86142751568583,154.25,0.2970396115927133,0.5409302762050737,3,2,0.0,1.0,0,2,2.0,0.0006714142405782801
ACC_00825,3,3,0,1165.09,0.0,665.53,388.3633333333333,319.34466917945156,999.0,0.0,0.9991424332598684,3,0,0.0,1.0,0,0,0.0,0.0
ACC_00826,3,3,0,1214.94,0.0,731.6,404.98,332.6401507635541,999.0,0.0,0.9991775909995559,3,0,0.0,0.6666666666666666,1,0,0.0,0.0007281698273806569
ACC_00827,5,5,0,2092.94,0.0,956.89,418.588,410.2936226289655,999.0,0.0,0.9995224313972703,5,0,0.0,0.8,7,0,0.0,0.0015898983064146755
ACC_00828,2,2,0,103.16999999999999,0.0,64.8,51.584999999999994,18.68883222676045,999.0,0.0,0.9904003071901699,2,0,0.0,1.0,3,0,0.0,0.0008221715606054551
ACC_00829,4,4,0,1102.87,0.0,524.64,275.7175,176.4840133222648,999.0,0.0,0.9990940962250989,4,0,0.0,1.0,4,0,0.0,0.0009859371132820997
ACC_00830,3,3,0,494.71,0.0,330.03,164.90333333333334,147.94606596098907,999.0,0.0,0.99798269149301,3,0,0.0,0.6666666666666666,4,0,0.0,0.0007907294676013645
ACC_00831,16,5,11,436.4100000000001,5984.25,1723.44,401.29125,461.71262350622385,52.13333333333333,13.681100112023042,0.8639261499363093,5,11,0.0,0.4375,2,11,3.6666666666666665,0.0007063995560854632
ACC_00832,5,5,0,1560.25,0.0,715.63,312.05,263.0073203353854,999.0,0.0,0.9993594875900721,4,0,0.0,1.0,2,0,0.0,0.0007625448673152561
ACC_00833,22,6,16,1534.15,2953.7499999999995,696.52,203.9954545454545,185.69607564967095,47.4,1.9240790802201735,0.3162467419635099,5,16,0.0,0.6818181818181818,5,16,2.6666666666666665,0.0009175023706527647
ACC_00834,16,8,8,2060.79,1132.94,633.88,199.608125,159.86927969307717,83.55,0.5494934013648335,0.29043142926006266,8,8,0.0,0.6875,7,8,1.0,0.001237416058147402
ACC_00835,3,3,0,1347.45,0.0,744.48,449.15000000000003,271.1976970772429,999.0,0.0,0.99925840780155,3,0,0.0,1.0,4,0,0.0,0.001291469550841109
ACC_00836,3,3,0,206.09,0.0,128.76,68.69666666666667,53.94753037288484,999.0,0.0,0.9951711816118596,3,0,0.0,0.6666666666666666,0,0,0.0,0.0
ACC_00837,4,4,0,1189.66,0.0,981.64,297.415,458.0419598319205,999.0,0.0,0.999160129675978,4,0,0.0,1.0,1,0,0.0,0.0007662198834392185
ACC_00838,3,3,0,528.74,0.0,237.67,176.24666666666667,102.26812031778688,999.0,0.0,0.9981122814965833,3,0,0.0,0.3333333333333333,7,0,0.0,0.001556400454016775
ACC_00839,8,8,0,2730.15,0.0,774.09,341.26875,252.43466523538325,999.0,0.0,0.99963385387108,8,0,0.0,0.75,2,0,0.0,0.0010193464792815294
ACC_00840,7,7,0,1745.6699999999998,0.0,370.65,249.38142857142856,97.05348567131621,999.0,0.0,0.9994274820086221,7,0,0.0,0.7142857142857143,6,0,0.0,0.0011417101668083208
ACC_00841,13,0,13,0.0,2191.3300000000004,383.37,168.56384615384619,119.1867194460343,999.0,2191.3300000000004,0.9995438642905037,0,13,0.0,0.7692307692307693,1,13,6.5,0.0007829920266720386
ACC_00842,1,1,0,129.09,0.0,129.09,129.09,0.0,999.0,0.0,0.9923130140671843,1,0,0.0,0.0,2,0,0.0,0.0006870980612791579
ACC_00843,18,6,12,4049.1499999999996,3286.47,2156.12,407.53444444444443,516.1919093221755,67.5,0.81144402059183,0.10395522733901987,6,12,0.0,0.6666666666666666,5,12,2.0,0.002924657564160168
ACC_00844,4,4,0,985.03,0.0,598.28,246.2575,241.9140875565814,999.0,0.0,0.9989858320740749,4,0,0.0,0.5,4,0,0.0,0.0007398918352139725
ACC_00845,13,0,13,0.0,5223.71,1643.3,401.82384615384615,487.0220124138549,999.0,5223.71,0.9998086018171344,0,13,0.0,0.5384615384615384,0,13,13.0,0.0006714142405782801
ACC_00846,2,2,0,695.16,0.0,651.89,347.58,430.35932916575655,999.0,0.0,0.998563548609515,2,0,0.0,1.0,1,0,0.0,0.0006756360096005262
ACC_00847,13,3,10,218.26,3971.7400000000007,1692.23,322.3076923076924,478.43181527698465,67.61666666666666,18.11429353279212,0.8956048675733714,3,10,0.0,0.8461538461538461,5,10,1.6666666666666667,0.0009078688034747479
ACC_00848,7,7,0,1773.7199999999998,0.0,458.36,253.3885714285714,144.74254885008435,999.0,0.0,0.9994365308330329,7,0,0.0,0.42857142857142855,4,0,0.0,0.0008215574925154272
ACC_00849,3,3,0,433.5,0.0,315.25,144.5,155.52951456234922,999.0,0.0,0.997698504027618,3,0,0.0,1.0,6,0,0.0,0.002020065157793843
ACC_00850,3,2,1,1354.48,1004.43,1188.03,786.3033333333333,544.6015572263206,0.0,0.7410142532534599,0.14833192791250518,2,1,0.0,1.0,2,1,0.3333333333333333,0.001142402113371632
ACC_00851,17,1,16,109.72,2430.2300000000005,535.28,149.4088235294118,136.24401665221637,0.0,21.94933164739885,0.9132450461441588,1,16,0.0,0.9411764705882353,0,16,16.0,0.0006714142405782801
ACC_00852,4,4,0,1547.26,0.0,935.38,386.815,385.3185297473594,999.0,0.0,0.9993541136501621,4,0,0.0,1.0,5,0,0.0,0.0011763887917374952
ACC_00853,3,3,0,1465.31,0.0,704.38,488.43666666666667,198.0012485650869,999.0,0.0,0.9993180159720659,3,0,0.0,0.3333333333333333,5,0,0.0,0.001097565975322568
ACC_00854,5,5,0,1777.45,0.0,555.99,355.49,222.26797295157033,999.0,0.0,0.9994377126149175,5,0,0.0,1.0,4,0,0.0,0.000886759648495298
ACC_00855,2,2,0,470.61,0.0,382.82,235.305,208.6177136534671,999.0,0.0,0.9978796039100104,2,0,0.0,1.0,2,0,0.0,0.0008100824135876378
ACC_00856,2,2,0,586.22,0.0,387.89,293.11,134.03916144172192,999.0,0.0,0.9982970607268145,2,0,0.0,1.0,5,0,0.0,0.0010631977650147862
ACC_00857,20,2,18,861.52,5469.72,1577.88,316.562,339.47120985748603,0.0,6.341557297222094,0.7277361565575532,2,18,0.0,0.65,5,18,3.0,0.0010504544427124892
ACC_00858,4,4,0,854.78,0.0,510.93,213.695,198.50070167802096,999.0,0.0,0.9988314753791863,4,0,0.0,0.5,4,0,0.0,0.00083153220115391
ACC_00859,5,5,0,601.5,0.0,176.01,120.3,43.18842205962148,999.0,0.0,0.9983402489626556,5,0,0.0,1.0,5,0,0.0,0.0008240415232118228
ACC_00860,9,2,7,764.8000000000001,1949.0600000000004,719.73,301.54,244.7179138314153,85.23333333333333,2.545129276573518,0.4362140220858534,2,7,0.0,0.5555555555555556,4,7,1.4,0.0012661874865464847
ACC_00861,6,6,0,1491.63,0.0,483.25,248.60500000000002,201.82712441592184,999.0,0.0,0.9993300416044164,6,0,0.0,0.6666666666666666,5,0,0.0,0.0009376667952278623
ACC_00862,6,6,0,2191.61,0.0,897.23,365.2683333333334,282.1769073766786,999.0,0.0,0.9995439225398042,6,0,0.0,0.5,6,0,0.0,0.0010471415364548358
ACC_00863,1,1,0,212.23,0.0,212.23,212.23,0.0,999.0,0.0,0.9953102283918773,1,0,0.0,1.0,1,0,0.0,0.0007431214730268226
ACC_00864,5,5,0,1343.97,0.0,656.92,268.794,291.0145767483134,999.0,0.0,0.9992564889923196,5,0,0.0,0.8,2,0,0.0,0.0008156216496592733
ACC_00865,2,2,0,670.9599999999999,0.0,567.79,335.47999999999996,328.5359526748937,999.0,0.0,0.9985118161795346,2,0,0.0,0.5,1,0,0.0,0.0008632563435418475
ACC_00866,4,4,0,1725.78,0.0,864.14,431.445,312.4565837040404,999.0,0.0,0.999420887432099,4,0,0.0,1.0,6,0,0.0,0.0009176652182295545
ACC_00867,32,7,25,1309.71,7027.27,1223.05,260.530625,305.4758649347953,8.416666666666666,5.361422435168725,0.6857248398293112,7,25,0.0,0.71875,5,25,4.166666666666667,0.0008554739636130084
ACC_00868,6,3,3,374.71,596.64,427.86,161.89166666666665,148.53882945771005,120.5,1.5880333235740332,0.2282408597727156,3,3,0.0,0.6666666666666666,2,3,1.0,0.0007057451665759306
ACC_00869,3,2,1,926.4599999999999,2971.77,2971.77,1299.41,1471.2489909257372,15.483333333333333,3.204202876673927,0.5245420249639031,2,1,0.0,0.6666666666666666,3,1,0.25,0.000790303686177628
ACC_00870,4,4,0,1295.6699999999998,0.0,611.31,323.91749999999996,206.36057882179594,999.0,0.0,0.9992287937563142,4,0,0.0,0.75,4,0,0.0,0.0013468181669734774
ACC_00871,3,3,0,1381.0100000000002,0.0,608.49,460.33666666666676,162.1199174479599,999.0,0.0,0.9992764162343254,3,0,0.0,1.0,6,0,0.0,0.0010120046059075014
ACC_00872,5,3,2,541.4300000000001,666.64,383.41,241.61399999999998,154.08604164556894,163.6,1.228988072193647,0.1035589337259215,3,2,0.0,0.4,3,2,0.5,0.0008141175663602146
ACC_00873,2,2,0,158.73,0.0,127.35,79.365,67.86103779047296,999.0,0.0,0.9937394352970638,2,0,0.0,1.0,3,0,0.0,0.0007610463529769433
ACC_00874,2,2,0,391.44,0.0,364.17,195.72,238.22427458174786,999.0,0.0,0.9974518397716848,2,0,0.0,0.5,3,0,0.0,0.0008406087189172537
ACC_00875,18,2,16,546.35,1800.03,416.74,130.35444444444445,102.19545472926015,0.0,3.2886270211016715,0.5340762893097836,2,16,0.0,0.5555555555555556,5,16,2.6666666666666665,0.000966372778531982
ACC_00876,10,2,8,598.8299999999999,2228.4800000000005,661.83,282.73100000000005,213.75155055707916,81.3,3.715185969357986,0.5761921430111976,2,8,0.0,0.7,2,8,2.6666666666666665,0.0007489550184862626
ACC_00877,3,2,1,266.82000000000005,2270.51,2270.51,845.7766666666666,1233.8562719106849,0.0,8.477746247479649,0.7893733281330638,2,1,0.0,0.6666666666666666,2,1,0.3333333333333333,0.0007382671613933548
ACC_00878,7,7,0,1430.77,0.0,434.44,204.3957142857143,133.19410833530924,999.0,0.0,0.9993015637986548,7,0,0.0,0.5714285714285714,5,0,0.0,0.0008313368664081651
ACC_00879,20,2,18,155.26,3990.19,805.61,207.27249999999998,198.4627469451131,0.0,25.535581722769745,0.9248706725029846,2,18,0.0,0.55,6,18,2.5714285714285716,0.0008854737612772907
ACC_00880,4,4,0,929.29,0.0,602.81,232.3225,248.21117291196487,999.0,0.0,0.9989250663771512,4,0,0.0,0.75,5,0,0.0,0.0008068281117218665
ACC_00881,2,2,0,124.58999999999999,0.0,113.85,62.294999999999995,72.90978020814491,999.0,0.0,0.9920375826100805,2,0,0.0,0.5,6,0,0.0,0.0008157842554172927
ACC_00882,2,2,0,364.25,0.0,302.03,182.125,169.57127719634593,999.0,0.0,0.9972621492128679,2,0,0.0,0.5,3,0,0.0,0.0008349456091765444
ACC_00883,20,2,18,326.15,4543.02,810.03,243.45850000000002,204.13229622181169,0.0,13.886657496561213,0.8658568386729828,2,18,0.0,0.55,6,18,2.5714285714285716,0.0009322594021888655
ACC_00884,19,3,16,1157.69,4456.74,919.28,295.49631578947367,257.03308700136307,0.35,3.846360976620148,0.5874973065286184,3,16,0.0,0.631578947368421,3,16,4.0,0.0010655567664874066
ACC_00885,4,4,0,1938.94,0.0,1292.5,484.735,553.2734616504453,999.0,0.0,0.9994845201397982,4,0,0.0,0.75,6,0,0.0,0.0011227874029615
ACC_00886,2,2,0,318.84,0.0,245.64,159.42,121.93349334780824,999.0,0.0,0.9968734367183592,2,0,0.0,1.0,3,0,0.0,0.000737043937259835
ACC_00887,3,3,0,507.01,0.0,335.4,169.00333333333333,149.7641620459759,999.0,0.0,0.9980315348123069,3,0,0.0,0.6666666666666666,3,0,0.0,0.0009347913868166082
ACC_00888,4,4,0,1709.2900000000002,0.0,679.95,427.32250000000005,231.6081418222022,999.0,0.0,0.9994153038373609,4,0,0.0,0.75,4,0,0.0,0.00110791862162307
ACC_00889,21,3,18,1620.25,4561.45,1086.94,294.3666666666666,281.8432991279611,0.0,2.813538936006168,0.47571449366781504,3,18,0.0,0.7142857142857143,1,18,9.0,0.001628951664930053
ACC_00890,6,6,0,1423.1499999999999,0.0,507.87,237.19166666666663,210.41807502366964,999.0,0.0,0.9992978267738651,6,0,0.0,0.6666666666666666,4,0,0.0,0.0009881577904029975
ACC_00891,4,4,0,679.86,0.0,300.5,169.965,95.15107794099515,999.0,0.0,0.9985312692770907,4,0,0.0,0.75,1,0,0.0,0.0006797610243675818
ACC_00892,4,3,1,1248.48,940.97,940.97,547.3625,357.44419456049366,142.35,0.7530892851426193,0.14038667853637382,3,1,0.0,0.5,2,1,0.3333333333333333,0.0007717882242962017
ACC_00893,4,4,0,385.90000000000003,0.0,276.36,96.47500000000001,120.56679407421156,999.0,0.0,0.9974153528043422,4,0,0.0,0.75,5,0,0.0,0.0009501793027041371
ACC_00894,2,2,0,46.6,0.0,33.56,23.3,14.509831149947956,999.0,0.0,0.9789915966386554,2,0,0.0,1.0,1,0,0.0,0.0006792767716065893
ACC_00895,4,4,0,2052.04,0.0,1294.08,513.01,531.164161065108,999.0,0.0,0.9995129174297627,4,0,0.0,0.75,3,0,0.0,0.0011932130949084934
ACC_00896,4,3,1,2031.8400000000001,2315.75,2315.75,1086.8975,1166.8689724322091,81.75,1.1391698313689222,0.06528782892845723,3,1,0.0,0.75,5,1,0.16666666666666666,0.001379530947322822
ACC_00897,15,3,12,212.45999999999998,2226.28,647.93,162.58266666666668,165.40078702812696,121.36666666666666,10.429494987351262,0.8254240205923582,3,12,0.0,0.8,1,12,6.0,0.000681908148527024
ACC_00898,2,2,0,298.13,0.0,158.13,149.065,12.819845942912103,999.0,0.0,0.9966569718851336,2,0,0.0,0.5,4,0,0.0,0.0008134461362654399
ACC_00899,20,4,16,513.74,4174.5,900.66,234.41199999999998,242.36662727537822,0.0,8.109919571045577,0.7806723477578457,4,16,0.0,0.7,4,16,3.2,0.0007635885972538869
ACC_00900,15,2,13,998.09,3678.3499999999995,853.22,311.76266666666663,292.3522208243891,0.0,3.681700347316057,0.5730185742628445,2,13,0.0,0.8666666666666667,1,13,6.5,0.0007891820400204223
ACC_00901,4,2,2,693.3299999999999,691.55,535.28,346.21999999999997,191.19713195198997,155.53333333333333,0.995996140163899,0.0012843824862181234,2,2,0.0,0.5,2,2,0.6666666666666666,0.0008067988367483733
ACC_00902,20,1,19,94.43,4197.81,1088.37,214.61200000000002,251.57887643733855,0.0,43.98836843759824,0.9557769889407532,1,19,0.0,0.7,4,19,3.8,0.0008700953418310545
ACC_00903,7,3,4,1693.49,1937.0499999999997,1032.97,518.6485714285715,343.34826257647745,144.56666666666666,1.1431463154105364,0.0670679656564432,3,4,0.0,0.5714285714285714,3,4,1.0,0.0008713992360344803
ACC_00904,3,3,0,290.23,0.0,138.92,96.74333333333334,71.67095390277244,999.0,0.0,0.9965662878137554,3,0,0.0,0.6666666666666666,3,0,0.0,0.000728063576909583
ACC_00905,3,3,0,200.12,0.0,122.14,66.70666666666666,55.152183395885,999.0,0.0,0.9950278440731901,3,0,0.0,0.6666666666666666,2,0,0.0,0.0006993025138584495
ACC_00906,4,4,0,736.75,0.0,369.48,184.1875,147.49403996433213,999.0,0.0,0.9986445272788885,4,0,0.0,0.75,3,0,0.0,0.0007755935400439091
ACC_00907,3,3,0,627.55,0.0,465.09,209.1833333333333,221.82648046014103,999.0,0.0,0.9984090366717047,3,0,0.0,0.6666666666666666,3,0,0.0,0.0007832121860024213
ACC_00908,2,2,0,498.65000000000003,0.0,386.73,249.32500000000002,194.32001453787515,999.0,0.0,0.9979985990193135,2,0,0.0,0.5,3,0,0.0,0.0009594777048269208
ACC_00909,7,5,2,1723.8000000000002,3117.51,1793.54,691.6157142857143,641.9807192031327,0.0,1.8074617346938775,0.28781924329503894,5,1,0.0,0.7142857142857143,5,1,0.16666666666666666,0.0011601542024464347
ACC_00910,4,4,0,803.01,0.0,482.1,200.7525,205.44679073911084,999.0,0.0,0.9987562343751943,4,0,0.0,0.5,5,0,0.0,0.0008768942492572091
ACC_00911,4,4,0,2000.0100000000002,0.0,1094.22,500.00250000000005,486.921982962021,999.0,0.0,0.9995002523725519,4,0,0.0,0.75,2,0,0.0,0.0007075475276482768
ACC_00912,15,5,10,1770.6899999999998,3253.3199999999997,1276.72,334.93399999999997,306.5417449735493,102.15,1.8362806134255993,0.295050159104161,5,10,0.0,0.4,2,10,3.3333333333333335,0.0010657351550182248
ACC_00913,7,6,1,1235.93,2671.87,2671.87,558.2571428571429,949.3868928368856,11.5,2.1600818154624752,0.3673608268522308,5,1,0.0,0.7142857142857143,4,1,0.2,0.0010458614771653588
ACC_00914,7,7,0,1619.1499999999999,0.0,716.06,231.30714285714285,247.51054534533037,999.0,0.0,0.9993827732000123,7,0,0.0,0.7142857142857143,5,0,0.0,0.0008281467710249616
ACC_00915,5,5,0,1049.16,0.0,376.58,209.83200000000002,141.78640386158327,999.0,0.0,0.9990477641502248,4,0,0.0,0.4,4,0,0.0,0.0009032721178771099
ACC_00916,2,2,0,341.30999999999995,0.0,291.78,170.65499999999997,171.29661774244113,999.0,0.0,0.9970786713797435,2,0,0.0,1.0,3,0,0.0,0.0007951531485596405
ACC_00917,2,2,0,272.41,0.0,142.33,136.205,8.662058069535208,999.0,0.0,0.9963424893017812,2,0,0.0,0.5,5,0,0.0,0.0016325139544939578
ACC_00918,4,4,0,670.38,0.0,414.77,167.595,176.15153713020314,999.0,0.0,0.9985105305490184,4,0,0.0,0.75,1,0,0.0,0.0006745199408804965
ACC_00919,5,5,0,1017.22,0.0,395.69,203.44400000000002,169.97555244799176,999.0,0.0,0.9990178939718332,5,0,0.0,0.8,6,0,0.0,0.0010527319207233588
ACC_00920,6,4,2,1613.9300000000003,625.51,1398.69,373.24,548.898043428832,127.76666666666667,0.3873294817732037,0.4411722697327311,4,2,0.0,0.8333333333333334,6,2,0.2857142857142857,0.0009110650058190188
ACC_00921,3,3,0,175.94,0.0,91.53,58.64666666666667,35.22088632237033,999.0,0.0,0.9943483666779699,3,0,0.0,0.6666666666666666,4,0,0.0,0.0007516290597601185
ACC_00922,4,4,0,902.9100000000001,0.0,394.42,225.72750000000002,183.5254035776337,999.0,0.0,0.9988936951687668,4,0,0.0,0.5,2,0,0.0,0.0007286785345482787
ACC_00923,4,4,0,633.47,0.0,250.02,158.3675,88.82156696621229,999.0,0.0,0.998423881349788,4,0,0.0,0.5,5,0,0.0,0.0008813102235654504
ACC_00924,7,7,0,5359.49,0.0,1554.0,765.6414285714285,695.5753228905448,999.0,0.0,0.9998134498898421,7,0,0.0,0.7142857142857143,6,0,0.0,0.0015148441649225333
ACC_00925,4,3,1,926.8000000000001,2269.72,2269.72,799.13,1000.5548834854919,0.9666666666666667,2.446346195300711,0.4199879906927868,3,1,0.0,0.5,2,1,0.3333333333333333,0.0007455770528856467
ACC_00926,14,2,12,1088.05,2568.9500000000003,618.47,261.2142857142857,225.46339469956217,3.716666666666667,2.358890776364722,0.4048387096774194,2,12,0.0,0.5714285714285714,5,12,2.0,0.001066843004057668
ACC_00927,13,6,7,1269.92,1260.4799999999998,436.94,194.64615384615382,119.30065790112401,86.46666666666667,0.9917854782362381,0.0037291617286877945,6,7,0.0,0.6923076923076923,4,7,1.4,0.0008396081347919289
ACC_00928,4,4,0,597.5600000000001,0.0,336.8,149.39000000000001,139.31462402298857,999.0,0.0,0.9983293237102379,4,0,0.0,0.75,5,0,0.0,0.0008063361443722444
ACC_00929,3,2,1,542.53,2444.28,2444.28,995.6033333333335,1254.9483516995165,61.5,4.497047081117878,0.6365029904846694,2,1,0.0,0.6666666666666666,2,1,0.3333333333333333,0.00078272371486459
ACC_00930,2,2,0,358.08,0.0,309.75,179.04,184.85185473778725,999.0,0.0,0.9972151052690208,2,0,0.0,1.0,3,0,0.0,0.0011288591499986052
ACC_00931,17,2,15,948.75,3738.5899999999997,865.97,275.7258823529412,203.79445364934566,65.06666666666666,3.9363937878389046,0.5950592320522828,2,14,0.0,0.7058823529411765,2,14,4.666666666666667,0.0008852792742615732
ACC_00932,2,1,1,162.71,2243.52,2243.52,1203.115,1471.35486136078,0.0,13.7042330951072,0.8644001611811085,1,1,0.0,1.0,4,1,0.2,0.0008819508598167994
ACC_00933,4,4,0,718.38,0.0,378.78,179.595,166.824320469169,999.0,0.0,0.998609914092691,4,0,0.0,0.75,4,0,0.0,0.000791045239949496
ACC_00934,1,1,0,56.97,0.0,56.97,56.97,0.0,999.0,0.0,0.9827496981197171,1,0,0.0,1.0,1,0,0.0,0.0006814511632321028
ACC_00935,17,6,11,2310.3,2972.12,1002.13,310.73058823529414,298.5097562993249,30.883333333333333,1.285908363258772,0.1252635603453823,6,11,0.0,0.7647058823529411,3,11,2.75,0.0008022097722292113
ACC_00936,4,4,0,1334.72,0.0,491.42,333.68,115.7165799125893,999.0,0.0,0.9992513401012189,4,0,0.0,0.5,2,0,0.0,0.0008315317745417083
ACC_00937,18,3,15,1114.6,3203.5899999999997,820.48,239.89944444444447,237.02643216892926,0.0,2.871629616349946,0.4836531849721823,3,15,0.0,0.6666666666666666,4,15,3.0,0.0008545103102797725
ACC_00938,2,2,0,258.38,0.0,144.01,129.19,20.95864499436926,999.0,0.0,0.9961446526332023,2,0,0.0,0.0,0,0,0.0,0.0
ACC_00939,20,1,19,130.64,3058.63,410.59,159.4635,118.61311528951683,0.0,23.23480704952902,0.9177875226861677,1,19,0.0,0.8,1,19,9.5,0.0006960532909593333
ACC_00940,2,1,1,649.09,1919.81,1919.81,1284.45,898.5347289893696,78.03333333333333,2.953144949160885,0.4944628195649635,1,1,0.0,1.0,2,1,0.3333333333333333,0.0008427280567444352
ACC_00941,3,3,0,998.99,0.0,673.58,332.99666666666667,297.41014816803636,999.0,0.0,0.9989999899999,3,0,0.0,0.6666666666666666,4,0,0.0,0.0009818709328846538
ACC_00942,2,2,0,1298.07,0.0,709.68,649.035,85.76498149011633,999.0,0.0,0.9992302185409562,2,0,0.0,1.0,1,0,0.0,0.0007915478689122795
ACC_00943,2,2,0,838.2700000000001,0.0,777.32,419.13500000000005,506.5500848386071,999.0,0.0,0.9988084883291432,2,0,0.0,1.0,2,0,0.0,0.0010568781708471743
ACC_00944,4,3,1,879.66,1355.38,1355.38,558.76,586.5641339757032,94.66666666666667,1.5390502577612246,0.21275111357578583,3,1,0.0,0.75,6,1,0.14285714285714285,0.0011223623633876856
ACC_00945,8,3,5,1400.33,2585.7999999999997,773.21,498.26625,174.3359656310195,124.65,1.8452470153354312,0.29732414042180716,3,5,0.0,0.75,4,5,1.0,0.001012406078531284
ACC_00946,16,2,14,70.92,2857.3999999999996,927.09,183.02,220.30845651797696,0.0,39.73025583982202,0.9512378299400543,2,14,0.0,0.6875,7,14,1.75,0.0009858614759176588
ACC_00947,7,3,4,1342.45,1568.41,1135.79,415.83714285714285,465.70073053819607,119.13333333333334,1.1674494770925603,0.07759988460983702,3,4,0.0,0.8571428571428571,4,4,0.8,0.0011737815800592253
ACC_00948,6,6,0,1189.96,0.0,371.62,198.32666666666668,171.30507180660666,999.0,0.0,0.9991603412373211,6,0,0.0,0.6666666666666666,5,0,0.0,0.0010699535301786172
ACC_00949,3,3,0,556.56,0.0,279.49,185.51999999999998,96.18677819742172,999.0,0.0,0.9982064710524428,3,0,0.0,0.6666666666666666,3,0,0.0,0.0007353603148358911
ACC_00950,9,9,0,2781.9100000000003,0.0,889.4,309.10111111111115,252.35477454589818,999.0,0.0,0.999640663909361,9,0,0.0,1.0,6,0,0.0,0.0010050805699798374
ACC_00951,7,7,0,1562.9299999999998,0.0,401.24,223.27571428571426,145.95238308630465,999.0,0.0,0.9993605851924319,7,0,0.0,0.8571428571428571,0,0,0.0,0.0
ACC_00952,2,2,0,455.67999999999995,0.0,440.65,227.83999999999997,300.95878820861833,999.0,0.0,0.9978102829114478,2,0,0.0,0.5,2,0,0.0,0.001061940628131931
ACC_00953,2,2,0,597.47,0.0,444.94,298.735,206.76509388675836,999.0,0.0,0.9983290724681271,2,0,0.0,1.0,3,0,0.0,0.0007960927178842525
ACC_00954,3,2,1,1221.9599999999998,2451.06,2451.06,1224.34,1164.702829437621,117.98333333333333,2.0042029175116114,0.33453818977577704,2,1,0.0,0.6666666666666666,4,1,0.2,0.0009269610272178022
ACC_00955,3,3,0,1061.1999999999998,0.0,504.13,353.7333333333333,192.81623021243135,999.0,0.0,0.9990585577104123,3,0,0.0,0.3333333333333333,3,0,0.0,0.0008156642534284198
ACC_00956,2,2,0,659.0999999999999,0.0,512.4,329.54999999999995,258.58894987992045,999.0,0.0,0.9984850780184821,2,0,0.0,1.0,5,0,0.0,0.0008919223052402878
ACC_00957,5,5,0,913.0,0.0,409.67,182.6,152.09078588132815,999.0,0.0,0.9989059080962801,5,0,0.0,0.6,7,0,0.0,0.0010919775130493721
ACC_00958,18,3,15,1095.73,5895.81,1342.72,388.4188888888889,340.0973981582143,27.0,5.375808084031622,0.6864572816172663,3,15,0.0,0.6666666666666666,4,15,3.0,0.0011207793621592422
ACC_00959,22,2,20,281.36,3939.23,718.69,191.845,194.522863970133,25.3,13.951090806063181,0.8664673736672674,2,19,0.0,0.6818181818181818,1,19,9.5,0.000733237680822059
ACC_00960,2,2,0,78.62,0.0,45.2,39.31,8.32971788237753,999.0,0.0,0.9874403416227079,2,0,0.0,0.0,1,0,0.0,0.0006873174370706197
ACC_00961,24,1,23,315.01,6856.27,820.48,298.80333333333334,207.81524856523856,0.0,21.69637036802633,0.9120196088273185,1,23,0.0,0.6666666666666666,2,23,7.666666666666667,0.000785233750570025
ACC_00962,4,4,0,1094.66,0.0,556.6,273.665,202.947899471761,999.0,0.0,0.9990873081065293,4,0,0.0,0.5,3,0,0.0,0.0008625181060326092
ACC_00963,1,1,0,180.26,0.0,180.26,180.26,0.0,999.0,0.0,0.9944830630034205,1,0,0.0,1.0,1,0,0.0,0.000691171690241977
ACC_00964,3,3,0,355.08000000000004,0.0,286.98,118.36000000000001,146.07210513989315,999.0,0.0,0.9971916423275669,3,0,0.0,0.3333333333333333,2,0,0.0,0.000690436642189802
ACC_00965,3,3,0,658.7099999999999,0.0,388.46,219.56999999999996,170.9406320919634,999.0,0.0,0.9984841824438011,3,0,0.0,0.6666666666666666,3,0,0.0,0.0008020810013328525
ACC_00966,3,3,0,1049.29,0.0,540.86,349.7633333333333,183.4415444585368,999.0,0.0,0.9990478820135391,3,0,0.0,0.3333333333333333,3,0,0.0,0.000811502471705156
ACC_00967,2,2,0,441.86,0.0,335.52,220.93,162.05473211233294,999.0,0.0,0.9977419500519351,2,0,0.0,1.0,2,0,0.0,0.0007893501299019155
ACC_00968,2,2,0,131.1,0.0,88.27,65.55,32.130932137116716,999.0,0.0,0.9924299772899319,2,0,0.0,0.0,2,0,0.0,0.0006901501996187077
ACC_00969,2,2,0,389.30999999999995,0.0,295.34,194.65499999999997,142.39009252753505,999.0,0.0,0.9974379339499372,2,0,0.0,1.0,3,0,0.0,0.0008101654238086235
ACC_00970,1,1,0,29.02,0.0,29.02,29.02,0.0,999.0,0.0,0.966688874083944,1,0,0.0,1.0,2,0,0.0,0.0006940180228192721
ACC_00971,4,4,0,414.1700000000001,0.0,221.33,103.54250000000002,81.37890200578198,999.0,0.0,0.9975913481224559,4,0,0.0,0.75,2,0,0.0,0.0007269055978662657
ACC_00972,2,2,0,142.81,0.0,107.86,71.405,51.55515541631118,999.0,0.0,0.9930463806411237,1,0,0.0,1.0,4,0,0.0,0.0007423039333720298
ACC_00973,6,6,0,1773.75,0.0,635.05,295.625,219.4103351941289,999.0,0.0,0.9994365403577968,6,0,0.0,1.0,3,0,0.0,0.001000118205775175
ACC_00974,16,3,13,544.4300000000001,3244.38,1057.23,236.80062500000003,291.7268199181956,0.0,5.948297673395302,0.7124235779630113,3,13,0.0,0.75,1,13,6.5,0.000706980559910596
ACC_00975,20,1,19,109.4,7400.0199999999995,1615.87,375.47099999999995,429.3368979925843,0.0,67.02916666666665,0.970733993571598,1,19,0.0,0.65,1,19,9.5,0.0006920473706432465
ACC_00976,5,5,0,3265.38,0.0,2228.83,653.076,911.5896679592195,999.0,0.0,0.9996938506848561,5,0,0.0,0.8,4,0,0.0,0.0017107474917964086
ACC_00977,2,2,0,626.54,0.0,495.27,313.27,257.3868683519033,999.0,0.0,0.998406476081206,2,0,0.0,0.5,3,0,0.0,0.0010212912664975102
ACC_00978,18,1,17,472.87,3936.33,475.75,244.95555555555555,147.9469376746956,0.0,8.306771899466098,0.7853294635163939,1,17,0.0,0.4444444444444444,2,17,5.666666666666667,0.00077199365234843
ACC_00979,6,6,0,2786.74,0.0,2127.46,464.45666666666665,816.4709195229593,999.0,0.0,0.9996412864901318,6,0,0.0,0.8333333333333334,5,0,0.0,0.000853923598927747
ACC_00980,4,4,0,1683.1499999999999,0.0,1206.23,420.78749999999997,552.849312704948,999.0,0.0,0.9994062286613425,4,0,0.0,1.0,4,0,0.0,0.0009561322047668464
ACC_00981,3,3,0,994.28,0.0,465.31,331.4266666666667,165.9708113896336,999.0,0.0,0.9989952576159473,3,0,0.0,1.0,5,0,0.0,0.0012912434568220468
ACC_00982,5,5,0,1615.27,0.0,709.76,323.054,246.54674228226986,999.0,0.0,0.9993812914921393,5,0,0.0,0.8,6,0,0.0,0.0008910709141902418
ACC_00983,17,1,16,254.77,3382.76,836.53,213.9723529411765,210.13483422940052,0.0,13.225788794620167,0.85968509260608,1,16,0.0,0.7058823529411765,1,16,8.0,0.0007065794995547159
ACC_00984,31,5,26,1197.98,6636.13,962.14,252.7132258064516,241.7062714451447,0.0,5.534812924319004,0.6940744928916122,5,25,0.0,0.8387096774193549,3,25,6.25,0.0007519486731118279
ACC_00985,3,2,1,744.56,1764.13,1764.13,836.23,836.0919592963445,0.0,2.366181125596867,0.4062533619690082,2,1,0.0,1.0,1,1,0.5,0.0008836269167808157
ACC_00986,4,4,0,1797.96,0.0,700.62,449.49,296.20756888821506,999.0,0.0,0.9994441232712233,4,0,0.0,0.5,2,0,0.0,0.0008262097631076951
ACC_00987,4,3,1,747.92,1826.5,1826.5,643.605,798.9090212909101,57.31666666666667,2.4388452705228865,0.41879771066466825,3,1,0.0,0.75,2,1,0.3333333333333333,0.0011837728499458195
ACC_00988,6,6,0,2236.74,0.0,563.37,372.78999999999996,166.85056847370942,999.0,0.0,0.9995531205591356,6,0,0.0,0.5,0,0,0.0,0.0
ACC_00989,13,5,8,2056.9399999999996,3156.3,1038.61,401.0184615384615,336.29095968238954,97.76666666666667,1.5337181842036214,0.21083801282641393,5,8,0.0,0.6923076923076923,4,8,1.6,0.0008578307002422192
ACC_00990,4,4,0,860.96,0.0,541.31,215.24,230.95326294873308,999.0,0.0,0.9988398533574644,4,0,0.0,1.0,5,0,0.0,0.000872830169965816
ACC_00991,5,5,0,883.0,0.0,363.61,176.6,143.96227804532685,999.0,0.0,0.998868778280543,5,0,0.0,0.6,5,0,0.0,0.0009360360581776616
ACC_00992,2,2,0,764.48,0.0,475.75,382.24,132.2431102175081,999.0,0.0,0.9986936301405654,2,0,0.0,0.0,2,0,0.0,0.0008228266544111455
ACC_00993,2,2,0,691.45,0.0,351.31,345.725,7.8983827458537474,999.0,0.0,0.9985558524081161,2,0,0.0,0.5,2,0,0.0,0.0009072853001557595
ACC_00994,4,4,0,1592.29,0.0,574.44,398.0725,140.98138869486758,999.0,0.0,0.9993723678677453,4,0,0.0,0.75,5,0,0.0,0.0010994958908957144
ACC_00995,2,2,0,2370.77,0.0,2238.07,1185.385,1488.7214039067217,999.0,0.0,0.9995783739570026,2,0,0.0,1.0,2,0,0.0,0.0018083457760779673
ACC_00996,18,1,17,197.56,6737.62,1292.02,385.2877777777778,373.12015026791,0.0,33.93241337630943,0.9428907554302223,1,16,0.0,0.7777777777777778,2,16,5.333333333333333,0.0007425328718074038
ACC_00997,4,4,0,1091.74,0.0,553.47,272.935,263.08648191548474,999.0,0.0,0.9990848692278127,4,0,0.0,0.75,6,0,0.0,0.0012941723560176955
ACC_00998,15,3,12,1404.67,3255.9500000000003,865.97,310.708,263.4847753042723,61.18333333333333,2.3162975662851166,0.39713232738833276,3,12,0.0,0.9333333333333333,2,12,4.0,0.0008780375370753073
ACC_00999,2,2,0,250.73000000000002,0.0,199.09,125.36500000000001,104.26289488595644,999.0,0.0,0.9960274897707861,2,0,0.0,1.0,3,0,0.0,0.0007880303875090332
ACC_01000,4,4,0,1577.77,0.0,906.87,394.4425,366.5007644716902,999.0,0.0,0.9993665955142295,4,0,0.0,0.75,0,0,0.0,0.0
