account_id,avg_balance,acct_age_days,was_frozen,is_mule,n_txns,total_amt,mean_amt,max_amt,std_amt,unique_cp,unique_channels,n_in,total_in,n_out,total_out,structuring_ratio,high_risk_channel_ratio,pass_through_ratio,in_out_balance_ratio,cp_per_txn
ACCT_000000,37785.68792699882,553,0,0,2,9983.191761380338,3.6982394176417936,5440.763400070082,635.2187976845537,2,1,1.0,3.65728808677083,1.0,3.7356598403557926,0.0,0.0,1.1977653702661917,-0.1977218451180246,0.6666666666666666
ACCT_000001,49442.07470679442,816,0,0,2,7733.719520928966,3.587358421785806,6576.059781559839,3831.387413014528,2,2,2.0,3.888388417449787,0.0,0.0,0.0,0.0,0.0,0.9998707128296903,0.6666666666666666
ACCT_000002,2194.2914856161915,441,0,0,2,12828.505024428967,3.8071460529579864,7177.507369773913,1079.4053711076895,2,2,1.0,3.7521251270518214,1.0,3.855973647096861,0.0,1.0,1.2701310097271186,-0.2700832180745168,0.6666666666666666
ACCT_000003,32430.18130458181,666,0,0,2,5617.668747165981,3.44852613124157,3360.935086615972,780.7883161670991,2,1,0.0,0.0,2.0,3.749556126905551,0.0,0.0,561766874.716598,-5617.668747165981,0.6666666666666666
ACCT_000004,358.98884446066467,644,1,1,15,554868.275197505,4.568098635517839,49500.0,15450.321209995804,13,4,8.0,5.474753458148457,7.0,5.409086422098243,0.5333333333333333,1.0,0.8596723606232666,0.14032716903348896,0.8125
ACCT_000005,32683.283846939794,639,0,0,9,31543.362260048354,3.5446654742003503,7524.7280484005905,2692.4350772009348,9,7,3.0,3.976804285275024,6.0,4.343673436806171,0.0,0.3333333333333333,2.3273899308708104,-1.3272499267530649,0.9
ACCT_000006,49562.84699378034,713,0,0,2,14406.28457625522,3.8575219937491068,7960.281016642195,1070.7558584632466,2,2,2.0,4.1585519894130885,0.0,0.0,0.0,0.0,0.0,0.999930590667887,0.6666666666666666
ACCT_000007,34953.02059366272,574,0,0,4,27618.253380188034,3.839136218347972,7466.398008888122,723.2533812715321,4,4,0.0,0.0,4.0,4.441196209675934,0.0,0.75,2761825338.018803,-27618.253380188034,0.8
ACCT_000008,24289.035577669078,611,0,0,2,11796.421006926874,3.7707202681922465,6071.189788549602,244.62965097845688,2,2,2.0,4.071750263856227,0.0,0.0,0.0,0.5,0.0,0.9999152357113125,0.6666666666666666
ACCT_000009,43656.25462338898,867,0,0,6,22178.964555444425,3.5677900164811804,5251.074418534879,1829.2888920675082,6,4,1.0,2.8628044083289526,5.0,4.331423965791707,0.0,0.6666666666666666,29.41843405641097,-28.37951197894653,0.8571428571428571
ACCT_000010,41164.89089666833,517,0,0,8,28315.802042640542,3.5489388804984126,6887.40871832149,2210.9251892202087,8,5,5.0,4.36362085549582,3.0,3.717281789199793,0.0,0.5,0.22576724506435322,0.7741992404042177,0.8888888888888888
ACCT_000011,988.2731480154594,903,0,1,12,476307.4339344607,4.598706113737156,49500.0,15578.404591193012,10,4,6.0,5.464086290701694,6.0,5.2675891144826394,0.6666666666666666,1.0,0.6360669405066136,0.36393180940328473,0.7692307692307693
ACCT_000012,872.9741145732139,556,1,1,19,678286.1929754828,4.5526593758120475,49500.0,15543.623718041568,12,4,10.0,5.621695503778539,9.0,5.414615998848861,0.47368421052631576,1.0,0.6207553840701087,0.37924370971751126,0.6
ACCT_000013,49338.191086462924,636,0,0,5,22940.88835226139,3.6616402269718247,7765.313959636709,2966.2373644521663,5,5,3.0,4.191327604958189,2.0,3.869542867401923,0.0,0.4,0.4766671928605069,0.5232991229301475,0.8333333333333334
ACCT_000014,33987.4125959737,460,0,0,2,14044.298290781135,3.8464700493293114,7052.421378150513,42.81140213243051,2,2,1.0,3.8483382532498474,1.0,3.844593774226484,0.0,0.5,0.9914150797027502,0.008583701763153007,0.6666666666666666
ACCT_000015,40488.3741260923,893,0,0,5,14885.112567327402,3.4737821189721716,4103.473411219784,1332.223348617001,4,4,2.0,3.8653543239637433,3.0,3.877997911583809,0.0,0.6,1.0295408591195827,-0.029536833263897947,0.6666666666666666
ACCT_000016,35916.79990141409,414,0,0,6,22594.395730473523,3.575849480571023,7818.4568615681155,2426.874893954951,6,5,3.0,3.9767241590893683,3.0,4.117809124234181,0.0,0.0,1.3838370841925636,-0.3837965929320725,0.8571428571428571
ACCT_000017,44268.21993574619,635,0,0,3,14158.76347744792,3.673904072195535,6929.8172048371825,1917.233722632448,3,3,3.0,4.151025326915198,0.0,0.0,0.0,0.3333333333333333,0.0,0.9999293773514231,0.75
ACCT_000018,15957.453409415402,480,0,0,8,16888.82112918548,3.324509349082459,3653.1923408803113,1141.151199064585,8,5,2.0,3.7523296885729707,6.0,4.05057930460948,0.0,0.125,1.9872367741739154,-0.987062189512952,0.8888888888888888
ACCT_000019,34655.242095622954,435,0,0,9,33998.24168594966,3.577213947431292,7012.025961446013,2085.5993907573834,9,6,4.0,4.254923943498805,5.0,4.204464094147718,0.0,0.4444444444444444,0.8903077429157649,0.10968615802107406,0.9
ACCT_000020,34900.078900671855,565,0,0,6,22318.141662471433,3.570506779517484,7872.695617054626,3017.9547718849553,6,4,4.0,4.267131782179248,2.0,3.582045536739546,0.0,0.5,0.20649700368107957,0.7934601025268572,0.8571428571428571
ACCT_000021,3583.444007438103,512,0,0,8,34967.27421351231,3.640571792295594,6785.985245369005,2292.357646273089,8,6,0.0,0.0,8.0,4.543661779287538,0.0,0.375,3496727421.351231,-34967.27421351231,0.8888888888888888
ACCT_000022,33105.26123726845,895,0,0,2,4211.40373874426,3.3233968826842526,3714.8333224921116,2275.6555246434045,2,2,1.0,3.5699393325660838,1.0,2.695980842401072,0.0,0.0,0.1336723270755789,0.866094527641934,0.6666666666666666
ACCT_000023,4027.2080243803007,477,0,0,5,18983.910217584158,3.5794156669278374,7754.212465236194,3113.055852734956,5,5,2.0,3.974109573686189,3.0,3.980577694659637,0.0,0.8,1.0150048571702566,-0.015003265759390729,0.8333333333333334
ACCT_000024,49008.53130326311,565,0,0,9,39661.46811283177,3.644126276615055,7831.498774644648,2322.349250285454,9,5,2.0,3.8000471395750366,7.0,4.5231115920033265,0.0,0.4444444444444444,5.285236818378087,-4.284557843800546,0.9
ACCT_000025,44131.81359391356,651,0,0,3,18612.050486588098,3.7926729671996418,7971.407833492529,1725.8410839725736,3,2,3.0,4.269794221919304,0.0,0.0,0.0,0.0,0.0,0.9999462742552211,0.75
ACCT_000026,44366.69113302119,518,0,0,8,33182.05114307989,3.6178132413687396,7859.359685479933,2579.2844998179203,8,7,2.0,4.125019386155287,6.0,4.297678272819746,0.0,0.5,1.4881917284223234,-0.48815512470214606,0.8888888888888888
ACCT_000027,35162.47199250379,451,0,0,2,7574.592682664172,3.578329288318618,3967.1572022657706,254.36166887251832,2,2,0.0,0.0,2.0,3.879359283982599,0.0,0.5,757459268.2664171,-7574.592682664172,0.6666666666666666
ACCT_000028,8365.954299633002,615,0,0,8,39122.19468412131,3.6893332229392697,7586.880704362039,1738.5962018654525,8,6,0.0,0.0,8.0,4.592423209931214,0.0,0.375,3912219468.4121304,-39122.19468412131,0.8888888888888888
ACCT_000029,49035.58268905475,831,0,0,6,29492.556121262158,3.691561164123096,6829.8078975491635,2248.297481643551,6,4,2.0,4.056220781358385,4.0,4.257930403708488,0.0,0.5,1.5911445000720046,-0.5910925695093842,0.8571428571428571
ACCT_000030,17511.3280341506,658,0,0,5,17211.911003675144,3.536859087506714,6387.438533418384,1787.4760437668551,5,5,3.0,4.048949259842477,2.0,3.779512796479757,0.0,0.4,0.5377290958551993,0.4622296076155842,0.8333333333333334
ACCT_000031,42915.25983571716,666,0,0,5,20901.279405972615,3.621202866557228,6619.075880527591,1975.0626252896673,4,4,2.0,3.988382199151458,3.0,4.047868170789343,0.0,0.6,1.1467954764350732,-0.14678040162185566,0.6666666666666666
ACCT_000032,36094.33364401585,722,0,0,5,20699.384703069158,3.6169874317473063,6728.920776894933,2118.0749387810356,5,5,1.0,3.3386564663966345,4.0,4.267603007622576,0.0,0.4,8.490759490846736,-7.487326557401662,0.8333333333333334
ACCT_000033,39528.14349103828,519,0,0,7,30407.43933032432,3.637881808885738,7736.698603513026,2700.718477201984,7,4,3.0,4.049917698968044,4.0,4.283060962761092,0.0,0.2857142857142857,1.7105795014656962,-0.7105161661690595,0.875
ACCT_000034,16855.196191850806,551,0,0,6,27250.480445366953,3.657222913217361,6684.713412208536,2665.218546400841,6,5,3.0,4.103755005730616,3.0,4.1629198489428,0.0,0.16666666666666666,1.1459478202893607,-0.14593632885323274,0.8571428571428571
ACCT_000035,30232.227794143615,440,0,0,5,20465.39486428827,3.612050124109092,6699.873157489497,1708.0292983536817,5,3,3.0,3.994144281712313,2.0,4.025278120207033,0.0,0.6,1.0743204384314453,-0.07431290735282123,0.8333333333333334
ACCT_000036,44053.20252937742,605,0,0,6,14737.132473469206,3.3902617370674535,6048.835962604437,2394.5713217570824,6,4,3.0,3.5935652500018263,3.0,4.034010931478156,0.0,0.6666666666666666,2.7570565903491184,-1.7566087708700366,0.8571428571428571
ACCT_000037,1450.7063803775268,711,1,1,21,666235.1894543847,4.501408272952149,49500.0,15215.916788663644,20,4,11.0,5.541682630228493,10.0,5.502635116625678,0.38095238095238093,1.0,0.9140132391655462,0.08598651377932559,0.9090909090909091
ACCT_000038,17690.213432010125,588,0,0,9,31499.614441323236,3.5440627285715283,7603.074716097635,2163.7011695181027,9,7,2.0,3.971892941470287,7.0,4.344908900206424,0.0,0.2222222222222222,2.3605649712103203,-1.3604198361030009,0.9
ACCT_000039,15272.528161912896,543,0,0,7,34562.12416989659,3.6935023861223293,7668.09454849715,2378.1063250515444,7,6,3.0,4.126711725582212,4.0,4.325807970814187,0.0,0.5714285714285714,1.5815985017842702,-0.5815550640359186,0.875
ACCT_000040,15328.501058716758,554,0,0,3,11305.072352971714,3.5761520914748353,4907.246149138354,1219.5545411488563,3,3,1.0,3.6908378428864315,2.0,3.8060324383518203,0.0,0.6666666666666666,1.3037508199826549,-0.3036889368225104,0.75
ACCT_000041,6584.573584036684,631,0,0,5,13689.854443941684,3.437428826228286,6470.876358909658,2276.313282328415,5,4,4.0,4.054449565644993,1.0,3.371829067614888,0.0,0.4,0.20767274412980205,0.7922573654167515,0.8333333333333334
ACCT_000042,46578.924917010016,755,0,0,9,43693.05161658842,3.6861698683891095,7028.987567110406,2126.8363584564645,9,6,4.0,4.111089110807578,5.0,4.488243347478608,0.0,0.5555555555555556,2.383165681993175,-1.3830585932096793,0.9
ACCT_000043,32756.16814362519,648,0,0,2,10174.8718206383,3.7064989511826507,5733.187143281649,913.2301515747138,2,2,2.0,4.007528946846632,0.0,0.0,0.0,0.5,0.0,0.9999017283218946,0.6666666666666666
ACCT_000044,16847.017577152066,801,0,0,8,36903.81551064073,3.663981283491017,6885.610566879001,1667.5839813796363,8,7,3.0,4.166824224411464,5.0,4.34675376529209,0.0,0.375,1.5133157099955479,-0.5132807542997289,0.8888888888888888
ACCT_000045,31309.475257516835,471,0,0,2,6116.0175334285605,3.4854387261156012,5854.85312540761,3955.3352239107876,2,2,0.0,0.0,2.0,3.7864687217795825,0.0,0.5,611601753.342856,-6116.0175334285605,0.6666666666666666
ACCT_000046,21074.28824095233,858,0,0,6,33808.836814154456,3.7508789788298005,7959.590492934418,3036.3499332880965,6,6,2.0,4.170822206215275,4.0,4.278518651113337,0.0,0.3333333333333333,1.2814345953109871,-0.2814156061316737,0.8571428571428571
ACCT_000047,502.2072284799758,771,1,1,15,533967.3645518759,4.551423455223518,49553.88692303669,17911.0218514421,11,4,8.0,5.476464906429283,7.0,5.369995423888918,0.5333333333333333,1.0,0.7825831944842074,0.21741607967330517,0.6875
ACCT_000048,1390.2999343728525,632,1,1,10,363134.68821869796,4.560067736608876,49500.0,13437.35946749782,10,3,5.0,5.115052904684753,5.0,5.3669869580176295,0.4,1.0,1.786216321079588,-0.7862102888765462,0.9090909090909091
ACCT_000049,35859.16846888238,641,0,0,7,27503.11970498299,3.5942839190456146,7629.2435101652045,3052.877014190479,7,5,4.0,4.183955954759709,3.0,4.087391238682016,0.0,0.42857142857142855,0.8006363128525189,0.19935063508600484,0.875
ACCT_000050,15834.499030850413,817,0,0,4,12832.186418342828,3.506240668828892,4481.097587603376,894.0622425247946,4,3,2.0,3.718875591105141,2.0,3.880681098215203,0.0,0.75,1.4514614519276252,-0.4513752239579674,0.8
ACCT_000051,33738.21785902674,828,0,0,6,15405.329582607426,3.4095197436926585,5322.697295101545,1900.5899434923263,6,4,2.0,3.460893601104301,4.0,4.097443270404612,0.0,0.6666666666666666,4.3306159170494745,-3.3294638571640656,0.8571428571428571
ACCT_000052,29386.06988257852,864,0,0,9,46361.787108001496,3.7119176589261045,7502.883687423109,2259.0476472609944,9,6,2.0,3.9424709831545632,7.0,4.575216202450696,0.0,0.3333333333333333,4.292845108050695,-3.2924692316327318,0.9
ACCT_000053,41237.698349567494,785,0,0,3,17538.81260584643,3.7668789331596004,6437.806358925917,534.3851203057778,3,3,1.0,3.7322660078467407,2.0,4.084233025916701,0.0,0.0,2.248883806626166,-1.248652510816396,0.75
ACCT_000054,7647.187790616528,660,0,0,7,26273.271354770834,3.5744161112975896,7411.576231939078,3071.9044185502808,7,5,3.0,3.9492442331560547,4.0,4.239956261059003,0.0,0.42857142857142855,1.9530439992124997,-0.9529368939013257,0.875
ACCT_000055,4343.218411444674,775,0,0,8,36095.66689997199,3.6543650832134404,6931.1847120983075,1634.2013061511973,8,6,4.0,4.315683938084897,4.0,4.187783293179204,0.0,0.75,0.7449023680202462,0.25508530052888784,0.8888888888888888
ACCT_000056,17191.725490504727,595,0,0,2,6642.826922939588,3.5213229414996077,5904.26885368571,3652.7091253202284,2,2,2.0,3.822352937163589,0.0,0.0,0.0,0.5,0.0,0.9998494843391318,0.6666666666666666
ACCT_000057,23520.234790881896,591,0,0,8,24350.173650364966,3.4834120756891562,6469.753452508885,2274.06720213485,8,6,3.0,3.887995731971131,5.0,4.2207209977779385,0.0,0.375,2.151420315334242,-1.1512713195989326,0.8888888888888888
ACCT_000058,33722.294932294586,557,0,0,4,21463.413206461282,3.729638795214441,7135.197806732078,1466.203802503155,4,4,1.0,3.853406017420033,3.0,4.156192101750149,0.0,0.5,2.008103456659528,-1.0079621932861007,0.8
ACCT_000059,21838.79969985283,688,0,0,7,42552.700208390204,3.783829083710611,7869.784123184046,1378.1227296863808,7,7,3.0,4.270728796852016,4.0,4.3784079788569725,0.0,0.42857142857142855,1.281383660398056,-0.28136857603359305,0.875
ACCT_000060,46711.76863115358,613,0,0,4,19907.116939151103,3.6969483762794977,6102.4953031348305,1119.1371877583765,4,4,3.0,4.164449499239971,1.0,3.7245926777835843,0.0,0.25,0.36319777411128645,0.6367586217400205,0.8
ACCT_000061,30044.16790594409,864,0,0,2,2121.499227960294,3.0256128823935695,1505.3848514468918,628.8091831344524,2,2,1.0,3.1776475414537177,1.0,2.7896613428099553,0.0,1.0,0.4092736630294178,0.5903341859016573,0.6666666666666666
ACCT_000062,32607.62836005637,567,0,0,3,9153.890740645069,3.484484469734069,4748.888273361361,2330.102043526538,3,2,2.0,3.7112692821029927,1.0,3.6031731731597816,0.0,0.3333333333333333,0.7796575524623057,0.220299616378489,0.75
ACCT_000063,35280.69018998233,762,0,0,9,29250.82103621126,3.511895551286282,6849.86988571857,1847.4984931045392,9,6,4.0,4.191427218181444,5.0,4.137090431544375,0.0,0.2222222222222222,0.8823953546064812,0.11759707703154076,0.9
ACCT_000064,44962.78416568514,826,0,0,7,21039.729408074974,3.47794211004275,6738.197284438044,2086.938880940143,7,6,1.0,2.5097678685784275,6.0,4.316312373245593,0.0,0.42857142857142855,64.05373979746868,-62.859383854152846,0.875
ACCT_000065,45213.25171159767,594,0,0,9,34426.28619469685,3.5826476653959465,7017.759831780444,2137.446543776994,8,6,4.0,4.095925295972946,5.0,4.34152546011647,0.0,0.2222222222222222,1.760354617538387,-0.76029365738994,0.8
ACCT_000066,941.4574179262373,438,1,1,15,339501.82699728373,4.354750856682205,49000.0,14303.586342846904,11,4,8.0,5.105172614088075,7.0,5.326542495696329,0.06666666666666667,1.0,1.6648299554374948,-0.6648247372019239,0.6875
ACCT_000067,46467.212824712005,542,0,0,7,29114.941308418183,3.6190178789547467,6104.975294649278,1875.183284977677,7,6,2.0,4.085082015523191,5.0,4.229189798648443,0.0,0.7142857142857143,1.3935025981088618,-0.3934702525613047,0.875
ACCT_000068,17525.905484605435,549,0,0,5,7246.262131353267,3.1611440361189342,4763.611849208384,1864.8991127652657,5,4,3.0,3.2720926515891597,2.0,3.730393081685588,0.0,0.6,2.87276716172384,-1.8717668106903556,0.8333333333333334
ACCT_000069,49476.87240609176,872,0,0,7,23588.378761130556,3.527600052660628,5319.994907305124,1384.633451208629,7,7,3.0,4.037653323353873,4.0,4.103211184427082,0.0,0.2857142857142857,1.1629414783614171,-0.1629265398435584,0.875
ACCT_000070,2815.8993261025416,480,0,0,6,30768.062181785368,3.7099488942141856,7348.080247350116,2218.6533157480044,6,5,2.0,3.982015801298279,4.0,4.3257968948195735,0.0,0.0,2.206892064622154,-1.206766288145216,0.8571428571428571
ACCT_000071,5826.902145613013,418,0,0,9,37298.496596210716,3.6174488174597563,6886.094925064792,2203.1628982501506,9,6,1.0,3.085615146503983,8.0,4.5572735913471,0.0,0.6666666666666666,29.62500561122667,-28.601521750526345,0.9
ACCT_000072,3005.812377319169,446,0,0,9,37416.24023095614,3.6188176358576296,7457.107677320739,2073.6054718088194,9,7,3.0,4.210452132449467,6.0,4.325951508909283,0.0,0.2222222222222222,1.3046660946549389,-0.3046473306021804,0.9
ACCT_000073,1952.3050702144055,771,0,1,22,772795.0118265137,4.545641629346085,49860.91483652099,14554.74474784387,20,4,11.0,5.565114270167118,11.0,5.607900949186928,0.4090909090909091,1.0,1.1035364409832469,-0.10353615918941131,0.8695652173913043
ACCT_000074,45904.76929559519,750,0,0,6,18645.215081227303,3.492416147131404,7151.360569896098,2537.4214790664932,6,6,2.0,3.7589202453693815,4.0,4.110761531691885,0.0,0.3333333333333333,2.2482328311502733,-1.248015414960433,0.8571428571428571
ACCT_000075,25965.83572312476,779,0,0,9,35448.35185644842,3.595353538364968,7818.996108055172,2147.6060321720506,8,5,6.0,4.379082874599544,3.0,4.061098973065497,0.0,0.1111111111111111,0.48085717237435044,0.5191211411058033,0.8
ACCT_000076,48863.06798898621,847,0,0,5,17268.61187439955,3.538287424168448,5473.619201351944,2031.6932901674697,5,5,3.0,3.924302131153099,2.0,3.9478340097868547,0.0,0.2,1.055678989401965,-0.055672363344980776,0.8333333333333334
ACCT_000077,239.14089500645025,674,1,1,14,472318.69668785966,4.528107101741894,49500.0,15579.270302803,10,4,7.0,5.433227615214119,7.0,5.303536130669365,0.5,1.0,0.7418370426253265,0.2581620052864573,0.6666666666666666
ACCT_000078,6264.71705884477,539,0,0,4,21726.63291631077,3.7349324354448923,7671.977707423873,3170.0859663520246,4,3,0.0,0.0,4.0,4.336992426772855,0.0,0.5,2172663291.631077,-21726.63291631077,0.8
ACCT_000079,7576.563441237232,545,0,0,8,26170.3340698537,3.5147192795443076,6614.24506936341,2209.608840280633,8,6,4.0,4.239373471168902,4.0,3.945339451808433,0.0,0.375,0.5081196384412802,0.4918520172759271,0.8888888888888888
ACCT_000080,49432.72935876248,610,0,0,3,8129.423946720086,3.432938517734881,4975.750972412205,2025.1584898098515,3,3,2.0,3.848372713133252,1.0,3.0319910214701298,0.0,0.3333333333333333,0.15262241023772743,0.8472574619766313,0.75
ACCT_000081,40618.17675216557,574,0,0,9,38524.71271850091,3.6314968993986336,6008.946477067838,1593.006453555761,9,5,3.0,4.09067252201132,6.0,4.418350338271728,0.0,0.5555555555555556,2.126560858117319,-1.126469438648621,0.9
ACCT_000082,21067.946121572266,414,0,0,3,18735.60016183843,3.795546354789148,7321.723441740876,1715.6182730866906,3,2,1.0,3.8646133205583224,2.0,4.0574331774760815,0.0,1.0,1.5589057406127094,-0.5588294178953485,0.75
ACCT_000083,39639.20954405831,676,0,0,3,10212.927757440866,3.5320290051567373,4716.025643122332,1230.777106960921,3,2,2.0,3.899719068671936,1.0,3.356939784257239,0.0,0.0,0.28656339585089746,0.713346740643364,0.75
ACCT_000084,23196.66882825726,843,0,0,9,41877.61392918908,3.6677394193719786,7489.442269581021,2005.2678993911368,9,5,3.0,4.287162757661991,6.0,4.352300937536732,0.0,0.2222222222222222,1.161818211208815,-0.16180985881357504,0.9
ACCT_000085,19145.483801258393,812,0,0,6,25959.522644059056,3.636145451806432,7576.847677362255,2612.795182300879,6,5,4.0,4.3524750916256565,2.0,3.537108516926759,0.0,0.3333333333333333,0.1529795662131237,0.8469828153893291,0.8571428571428571
ACCT_000086,43715.635777252566,877,0,0,6,28895.489044901387,3.682678798745969,7964.698388305152,2605.9653521842342,6,5,4.0,4.179316066943669,2.0,4.139365609827677,0.0,0.5,0.912114883879336,0.08787930023852238,0.8571428571428571
ACCT_000087,3280.019490213999,911,0,0,7,26502.137433267704,3.578182861773089,7337.011994430713,2114.1940643312064,7,5,2.0,3.921415654524813,5.0,4.2590522922187475,0.0,0.7142857142857143,2.175888501593436,-1.1757476082704519,0.875
ACCT_000088,35425.35422665971,815,0,0,9,27461.541248450445,3.484482398440053,6888.738740465004,2277.524102298712,9,6,6.0,4.222092900134555,3.0,4.032840376789767,0.0,0.2222222222222222,0.6467664394628413,0.3532123793172895,0.9
ACCT_000089,15254.276957915206,790,0,0,6,34235.22530657346,3.7563219399788763,6905.2336937503305,1090.8642387572395,6,5,2.0,3.971940938138791,4.0,4.395516500568582,0.0,0.8333333333333334,2.6520124708393333,-1.6518362654911811,0.8571428571428571
ACCT_000090,6352.009397586764,474,0,0,2,4307.022595904211,3.333147154540869,3259.298788781613,1563.8196666336037,2,2,1.0,3.020246812369818,1.0,3.5131241752460878,0.0,0.5,3.110837737499127,-2.108824999145343,0.6666666666666666
ACCT_000091,38874.10967550327,704,0,0,2,11009.689294623047,3.740745067219239,5572.721928001899,95.99297092933448,2,2,1.0,3.746067372834181,1.0,3.735356726318081,0.0,0.5,0.9756394500046729,0.024356177637555307,0.6666666666666666
ACCT_000092,48403.269829268924,838,0,0,3,9770.185110077224,3.5127815374047917,4234.889160787574,881.3937212619571,3,3,1.0,3.4787213585182495,2.0,3.8298896170080323,0.0,1.0,2.244751430784797,-1.2443381842361532,0.75
ACCT_000093,799.3286376069317,599,0,0,6,20429.081735834796,3.532097595640753,7294.478089494679,2859.182606111133,6,4,3.0,4.041898603553547,3.0,3.9738784484620275,0.0,0.5,0.8550270303976668,0.14495980600432956,0.8571428571428571
ACCT_000094,39668.57247858583,604,0,0,3,8706.541140608257,3.46272440179302,5029.793674878808,1843.1581532466082,3,2,0.0,0.0,3.0,3.9398456565126825,0.0,0.0,870654114.0608256,-8706.541140608257,0.75
ACCT_000095,47878.17421071991,502,0,0,5,17679.268982271868,3.548494299127853,7808.200867941012,2600.0603639974865,5,3,1.0,3.892550977137667,4.0,3.994364148724531,0.0,0.2,1.2641923880592856,-0.26415855876604505,0.8333333333333334
ACCT_000096,42644.58452062796,757,0,0,4,14534.611384702113,3.560343433100761,7443.055675938979,2874.6060628122377,4,3,3.0,4.01256768860045,1.0,3.6274684658534238,0.0,0.0,0.4120033780184266,0.5879395046385373,0.8
ACCT_000097,30228.868250863234,553,0,0,6,22922.678414352944,3.5821141112804904,6847.256651373057,2796.954762001581,6,5,1.0,3.506141994839628,5.0,4.294804725126172,0.0,0.3333333333333333,6.146993146805953,-5.145388900595328,0.8571428571428571
ACCT_000098,37162.847262797986,861,0,0,2,4927.825276930003,3.3916253052354106,3836.7755959171163,1941.5214137084174,2,2,2.0,3.692655300899392,0.0,0.0,0.0,0.0,0.0,0.9997971118991211,0.6666666666666666
ACCT_000099,21535.199193590306,732,0,0,4,11157.821477744732,3.445519417202689,5299.5366587708,1810.3869349386061,4,4,1.0,3.391348623297978,3.0,3.9392934635354213,0.0,0.25,3.531383133953839,-2.530355527409097,0.8
ACCT_000100,8903.080468944912,602,0,0,4,16102.596100642226,3.604835908386593,6020.201180707724,2372.8480605728123,4,3,0.0,0.0,4.0,4.206895899714556,0.0,0.75,1610259610.0642223,-16102.596100642226,0.8
ACCT_000101,42326.05725518502,734,0,0,5,16942.16105472477,3.529998801557266,7964.985550523757,2973.5572014396794,5,5,3.0,4.0818642876121745,2.0,3.6873324054680774,0.0,0.4,0.40315134913850115,0.5967992235605765,0.8333333333333334
ACCT_000102,33992.55306084907,547,0,0,2,8564.58319930473,3.631676236944434,7866.985660526667,5069.522957846722,2,2,1.0,2.8436049396753833,1.0,3.8958083585637135,0.0,0.5,11.27725530903421,-10.262544202902262,0.6666666666666666
ACCT_000103,20554.85340708113,631,0,0,7,21030.432179166426,3.477750157593538,6406.149799159248,2162.2115453418596,7,5,2.0,3.9316579124509285,5.0,4.096440639300625,0.0,0.14285714285714285,1.4614458432026212,-0.46139184264516314,0.875
ACCT_000104,43286.13018957068,451,0,0,5,18254.955038088952,3.5624107632847637,7780.39335033878,3089.804963946913,5,4,3.0,3.6632222613533596,2.0,4.135133708261463,0.0,0.6,2.964226912543297,-1.9638004621285707,0.8333333333333334
ACCT_000105,22786.696190294555,459,0,0,2,6255.688394086241,3.4952451120189982,4583.094977453374,2058.0353903102114,2,2,0.0,0.0,2.0,3.7962751076829795,0.0,0.0,625568839.408624,-6255.688394086241,0.6666666666666666
ACCT_000106,27009.35241834101,869,0,0,8,33805.9481902494,3.6259031345556862,7626.722553195541,2351.6867398402446,7,6,2.0,3.853883632037617,6.0,4.425907369924955,0.0,0.25,3.732705591265303,-2.732323081536285,0.7777777777777778
ACCT_000107,49773.36488981008,587,0,0,4,19379.464340483217,3.6852817774039486,6574.0901956678,2151.413179050183,4,4,2.0,4.03311775227195,2.0,3.9338450701224805,0.0,0.5,0.7956596189418811,0.20432144833350388,0.8
ACCT_000108,12181.83199250726,783,0,0,2,6851.3882651324875,3.5347485838283426,4748.2249067832045,1870.340957553415,2,2,2.0,3.835778579492324,0.0,0.0,0.0,0.5,0.0,0.9998540654788801,0.6666666666666666
ACCT_000109,25940.79461119005,523,0,0,8,26046.814680118503,3.512664633103039,6279.048328613934,2615.0502720998525,8,5,6.0,4.173706343256851,2.0,4.046454620295496,0.0,0.25,0.746016231465103,0.25396674368606753,0.8888888888888888
ACCT_000110,38136.24695950482,778,0,0,6,28792.81526042583,3.6811328803608085,7944.959033106676,2145.547966267686,6,4,4.0,4.356636135900909,2.0,3.7825367154469705,0.0,0.5,0.2666248225123164,0.7333429168799329,0.8571428571428571
ACCT_000111,28680.247739672363,576,0,0,6,24847.517202393756,3.6171317495601882,7451.266940070361,2814.1207942664564,6,3,1.0,3.6724079009088526,5.0,4.304149176776249,0.0,0.0,4.28293294451464,-3.282235104099146,0.8571428571428571
ACCT_000112,5609.224119510481,687,0,0,4,14751.779890873353,3.5667844323861826,6604.910912818708,2714.0793909680347,4,4,0.0,0.0,4.0,4.168844423714145,0.0,0.25,1475177989.087335,-14751.779890873353,0.8
ACCT_000113,4210.522151765646,470,0,0,4,13923.044063633772,3.54167420626758,6317.316134592392,3201.970745868201,4,2,0.0,0.0,4.0,4.143734197595542,0.0,0.0,1392304406.363377,-13923.044063633772,0.8
ACCT_000114,33259.63106443403,454,0,0,9,36578.912756859136,3.6089882832616555,7959.244645676467,2655.119173846425,9,5,4.0,4.228851563897002,5.0,4.293170777109299,0.0,0.1111111111111111,1.1596293879760045,-0.15961996465264658,0.9
ACCT_000115,34846.22651284875,629,0,0,7,28559.058221801635,3.6106458418077194,7640.706669705988,2570.828986514012,7,7,4.0,4.202659839035924,3.0,4.100810186031527,0.0,0.42857142857142855,0.7909523973540233,0.20903449349545664,0.875
ACCT_000116,18050.136337016065,615,0,0,5,19669.86754411311,3.594831431076228,7576.577845839991,3034.874504693496,5,5,2.0,3.980933248723866,3.0,4.004295484334979,0.0,0.4,1.0552667034014425,-0.055260930395523614,0.8333333333333334
ACCT_000117,34017.65104238691,846,0,0,3,21331.826532673007,3.8519067886856444,7887.685724831843,886.7613412432735,3,3,2.0,4.181478155244754,1.0,3.788494396784753,0.0,0.0,0.40459102185215146,0.5953697758449628,0.75
ACCT_000118,12346.948184094252,611,0,0,6,38073.90847320802,3.8024762111751222,7994.932343683162,1797.1372703629586,6,5,4.0,4.421945588731363,2.0,4.066442638941004,0.0,0.6666666666666666,0.4410593672058962,0.5589194780837594,0.8571428571428571
ACCT_000119,21236.996584902237,850,0,0,8,20873.473129344944,3.416504730181545,7149.96912714425,2374.5682696157637,8,8,3.0,3.7117438812529464,5.0,4.19656922947548,0.0,0.5,3.0536928159854573,-2.0532940658791743,0.8888888888888888
ACCT_000120,29536.786001525743,432,0,0,8,39457.35502062757,3.6930379824582826,6977.881019162991,1702.8072333990567,8,7,2.0,3.9471831045944823,6.0,4.485756429277151,0.0,0.5,3.4559967403971177,-2.455719415074281,0.8888888888888888
ACCT_000121,8646.01989225208,903,0,0,4,18610.199445999922,3.6676910361732,7906.508904110288,2901.3358377591744,4,3,2.0,3.9092050457999283,2.0,4.021055231492502,0.0,0.5,1.2937494708049586,-0.2937132715697873,0.8
ACCT_000122,10736.484964185134,596,0,0,9,43280.272459149186,3.682047476650237,7627.628611226125,2411.791472565456,9,5,4.0,4.334794688847313,5.0,4.3357247940148715,0.0,0.3333333333333333,1.0021439407926085,-0.0021438420821376235,0.9
ACCT_000123,38394.39679961553,526,0,0,4,24429.013892994866,3.7858459451716957,7712.13422100286,1730.6834905910605,4,4,2.0,4.088169365529453,2.0,4.085578652528511,0.0,0.5,0.9940524193490061,0.005947094399687966,0.8
ACCT_000124,31345.323760517356,734,0,0,8,28052.24986592696,3.544877711583226,6392.849660781607,1640.6250232953141,8,6,3.0,4.039068890011895,5.0,4.233274141938028,0.0,0.625,1.5638865750587576,-0.5638350437551842,0.8888888888888888
ACCT_000125,48293.13695262094,891,0,0,5,25214.87875747887,3.702686879914656,7816.61935695352,2260.489748869427,5,5,2.0,4.125369505414321,3.0,4.0743890195844275,0.0,0.2,0.8892410725962274,0.11075062867513298,0.8333333333333334
ACCT_000126,26639.370006137906,550,0,0,8,33103.38333713786,3.6167823961964185,7400.757111230266,1862.716378152748,8,5,3.0,3.963937535256907,5.0,4.378401742539823,0.0,0.625,2.5969536998035387,-1.5967801993797082,0.8888888888888888
ACCT_000127,3268.3543313471705,493,0,0,6,9883.844495384925,3.216774653553247,4829.272043410441,1670.2895805630753,6,4,3.0,3.3123129801292754,3.0,3.8938285143858735,0.0,0.16666666666666666,3.81518438689846,-2.813813579459521,0.8571428571428571
ACCT_000128,39552.783634778876,446,0,0,8,37739.94835498807,3.673711314529628,6776.529947232014,1794.337947474522,8,5,2.0,3.7688015843982963,6.0,4.503351241674605,0.0,0.375,5.426872977798087,-4.4261192471045305,0.8888888888888888
ACCT_000129,23913.034388058557,518,0,0,7,26719.728700048512,3.5817340041833368,7722.57100063025,2538.554498831674,6,7,5.0,4.31367013117421,2.0,3.7873949471301835,0.0,0.42857142857142855,0.29766297344864,0.7023029185569807,0.75
ACCT_000130,28497.374623528147,874,0,0,2,11564.044691304596,3.7620797657460425,5843.569671982491,87.0410636239611,2,2,2.0,4.063109761410024,0.0,0.0,0.0,1.0,0.0,0.9999135325433933,0.6666666666666666
ACCT_000131,4532.9579367906235,673,0,0,7,18436.309412416434,3.420575948165579,5156.337781483181,1530.6939048693898,7,4,5.0,4.116086692502655,2.0,3.7301354327096647,0.0,0.14285714285714285,0.41119586608495573,0.5887590674027388,0.875
ACCT_000132,33368.60528934631,742,0,0,4,18251.261514899576,3.65923289664399,7927.013349942996,2896.4891162667454,4,4,2.0,4.088540825436844,2.0,3.7774152158483227,0.0,0.5,0.48851104803923023,0.511447239658426,0.8
ACCT_000133,34368.34922183009,531,0,0,5,23037.348817059985,3.6634624938365463,7110.192492658715,2385.8042519249607,5,4,3.0,4.150032718252268,2.0,3.949922017046209,0.0,0.6,0.6307965341670468,0.36917733160176086,0.8333333333333334
ACCT_000134,6179.726937740499,633,0,0,9,43230.45091149167,3.6815472559891074,6726.491551921529,1305.8353249129057,9,6,2.0,3.8638394228453032,7.0,4.555357642110212,0.0,0.7777777777777778,4.914939979594598,-3.914404403954565,0.9
ACCT_000135,44620.03981251956,619,0,0,4,14315.368127370019,3.553742529288808,6432.840737021244,2870.163224810758,4,3,3.0,4.091849230873649,1.0,3.292296784069661,0.0,0.5,0.15865273119369477,0.8412791774902898,0.8
ACCT_000136,42159.965258011856,520,0,0,8,27652.049301696763,3.538637335536251,7838.253672955227,3262.205981990364,8,7,1.0,3.8904392639103684,7.0,4.298454015902339,0.0,0.5,2.5586727944096674,-1.5584722305520835,0.8888888888888888
ACCT_000137,48751.107249310444,763,0,0,7,30764.391656509266,3.6429502916368897,7381.9003182269225,1799.8872465932998,7,6,2.0,3.8411259330354244,5.0,4.377089825361439,0.0,0.5714285714285714,3.4352938484343545,-2.434942808354432,0.875
ACCT_000138,6104.945551326707,696,0,0,8,34380.809775235146,3.6332261144682985,5850.213576784748,956.6438543330677,8,7,4.0,4.195714178881904,4.0,4.271551515232096,0.0,0.375,1.190795914819506,-0.1907837585557696,0.8888888888888888
ACCT_000139,6950.740410518901,783,0,0,7,26112.669546902394,3.5717532328130774,6942.343300116302,1784.1474673476716,7,5,1.0,3.5028883187102036,6.0,4.3603906214010095,0.0,0.42857142857142855,7.202815680004057,-6.200867813856232,0.875
ACCT_000140,4922.325163447408,778,0,0,3,9524.763482941467,3.501732945446501,4487.53998652131,1469.443852616295,3,2,1.0,3.2007034488168102,2.0,3.899672854311612,0.0,0.3333333333333333,4.999993074093692,-3.9974749514975274,0.75
ACCT_000141,38330.45410443508,879,0,0,6,21030.87168506705,3.544706023261738,5946.997635939537,1644.1686737531393,6,6,2.0,3.7790880255210766,4.0,4.176609661892567,0.0,0.3333333333333333,2.4975928109422023,-1.4973437955127085,0.8571428571428571
ACCT_000142,27839.91412002676,617,0,0,3,10222.878797221663,3.53245195709612,6581.212512909638,2877.166776061821,3,3,1.0,3.8183059147619867,2.0,3.561300145324302,0.0,0.6666666666666666,0.5533427573771771,0.4465893835594496,0.75
ACCT_000143,9393.019808923877,597,0,0,2,9598.601789792261,3.6811779791252746,7733.009462297439,4148.890444069075,2,2,1.0,3.8883485415916077,1.0,3.270816746986771,0.0,0.5,0.24125049040455432,0.7586514037002048,0.6666666666666666
ACCT_000144,42720.73806752251,480,0,0,3,17457.05336570067,3.764849684820947,7285.598836694842,1572.5024114235564,3,3,2.0,4.123802083795303,1.0,3.6189441140734506,0.0,0.3333333333333333,0.31271018749591745,0.6872381343321474,0.75
ACCT_000145,25654.35591402618,593,0,0,5,5626.704063128444,3.051284069671696,2656.626082966324,1020.3497006912386,5,4,2.0,3.461607299564749,3.0,3.436477379798175,0.0,0.4,0.9437784982088665,0.056202083185716865,0.8333333333333334
ACCT_000146,33138.19067030278,462,0,0,3,9562.080583565572,3.503431144632829,5508.421362613578,2460.2230167751245,3,3,0.0,0.0,3.0,3.980552399352491,0.0,0.6666666666666666,956208058.3565571,-9562.080583565572,0.75
ACCT_000147,14947.425263301788,859,0,0,5,24307.993215145958,3.6867791021188765,7081.433631961968,2084.7406390603055,5,5,1.0,3.431426997659855,4.0,4.334606532901246,0.0,0.6,8.001649680155843,-6.9990578435460495,0.8333333333333334
ACCT_000148,22615.22186256054,869,0,0,7,25332.782097783904,3.5585848475010056,7442.360465161472,1964.5455941393002,7,6,3.0,3.989960049472471,4.0,4.192046121044379,0.0,0.42857142857142855,1.5925243119524775,-0.5924636816116414,0.875
ACCT_000149,35435.07302633075,845,0,0,6,24398.325176869577,3.6092087648318,7684.818751352025,2965.993861595191,6,4,2.0,3.9271960010377156,4.0,4.202535205370302,0.0,0.16666666666666666,1.8851208801238304,-0.8850162284973135,0.8571428571428571
ACCT_000150,43239.78571882748,548,0,0,7,34437.97028232209,3.691939506914754,7125.135796224465,2052.490403449806,7,6,4.0,4.304537953049234,3.0,4.154599502029653,0.0,0.42857142857142855,0.7080461224688116,0.29193939764036136,0.875
ACCT_000151,13261.63826415521,697,0,0,4,17491.407391710585,3.6407647637117813,7748.371646340871,3001.665496025121,4,3,2.0,3.9552308616408602,2.0,3.9279296667736476,0.0,0.75,0.9390718121540486,0.06092143314403073,0.8
ACCT_000152,34575.863890113156,670,0,0,9,34893.125476590314,3.588497362744315,7876.127293844651,2567.261507453608,8,6,5.0,4.101378572140151,4.0,4.3476001903406285,0.0,0.5555555555555556,1.762875401616844,-0.7628150024960255,0.8
ACCT_000153,40983.60783903421,899,0,0,6,25267.87686953691,3.6244175015251296,7024.903966810682,1567.574116527046,6,4,1.0,3.84664039164199,5.0,4.261095613051743,0.0,0.16666666666666666,2.59689996659692,-1.596672682818898,0.8571428571428571
ACCT_000154,39835.813173695504,732,0,0,2,5688.055036038508,3.4539337941906743,4461.845644251542,2287.940335570729,2,2,1.0,3.6495145419654498,1.0,3.088564638153664,0.0,0.5,0.2748211136838749,0.7250163932136667,0.6666666666666666
ACCT_000155,960.8593927365071,869,0,0,8,28506.52569598598,3.5518543028181573,7718.54489417087,3251.089416252357,8,5,3.0,4.1879913301342455,5.0,4.116933970980781,0.0,0.5,0.8490683269478901,0.15092188299292844,0.8888888888888888
ACCT_000156,28730.469137411943,623,0,0,6,27757.31513538269,3.6652262056974925,7124.461892439167,1886.081382704486,6,3,2.0,3.8568827323589434,4.0,4.313123808919713,0.0,0.5,2.859177226239689,-1.858918779532899,0.8571428571428571
ACCT_000157,43448.25992865106,824,0,0,5,20743.44361467119,3.6179108508368323,6311.954378994493,1848.4846430983698,5,4,2.0,4.035592793751441,3.0,3.9951685918051933,0.0,0.2,0.9111204567419441,0.08887135458506577,0.8333333333333334
ACCT_000158,27450.835941383844,576,0,0,3,9690.877962788014,3.509241869815272,4792.720107218541,1710.708819015748,3,1,1.0,3.1468566324681566,2.0,3.918477370834459,0.0,1.0,5.910452552281221,-4.906953502839507,0.75
ACCT_000159,39008.25410978089,808,0,0,8,29616.125770563933,3.568438258735697,5579.180453339468,1069.9752518700975,7,5,1.0,3.4033149441686037,7.0,4.432728726046597,0.0,0.625,10.700739216375124,-9.69690820406365,0.7777777777777778
ACCT_000160,11198.23691826373,638,0,0,3,9668.92420616405,3.508256901129903,6132.731334842481,2573.2828347488153,3,3,1.0,3.787653939357128,2.0,3.548535944312283,0.0,0.3333333333333333,0.5766097799629599,0.4233211925620789,0.75
ACCT_000161,14890.754227222922,417,0,0,7,28984.829749960507,3.6170727137568828,7093.343720572649,3059.90484882572,7,5,5.0,4.1782840071143275,2.0,4.143292890898498,0.0,0.42857142857142855,0.9225902985515636,0.07740456652069601,0.875
ACCT_000162,48590.05966180489,494,0,0,8,39280.96971227183,3.6910922134949233,7915.890130680572,2492.9704049143907,8,6,2.0,3.993493270873693,6.0,4.468785479745248,0.0,0.5,2.9873919640682383,-1.987190248393382,0.8888888888888888
ACCT_000163,28847.799384906128,605,0,0,9,34061.031226557076,3.5780152830194254,7620.891705378442,2783.938946372715,9,6,5.0,4.064514756761653,4.0,4.351400371127838,0.0,0.6666666666666666,1.935912009478645,-0.9358313465757554,0.9
ACCT_000164,38692.7014397634,640,0,0,5,28834.670280783015,3.7609449853607773,7700.7238016773945,2671.242539640096,5,5,1.0,3.8865315470297874,4.0,4.324980603254941,0.0,0.4,2.7444103951706538,-1.744183902635218,0.8333333333333334
ACCT_000165,2789.964908329998,640,0,0,6,29510.760023613515,3.691829144131939,6536.075195170128,1546.8472242541588,6,5,1.0,3.5363407326860457,5.0,4.416182410416126,0.0,0.5,7.583010833907481,-6.581096787157331,0.8571428571428571
ACCT_000166,38520.42423172399,882,0,0,8,30292.92419424912,3.578251211072816,7200.985108934649,2254.793045465521,7,6,4.0,4.2628964972327115,4.0,4.078244559827953,0.0,0.625,0.6536542094984498,0.3463268845776396,0.7777777777777778
ACCT_000167,26063.994924189665,443,0,0,2,3760.461624888755,3.2742111654434964,2560.5946569671537,962.1797762724098,2,2,2.0,3.5752411611074773,0.0,0.0,0.0,0.5,0.0,0.9997341458986626,0.6666666666666666
ACCT_000168,33649.35663693199,595,0,0,2,9485.740768970372,3.6760412561989884,6755.122585616856,2845.7543537555202,2,2,1.0,3.8296332345977087,1.0,3.4362609778931867,0.0,0.0,0.4042292563461856,0.5956825607088787,0.6666666666666666
ACCT_000169,1795.6240065419797,445,1,1,23,838845.185678654,4.561953980342184,49582.065138039725,14412.950663802303,18,4,12.0,5.680195518203851,11.0,5.556301978249075,0.5217391304347826,1.0,0.7518071643972255,0.2481923172732219,0.75
ACCT_000170,25426.71868297597,671,0,0,4,18462.357811375034,3.66422717226771,6526.480520362015,2989.552168169326,4,4,0.0,0.0,4.0,4.266287163595672,0.0,0.5,1846235781.1375031,-18462.357811375034,0.8
ACCT_000171,16048.436044923852,861,0,0,7,33730.8201699575,3.6829288612388718,7181.780226716705,1759.7278643591687,6,6,2.0,3.9135230903523253,5.0,4.4071581123981725,0.0,0.2857142857142857,3.1162695890165955,-2.116011369828869,0.75
ACCT_000172,45339.54480496563,653,0,0,9,45035.957511471024,3.6993168912926677,6450.546054507939,1490.2680875433327,9,7,4.0,4.2523177213953645,5.0,4.4338979020867635,0.0,0.6666666666666666,1.5190783718953365,-0.5190493398113799,0.9
ACCT_000173,17997.13501885475,517,0,0,8,24804.40111842216,3.491438758828784,7548.831752833948,2028.2511385181454,8,6,3.0,3.7774720771365287,5.0,4.274475989953779,0.0,0.625,3.1405369834716557,-2.140179733833858,0.8888888888888888
ACCT_000174,38995.17862560719,895,0,0,6,26070.367001489838,3.63799589453996,7813.410993285647,2834.7627522161615,6,5,0.0,0.0,6.0,4.416147144923603,0.0,0.3333333333333333,2607036700.1489835,-26070.367001489838,0.8571428571428571
ACCT_000175,26726.777503622478,602,0,0,6,20825.356126905383,3.540441186472009,7514.384908491612,2509.3064839082513,6,5,4.0,4.174706585986085,2.0,3.768867756450365,0.0,0.5,0.3927906761329751,0.6071687164270927,0.8571428571428571
ACCT_000176,34434.16171784985,561,0,0,9,36969.811696558405,3.6136047290874234,7833.501834436127,2298.4057674437418,9,6,3.0,4.223066047019751,6.0,4.3065614921945405,0.0,0.4444444444444444,1.2119799768914787,-0.21196729517678858,0.9
ACCT_000177,12835.58664426872,649,0,0,2,9392.918142926032,3.6717705419147517,5739.3514794032535,1474.872587405019,2,2,0.0,0.0,2.0,3.972800537578733,0.0,1.0,939291814.2926031,-9392.918142926032,0.6666666666666666
ACCT_000178,20881.509545717036,590,0,0,5,16929.536056426714,3.5296750523615406,6906.86502461395,2350.3778396936127,5,3,1.0,3.596045310690375,4.0,4.113426952238866,0.0,0.4,3.291407394152676,-2.2908267090460925,0.8333333333333334
ACCT_000179,43741.0010232409,777,0,0,5,26065.446669924968,3.717095167268148,7577.120240679455,2564.3560004074056,5,3,2.0,4.145117220883403,3.0,4.082713350353888,0.0,0.2,0.8661560219416669,0.1338343955627676,0.8333333333333334
ACCT_000180,37463.79373600891,823,0,0,8,22618.042496832062,3.451365028734057,6777.763135986858,2131.1268573836305,8,6,5.0,4.190360608308103,3.0,3.8522976161805698,0.0,0.625,0.4591314131171905,0.5408336964127208,0.8888888888888888
ACCT_000181,8238.40620044551,477,0,0,3,16232.814150834,3.7332725617321687,6020.783892141048,590.7414931533287,3,2,1.0,3.7796530390764373,2.0,4.009112092967691,0.0,0.3333333333333333,1.6961296775759473,-0.6960140784895723,0.75
ACCT_000182,29094.24111762335,661,0,0,6,28757.532759724138,3.6806003728153502,7977.628774435255,3181.270309035734,6,5,3.0,4.164887264365828,3.0,4.1504357750923155,0.0,0.16666666666666666,0.9672717642835921,0.03272599630463673,0.8571428571428571
ACCT_000183,32215.156123997465,657,0,0,9,40373.90020717332,3.6518581957955316,7828.34870515823,2657.2484254222895,9,6,3.0,4.169730181042368,6.0,4.408104276161276,0.0,0.2222222222222222,1.7313070393023828,-0.7312575706690924,0.9
ACCT_000184,8922.065638769316,751,0,0,6,25627.740874192164,3.630559073743835,5758.2909769274665,1058.8144964649503,6,5,2.0,4.0379248731851485,4.0,4.167766918310086,0.0,0.0,1.3484723466405881,-0.3484404175282654,0.8571428571428571
ACCT_000185,43966.702250792216,878,0,0,5,15874.79188321307,3.5017380361121133,4591.500956738972,908.8390520925242,5,4,4.0,4.131438152671434,1.0,3.3692935273283826,0.0,0.8,0.17292404039621792,0.8270148546998343,0.8333333333333334
ACCT_000186,13794.690414481845,657,0,0,2,8211.445451587686,3.6133896165582535,4395.772305368097,410.19204919452335,2,2,1.0,3.6430351885095877,1.0,3.581571165593677,0.0,0.0,0.8680324804084105,0.131937502981506,0.6666666666666666
ACCT_000187,20443.056536977405,810,0,0,8,31246.86999191718,3.591716533461929,7891.326345634894,2515.9070628560985,7,5,3.0,4.005215284150199,5.0,4.324818502827832,0.0,0.375,2.08738817200718,-1.087280743862678,0.7777777777777778
ACCT_000188,14134.6106496302,688,0,0,4,14961.853254036092,3.572925399536871,7635.92926611968,2879.5600395277625,4,4,0.0,0.0,4.0,4.174985390864833,0.0,0.5,1496185325.403609,-14961.853254036092,0.8
ACCT_000189,2195.9255782784653,590,0,0,2,6200.649239491349,3.491407169054697,3538.550949029222,619.7456182617705,2,2,0.0,0.0,2.0,3.792437164718678,0.0,0.0,620064923.9491348,-6200.649239491349,0.6666666666666666
ACCT_000190,1097.4617973805885,782,0,0,5,24696.14327026625,3.6936591316272316,6935.662947037144,1694.5195687201042,5,4,3.0,4.227885423311544,2.0,3.8918825890937625,0.0,0.6,0.46131456372600493,0.5386535629151034,0.8333333333333334
ACCT_000191,14443.128046488986,584,0,0,5,16733.66182236488,3.5246209835618587,6866.016212584316,2863.9522994733547,5,4,1.0,3.8367048245816617,4.0,3.994213543687531,0.0,0.6,1.4371719043312217,-0.4371082438535004,0.8333333333333334
ACCT_000192,261.47658247454024,900,1,1,14,447001.2849259306,4.504180735855129,49500.0,14984.601099561343,12,4,7.0,5.241697036211496,7.0,5.435431551405563,0.35714285714285715,1.0,1.5621923802832711,-0.5621891579284392,0.8
ACCT_000193,3534.2903252365677,763,0,0,7,23877.59346347586,3.532892513674256,7330.420400897309,2360.322464403852,7,5,5.0,4.346393829152429,2.0,3.2241457228851944,0.0,0.42857142857142855,0.07546609770592055,0.924492262381793,0.875
ACCT_000194,39135.82923647258,786,0,0,9,40079.24342010444,3.6486770052767743,7025.943740583456,2158.873655884123,9,7,4.0,4.1851371977383,5.0,4.39381257356835,0.0,0.3333333333333333,1.616871014489078,-0.6168307411695517,0.9
ACCT_000195,30655.171873969648,464,0,0,9,22541.987126110907,3.3987496879791084,5210.093277610806,1788.1978802063888,9,4,0.0,0.0,9.0,4.352992197418433,0.0,0.5555555555555556,2254198712.6110907,-22541.987126110907,0.9
ACCT_000196,157.75125006778606,431,1,1,11,299483.0596280735,4.4349795762311315,48923.17637143569,15522.356826074652,11,4,6.0,5.17588471400852,5.0,5.174799139058834,0.2727272727272727,1.0,0.9975034927074218,0.0024964905748587076,0.9166666666666666
ACCT_000197,36063.140424469595,457,0,0,6,23679.482812935923,3.5962209622812202,7843.332575702567,2639.343619157058,6,5,0.0,0.0,6.0,4.374372212664864,0.0,0.5,2367948281.293592,-23679.482812935923,0.8571428571428571
ACCT_000198,31382.502686567033,591,0,0,9,35736.07842484326,3.598864383109282,5355.595801067471,1209.336908549687,9,5,2.0,3.839988102461891,7.0,4.45966320770057,0.0,0.3333333333333333,4.165576404067561,-3.16511889868189,0.9
ACCT_000199,17751.20291421323,805,0,0,9,38811.29859886211,3.6347156647329193,7935.875251010607,2504.0466633330425,9,8,2.0,4.079130672531226,7.0,4.42834048284971,0.0,0.4444444444444444,2.2346515340502524,-1.2345486448779937,0.9
ACCT_000200,14923.527108026241,879,0,0,5,17931.31995672895,3.554642255601191,6243.895537019256,2638.983028024082,5,4,1.0,3.6065609003105776,4.0,4.142691286475717,0.0,0.4,3.436611073018853,-2.436008358370158,0.8333333333333334
ACCT_000201,25593.040745821123,691,0,0,6,32787.326894721366,3.737554760302353,7558.739236669226,1704.3397576073603,5,4,3.0,4.238788747387148,3.0,4.189145395772718,0.0,0.5,0.8919831453120759,0.10801062145176601,0.7142857142857143
ACCT_000202,25005.269309901953,495,0,0,9,48199.27012562055,3.728797952392565,7915.64748394531,2079.8502120411576,9,5,1.0,3.2014930198493143,8.0,4.668469030489216,0.0,0.1111111111111111,29.307313359518588,-28.289525317722198,0.9
ACCT_000203,9836.71569261024,479,0,0,8,21934.881720304453,3.4380453099045893,7014.343816550661,2283.7659680201355,8,5,3.0,3.638209592215914,5.0,4.245208604837544,0.0,0.375,4.045749709553523,-3.0450492566179657,0.8888888888888888
ACCT_000204,33713.248119546355,602,0,0,9,54641.65377884206,3.7832813257465303,7996.071533266029,2354.7451352918793,9,6,2.0,4.098781643148921,7.0,4.624154859736726,0.0,0.4444444444444444,3.352534195014479,-2.3523468192059678,0.9
ACCT_000205,14478.656950238437,908,0,0,2,12786.539018937587,3.805723012584658,7214.152394456205,1160.903709069151,2,2,1.0,3.8581853122784837,1.0,3.746041241106871,0.0,0.0,0.7724243004679664,0.2275441571041911,0.6666666666666666
ACCT_000206,21913.765634867897,713,0,0,7,37601.604714693894,3.7301083395906716,7847.232009815893,2744.7903055950514,7,4,2.0,4.18673828231627,5.0,4.3469262726462485,0.0,0.7142857142857143,1.4460655836942569,-0.446036568992957,0.875
ACCT_000207,36606.591652144394,855,0,0,6,18601.798140371844,3.4914036768824492,5920.21981491033,1976.21976613851,6,3,2.0,3.8250324871482477,4.0,4.076198242812165,0.0,0.8333333333333334,1.783059168918837,-0.7829420337705105,0.8571428571428571
ACCT_000208,17945.579105565463,640,0,0,6,13117.536766846511,3.3397010397625997,4179.660748529352,1418.036874073894,6,5,1.0,3.6211410327269715,5.0,3.951234326053344,0.0,0.3333333333333333,2.1384214018034386,-1.138149100345352,0.8571428571428571
ACCT_000209,12690.401338107074,867,0,0,9,31099.328342499914,3.5385085001567758,6697.260182647814,2012.6179515187423,8,6,3.0,4.087109986017891,6.0,4.275961436624581,0.0,0.2222222222222222,1.54472597805767,-0.5446814103547577,0.8
ACCT_000210,2852.1289817519637,486,0,0,9,21857.378898828836,3.385355571411974,5440.757721963706,1789.4837407833709,9,8,3.0,3.911910607733669,6.0,4.1365060871905115,0.0,0.4444444444444444,1.6772410338906865,-0.6771580929974071,0.9
ACCT_000211,7344.638620051525,456,0,0,7,28537.368690195148,3.6103158861571014,7417.0642049243215,2729.693872516482,7,7,4.0,4.119247923227499,3.0,4.186888844456478,0.0,0.42857142857142855,1.1685328366452865,-0.16852003182481604,0.875
ACCT_000212,49308.38244572327,731,0,0,8,32016.63184092053,3.6022856550872224,7777.576877330023,3055.338649365969,8,6,4.0,4.2885121211196875,4.0,4.099848823137342,0.0,0.625,0.6476445299465938,0.35233733768517284,0.8888888888888888
ACCT_000213,30003.492967015154,841,0,0,3,7784.840582684072,3.41412846882937,6900.093850050511,3731.295067664724,3,3,2.0,3.8744973297950884,1.0,2.469193012450913,0.0,0.3333333333333333,0.0393274404462418,0.9605443205142733,0.75
ACCT_000214,6212.292984900997,849,0,0,7,29835.104638360004,3.629629525336051,6980.952213797807,2086.3148751409426,7,7,4.0,4.273654419748904,3.0,4.043632783630511,0.0,0.42857142857142855,0.588814320168516,0.4111637837372437,0.875
ACCT_000215,15148.354274524274,864,0,0,6,26072.780803588088,3.638036103118711,7168.9806225035045,2042.2141051896342,6,6,3.0,4.163802803034741,3.0,4.06036767486905,0.0,0.6666666666666666,0.7880701384562425,0.21191532785961228,0.8571428571428571
ACCT_000216,44958.13644792528,784,0,0,9,36276.11269736192,3.605378232991277,6336.002201224709,1598.1617187332013,9,6,5.0,4.313112393562706,4.0,4.196228305313197,0.0,0.3333333333333333,0.7640396756401814,0.23594885023592993,0.9
ACCT_000217,16594.07995581309,493,0,0,8,22913.550942572743,3.4570024105895913,7735.237835568552,2426.5610780186985,8,5,1.0,3.3933702099414034,7.0,4.310474918873719,0.0,0.375,8.262371290108161,-7.259436832920663,0.8888888888888888
ACCT_000218,6271.846838225637,725,0,0,5,12197.529232814313,3.3873018632873695,7043.521260222853,2609.69282461241,5,4,2.0,3.454291739763886,3.0,3.9708653346849156,0.0,0.4,3.2852891047101807,-2.2844865204940246,0.8333333333333334
ACCT_000219,28069.128537376677,576,0,0,9,25297.82697864922,3.4488407085067445,6917.620612716552,1837.0042898695674,9,7,3.0,3.8105428100717944,6.0,4.274924345071045,0.0,0.4444444444444444,2.9132753510161744,-1.9129794401736866,0.9
ACCT_000220,6603.637363410526,556,0,0,6,25277.075677111665,3.6245755782949205,7131.807075321427,2311.473863387222,6,5,2.0,3.9840099724341314,4.0,4.1941968751130485,0.0,0.6666666666666666,1.6225082069785721,-0.6224436298495106,0.8571428571428571
ACCT_000221,43088.32179538379,705,0,0,7,30227.793524807144,3.6353084070321042,7198.497936494806,2772.7155774538487,7,5,2.0,3.988918138896903,5.0,4.311324327505494,0.0,0.42857142857142855,2.1009039043285376,-1.1007909823612887,0.875
ACCT_000222,8732.429160349577,683,0,0,3,15000.668592558804,3.698989361641879,7755.793311661736,2454.870521374285,3,3,0.0,0.0,3.0,4.176110616361542,0.0,0.3333333333333333,1500066859.2558804,-15000.668592558804,0.75
ACCT_000223,25741.6585226786,650,0,0,3,14442.410869012754,3.682518441264231,7386.319143355145,2921.837326714933,3,3,3.0,4.159639695983894,0.0,0.0,0.0,0.3333333333333333,0.0,0.9999307642765917,0.75
ACCT_000224,46150.428057017125,551,0,0,5,12979.619669164067,3.414291962550264,6600.8936686684865,2793.396034866075,5,3,4.0,4.076868179954349,1.0,3.018435077508991,0.0,0.2,0.0874111627294202,0.9125123884120488,0.8333333333333334
ACCT_000225,47695.07332551284,415,0,0,7,31459.666788199997,3.6526560783743327,7353.209951150735,2755.392969933251,7,6,2.0,3.885257713539286,5.0,4.376239188492556,0.0,0.2857142857142857,3.097287176042603,-2.0970140662858046,0.875
ACCT_000226,5468.19100720517,616,0,0,7,33343.19581054332,3.677909182843316,7980.607216162788,2319.362297965691,7,4,2.0,4.048782840920794,5.0,4.345460248914736,0.0,0.5714285714285714,1.980055701103508,-0.9799681179999414,0.875
ACCT_000227,40980.886208481235,561,0,0,5,23275.61916021798,3.66793123824065,7137.684715143082,1812.6928095256105,5,4,1.0,3.5094064196914476,4.0,4.301986611648553,0.0,0.2,6.2026916312101275,-5.201082164065234,0.8333333333333334
ACCT_000228,46587.42202891641,512,0,0,7,30413.37949577417,3.637966641057828,7797.443554782098,2418.255331634031,7,4,2.0,3.6612329403259465,5.0,4.412116043984241,0.0,0.14285714285714285,5.634859641738567,-4.633848752361108,0.875
ACCT_000229,42513.25867797913,543,0,0,4,14864.91018119209,3.5701022980669803,6027.958530209273,2562.395789719025,4,3,2.0,3.8858455910560585,2.0,3.8559029978089328,0.0,0.0,0.9333776689609027,0.06661366583909227,0.8
ACCT_000230,22403.32002656785,483,0,0,6,26571.47431722638,3.6462644015077212,6945.095985710024,2366.0599573641475,6,4,2.0,3.9896380602992627,4.0,4.225496478657277,0.0,0.6666666666666666,1.7213073290508243,-0.7212334659654467,0.8571428571428571
ACCT_000231,29377.618500223525,825,0,0,7,25697.000623136504,3.5647843950353617,7047.090909542954,2454.04110768665,6,5,3.0,4.007844809177159,4.0,4.190744108041821,0.0,0.14285714285714285,1.5236994066859104,-0.5236479807757443,0.75
ACCT_000232,17109.276638233507,530,0,0,4,11307.94594293867,3.451323732371766,4995.213434618846,1669.7018631600374,4,3,1.0,3.096666336673911,3.0,4.002539571656565,0.0,0.5,8.051433893695924,-7.0457941592943705,0.8
ACCT_000233,37251.64942857105,481,0,0,6,28170.73834060724,3.671646979386983,7571.916557271859,2147.3299842468423,6,5,1.0,3.5436904283153945,5.0,4.392235692383279,0.0,0.5,7.05578376661407,-6.054052552848522,0.8571428571428571
ACCT_000234,9484.644100264028,831,0,0,7,32194.223540319592,3.662679915234013,7859.9480577337945,2608.9066382152737,7,6,4.0,4.182217185188667,3.0,4.2299669006941105,0.0,0.7142857142857143,1.1162197826861502,-0.11621214445821763,0.875
ACCT_000235,34841.01705727923,902,0,0,3,15970.41328850812,3.7261949004041712,7041.808222895315,1571.1463115939325,3,3,1.0,3.5977313149378154,2.0,4.079546039205694,0.0,0.3333333333333333,3.032597154738713,-2.032084052545077,0.75
ACCT_000236,13443.898734517157,663,0,0,7,25192.387818178984,3.5561712933080503,7819.307268405476,2859.516354129421,7,6,5.0,4.216137154991206,2.0,3.9416841549889763,0.0,0.42857142857142855,0.531553521587265,0.4684180009462368,0.875
ACCT_000237,12995.344108050978,594,0,0,8,28945.67148119077,3.558493641783683,7646.172604208435,2378.9969788948865,8,5,3.0,4.1530125247496255,5.0,4.167966029126588,0.0,0.125,1.0350313494304086,-0.035028887444997575,0.8888888888888888
ACCT_000238,6876.247151267912,715,0,0,9,31699.770214593627,3.5468136046744614,6570.787070410749,2024.9569165536157,9,3,4.0,4.027569944626444,5.0,4.323135838655577,0.0,0.6666666666666666,1.9749945140449086,-0.9749030221391696,0.9
ACCT_000239,15964.091935141772,841,0,0,8,21266.66860634452,3.424609476620435,7603.529939839516,2851.9820316272726,8,5,2.0,4.022596866843522,6.0,4.0307042327291045,0.0,0.75,1.0188432334498898,-0.01884144580005922,0.8888888888888888
ACCT_000240,43809.19955535712,503,0,0,4,17133.155458226705,3.6317773641590354,7512.7026967247475,2532.397039084079,4,4,1.0,3.6829644430136943,3.0,4.090401690363757,0.0,0.25,2.5552726492656643,-1.5549499894763816,0.8
ACCT_000241,6970.962570080094,652,0,0,8,25867.39263584088,3.509662668205685,7024.821057268118,2199.0629368165946,8,6,3.0,3.869562692022861,5.0,4.266272889346222,0.0,0.125,2.492930647459136,-1.4927290843495806,0.8888888888888888
ACCT_000242,13732.812643952504,692,0,0,2,9671.894149915297,3.684481539256637,6457.852767636763,2293.721027476933,2,2,1.0,3.8100881393290504,1.0,3.5070514642068886,0.0,0.0,0.4976950532859167,0.5022271759486339,0.6666666666666666
ACCT_000243,36023.45652396576,878,0,0,7,21596.714901402047,3.489289655178502,7310.455715170138,3205.389298928177,7,2,2.0,2.9114756392919987,5.0,4.317668905556663,0.0,0.0,25.47963843638918,-24.449661125017503,0.875
ACCT_000244,32960.97643831692,542,0,0,9,36243.33889939007,3.604985690569463,6711.428242123536,2483.037446567679,9,8,4.0,4.119719638156757,5.0,4.363034018911101,0.0,0.4444444444444444,1.7511138396655883,-0.7510568307163589,0.9
ACCT_000245,29226.4434177665,826,0,0,3,11655.324156617751,3.589403101856167,7923.495956163039,3528.646696556228,3,3,2.0,3.9694373118554127,1.0,3.368261758335128,0.0,0.3333333333333333,0.2505096418243559,0.7494099530756009,0.75
ACCT_000246,9839.278415787616,527,0,0,7,28943.955762028003,3.6164598457258523,7468.240639880633,2257.594766796908,7,6,2.0,3.898418742352703,5.0,4.322829817686115,0.0,0.42857142857142855,2.6571194277214145,-1.6569100775926309,0.875
ACCT_000247,33584.07871622644,701,0,0,2,9959.155165048089,3.6971925031292296,7629.119852541805,3747.0186123399144,2,1,0.0,0.0,2.0,3.998222498793211,0.0,1.0,995915516.5048088,-9959.155165048089,0.6666666666666666
ACCT_000248,1191.656944236697,473,0,1,19,712169.5456274805,4.573829797129123,49500.0,15117.355561707505,15,4,10.0,5.558432422527835,9.0,5.544563665819398,0.5263157894736842,1.0,0.9685705129039583,0.031429400192497625,0.75
ACCT_000249,39210.69635930349,833,0,0,7,24382.797324047737,3.541985488696639,6576.752844473341,2143.950177852453,7,6,3.0,4.067970253520087,4.0,4.103413858061094,0.0,0.42857142857142855,1.0850346420104646,-0.08502737203275922,0.875
ACCT_000250,21516.31904109767,792,0,0,5,21969.68339367085,3.6428537939876575,5536.983944926599,1247.5624281870232,5,4,3.0,4.145008619573034,2.0,3.903400539745452,0.0,0.6,0.573313171944561,0.4266562735434227,0.8333333333333334
ACCT_000251,5394.214929376988,875,0,0,6,21422.439593047704,3.552717676498199,6665.3974734118465,1946.7518647279903,6,5,1.0,3.268692874221068,5.0,4.291500905667778,0.0,0.5,10.539209294661399,-9.534073817110936,0.8571428571428571
ACCT_000252,8693.996988346367,856,0,0,4,18162.552506582855,3.657116891492843,7728.097465753952,3736.239459900191,4,4,2.0,3.4522090478656926,2.0,4.18553641212222,0.0,0.25,5.411620866869447,-4.4100640751162175,0.8
ACCT_000253,20148.127188025257,413,0,0,3,11508.434616869567,3.5838949999709966,6100.525894955216,2635.6469758325834,3,2,1.0,3.6498155857322168,2.0,3.847788213307632,0.0,0.0,1.5775118366628138,-0.5773825254502415,0.75
ACCT_000254,22875.414386501925,886,0,0,9,40677.91912326418,3.655116219069047,7699.446180597878,2562.417893731845,9,7,4.0,4.198714262048148,5.0,4.395777735730704,0.0,0.1111111111111111,1.5742129234731925,-0.5741765889628611,0.9
ACCT_000255,40679.82308718128,543,0,0,4,15111.544131588336,3.577248852466051,7151.848661540107,3437.8148790499135,4,4,2.0,3.8975236578383305,2.0,3.8581415450985683,0.0,0.25,0.9133093141486663,0.08667970996630739,0.8
ACCT_000256,23189.663437363703,451,0,0,6,26846.8135028144,3.65074149550785,6720.678702929104,2404.3528787918212,6,5,3.0,4.203186159461523,3.0,4.036675989013488,0.0,0.6666666666666666,0.6815376136456168,0.31844244043410624,0.8571428571428571
ACCT_000257,1547.6087921108938,781,0,0,2,8144.383229579466,3.609828205303145,6097.35855972974,2864.018559603844,2,1,0.0,0.0,2.0,3.910858200967126,0.0,1.0,814438322.9579465,-8144.383229579466,0.6666666666666666
ACCT_000258,36833.215354680426,676,0,0,6,24384.455844165022,3.6089618180732312,7878.845510122405,3508.372798255931,6,5,4.0,4.209022585127988,2.0,3.913962862733963,0.0,0.5,0.5069209934743713,0.4930485365887809,0.8571428571428571
ACCT_000259,24023.759616586143,699,0,0,7,30599.50359288257,3.640616341087566,7117.20120527947,2874.7073319576266,7,4,4.0,4.034553665653728,3.0,4.296036730468985,0.0,0.5714285714285714,1.8259255445743443,-0.8258492774230145,0.875
ACCT_000260,10166.02999573446,774,0,0,6,25059.11554526873,3.6208144882382625,7538.73567357864,2659.006024459231,5,4,4.0,4.196889037872121,2.0,3.969570027350096,0.0,0.16666666666666666,0.5924899514956576,0.4074841527837601,0.7142857142857143
ACCT_000261,11488.754728439293,590,0,0,6,30817.43628465055,3.710645256362788,7500.450199083107,1884.284889858755,6,5,3.0,4.0644060163267355,3.0,4.283726818635593,0.0,0.5,1.6569934891184006,-0.6569368512821047,0.8571428571428571
ACCT_000262,41482.74908016691,723,0,0,9,23218.472432898503,3.411591134223963,5003.0552546416875,1700.6069293740975,9,6,5.0,4.2375027180474545,4.0,3.7737940846129607,0.0,0.4444444444444444,0.343788516795865,0.6561735064145157,0.9
ACCT_000263,12611.966312101993,593,0,0,9,26430.047970842315,3.4678554419426013,7205.317152107778,2117.2033571381235,9,6,0.0,0.0,9.0,4.422097951381926,0.0,0.4444444444444444,2643004797.0842314,-26430.047970842315,0.9
ACCT_000264,43099.92227231062,767,0,0,6,22340.086239864897,3.57093359491453,7014.615514080385,2555.6185749203414,6,5,1.0,3.041105097709106,5.0,4.327171164395894,0.0,0.6666666666666666,19.32262220868081,-18.305969570186118,0.8571428571428571
ACCT_000265,11625.825166380127,705,0,0,9,42127.79690581461,3.670326238634465,7627.950799888632,2061.582031390516,9,6,5.0,4.253222564395226,4.0,4.384040703367966,0.0,0.3333333333333333,1.3515064999187938,-0.3514868812354998,0.9
ACCT_000266,32029.402092029577,426,0,0,9,41434.76932926058,3.663122415994331,7219.620950470125,2617.183547629418,9,6,2.0,3.8370197354020834,7.0,4.538621140460528,0.0,0.5555555555555556,5.030387078142203,-4.029800591129404,0.9
ACCT_000267,41260.81500538389,906,0,0,3,16452.978197947996,3.7391232674973645,7694.673498921282,3805.9732007287744,3,3,1.0,3.8861901965358974,2.0,3.9424200501052584,0.0,0.3333333333333333,1.138229541366797,-0.13821158086482274,0.75
ACCT_000268,34665.229918529694,752,0,0,3,13028.72595504914,3.6377806945505298,5512.874052764646,1237.5223056682978,3,3,2.0,3.9991882398829515,1.0,3.4839294581994964,0.0,0.0,0.30531013261744794,0.6946202750930232,0.75
ACCT_000269,5736.0558912563165,783,0,0,2,5381.118358249398,3.4298425488391744,3707.5028369042266,1438.175513001111,2,2,1.0,3.2236556949138184,1.0,3.5690814920136713,0.0,0.5,2.215265553806324,-1.214539868784502,0.6666666666666666
ACCT_000270,34135.647125459494,867,0,0,8,31346.67075355213,3.593101435363319,7934.462649133884,2929.7249369441424,7,7,1.0,3.8933213852993704,7.0,4.3715223655823525,0.0,0.125,3.0074677552904876,-2.0072111502586365,0.7777777777777778
ACCT_000271,38913.097832792104,680,0,0,2,5121.611789811921,3.4083766608713866,3033.3201927849823,668.2361284757133,2,2,1.0,3.319791140947925,1.0,3.4819182562124205,0.0,0.5,1.452536696780323,-0.45232010558163305,0.6666666666666666
ACCT_000272,8797.287552392365,826,0,0,9,44419.80976588272,3.6933341848495753,7136.05747270924,2169.209987965777,9,7,2.0,4.146816779133798,7.0,4.482839148483345,0.0,0.2222222222222222,2.1678157588016407,-1.1677324830579852,0.9
ACCT_000273,29126.227658793727,818,0,0,2,13177.553456650297,3.8188047910049265,7573.857706509219,1393.1148793836662,2,2,1.0,3.879317141574567,1.0,3.748474547452092,0.0,0.5,0.7398733855174423,0.26009227271360374,0.6666666666666666
ACCT_000274,39602.439353468406,469,0,0,4,10289.426223952763,3.4103311662606277,6974.334246654813,2957.157582126336,4,3,4.0,4.01239115758859,0.0,0.0,0.0,0.0,0.0,0.9999028222953805,0.8
ACCT_000275,632.7617785232334,559,1,1,14,489250.2814508017,4.543403048488274,49941.43168285791,15000.717747017257,13,4,7.0,5.368232030942844,7.0,5.407866195935101,0.42857142857142855,1.0,1.0955549487968306,-0.09555453956491415,0.8666666666666667
ACCT_000276,942.4738107065266,748,0,1,16,614364.1964970464,4.5843059155836094,49647.72715017843,14187.481799844485,12,4,8.0,5.480074017006271,8.0,5.49459639038807,0.5625,1.0,1.0340043679814164,-0.03400425543616598,0.7058823529411765
ACCT_000277,13208.709266406691,650,0,0,8,37663.92520159946,3.6728355916882602,7745.089543398611,2330.7076903843904,8,7,3.0,4.219412026267478,5.0,4.324087069407446,0.0,0.375,1.2725505496625342,-0.27253410637865455,0.8888888888888888
ACCT_000278,14121.114331677867,855,0,0,2,8168.916061040525,3.611134437864833,7185.056938970443,4384.90902780946,2,1,1.0,3.856430214110145,1.0,2.992932916634887,0.0,0.0,0.13693129074099547,0.8629486058301141,0.6666666666666666
ACCT_000279,32637.515275479545,543,0,0,3,13419.040078000206,3.6506001952609903,5830.8946771399715,1419.8843000129873,3,3,0.0,0.0,3.0,4.127721449980653,0.0,0.3333333333333333,1341904007.8000205,-13419.040078000206,0.75
ACCT_000280,20499.482541258763,583,0,0,3,14395.517250760464,3.6811060195736456,7033.056397865867,3662.3313286731927,3,3,2.0,4.140620804355439,1.0,2.757341757685853,0.0,0.6666666666666666,0.0413733753287055,0.9585572824971849,0.75
ACCT_000281,38043.074871493285,869,0,0,9,40516.15765905912,3.653385742979632,7386.901186401531,2256.917573554553,9,7,7.0,4.459901253422996,2.0,4.067532048925713,0.0,0.2222222222222222,0.40516394894819624,0.5948154217787296,0.9
ACCT_000282,353.5865063064739,888,1,1,12,418725.9680774708,4.542748649266909,49280.81675883623,13958.036952431296,11,4,6.0,5.359192960225797,6.0,5.278901040258363,0.3333333333333333,1.0,0.8312048718009122,0.16879438997802235,0.8461538461538461
ACCT_000283,19054.113194582736,713,0,0,7,21723.596830636154,3.4918336940872403,7479.41760713066,2381.447006930601,7,6,2.0,4.05135087925609,5.0,4.019882690328409,0.0,0.14285714285714285,0.930104639459036,0.06988915018242549,0.875
ACCT_000284,23023.046099194384,445,0,0,8,38855.05771404632,3.686357571391705,7675.11895232135,2102.004326889309,8,6,2.0,3.9730990812217795,6.0,4.469169059761606,0.0,0.375,3.13379063282134,-2.1335636462616203,0.8888888888888888
ACCT_000285,28302.774251428098,805,0,0,6,28652.28773898683,3.679008053502729,7215.529212956006,1969.3959695848582,6,5,3.0,4.053092588678423,3.0,4.239347528867068,0.0,0.3333333333333333,1.5355180990316615,-0.535470715144919,0.8571428571428571
ACCT_000286,16587.098815547626,565,0,0,3,13226.636156357017,3.644328152242836,5702.375026439742,1601.09162178097,3,3,1.0,3.756055776031571,2.0,3.8764638593549767,0.0,0.6666666666666666,1.319496013824973,-0.31943999737552264,0.75
ACCT_000287,14970.311034210356,804,0,0,3,10534.894784105623,3.5455089477863435,6971.557810582673,3008.352942669294,3,3,0.0,0.0,3.0,4.022630202506006,0.0,0.6666666666666666,1053489478.4105623,-10534.894784105623,0.75
ACCT_000288,5116.375948951171,697,0,0,7,25273.809933262928,3.557572675125735,7958.653441173828,2318.44590056804,7,5,4.0,4.289535921226385,3.0,3.7631424989075266,0.0,0.7142857142857143,0.29758194462846366,0.7023819942451035,0.875
ACCT_000289,9707.417376871765,534,0,0,5,20701.17822732864,3.617025060109551,7435.578733683149,2677.2104210787065,5,4,2.0,3.9592320831968104,3.0,4.064352461720536,0.0,0.2,1.2738561204123906,-0.27382604424694096,0.8333333333333334
ACCT_000290,18401.443723873468,679,0,0,8,35258.71014728812,3.6441764336723965,7084.6603577921305,2075.575756428032,8,5,5.0,4.3181987279275,3.0,4.159934703968017,0.0,0.125,0.6946019142265945,0.30538340812136855,0.8888888888888888
ACCT_000291,32913.159351502705,812,0,0,8,30538.97676796802,3.581764494599781,7633.76337204679,2871.9751100702533,8,6,2.0,3.5494980765407425,6.0,4.431282385214367,0.0,0.375,7.617006171110451,-6.615139636966498,0.8888888888888888
ACCT_000292,34794.015495530475,806,0,0,6,20800.698232036444,3.5399266630998367,6829.810983454845,2138.621268481346,6,4,1.0,3.551727772861991,5.0,4.236497471000283,0.0,0.5,4.83915682702543,-3.838079417754307,0.8571428571428571
ACCT_000293,32679.977356202417,754,0,0,2,3256.80998901236,3.2117624257407367,3010.949348141243,1955.2129754930502,2,2,2.0,3.512792421404718,0.0,0.0,0.0,0.5,0.0,0.9996930453269611,0.6666666666666666
ACCT_000294,28733.62191726677,844,0,0,2,13481.673042742272,3.828713794765651,7805.794828581563,1506.0784814188787,2,2,1.0,3.892417131881702,1.0,3.7540330683419185,0.0,0.5,0.7271364840524179,0.27282856296197094,0.6666666666666666
ACCT_000295,17135.880193240784,681,0,0,7,29374.238015406838,3.6228685695635354,6737.433699721816,2307.6244037260662,7,5,1.0,3.120139649908647,6.0,4.448018900260389,0.0,0.0,21.275474121067425,-20.260110358174483,0.875
ACCT_000296,32597.008709353726,599,0,0,6,21755.072649478956,3.559409287542272,7169.534014181413,2355.6497067510127,6,4,1.0,3.210858587280113,5.0,4.3038449207154255,0.0,0.3333333333333333,12.387575965393557,-11.380572696481059,0.8571428571428571
ACCT_000297,18149.533072573635,906,0,0,7,29068.377468288476,3.618322751087618,7485.666596658992,2273.4510721842616,7,6,2.0,3.6942669190680806,5.0,4.3824174830684015,0.0,0.5714285714285714,4.876975379273303,-3.8761917099168364,0.875
ACCT_000298,4433.847459797484,550,0,0,9,39244.926106415085,3.639541006255281,7621.52257225023,2158.0218209340355,9,6,5.0,4.393114738869637,4.0,4.162001119180481,0.0,0.6666666666666666,0.5873356740172719,0.41264763542676114,0.9
ACCT_000299,42843.099654243415,506,0,0,7,28926.874443398014,3.616203470532556,7809.236911046836,2529.4661300976427,7,6,2.0,3.8626036452265855,5.0,4.335236256248299,0.0,0.42857142857142855,2.969153226465983,-1.9688830735057379,0.875
ACCT_000300,29192.153048933982,834,0,0,6,21215.328134429492,3.5484985029412384,7437.169679528317,2183.577788890241,5,4,4.0,4.090526228146177,2.0,3.9492789500899717,0.0,0.16666666666666666,0.7223583903727446,0.27761907064155694,0.7142857142857143
ACCT_000301,12546.800813615613,832,0,0,5,11969.426918021803,3.3791033530629644,4398.371421489172,1516.8585180739144,5,3,2.0,3.263609935040499,3.0,4.0058039269500725,0.0,0.6,5.523240948957165,-4.520777192008419,0.8333333333333334
ACCT_000302,40245.027148026675,762,0,0,8,33763.874259123055,3.6253622872419204,7564.560035344162,2476.5733188176505,8,6,2.0,3.928258525569312,6.0,4.4028896703430735,0.0,0.25,2.9828481450464053,-1.9826142757713725,0.8888888888888888
ACCT_000303,37303.70303112089,721,0,0,5,25713.05709237852,3.711183709779497,7923.948969785356,2952.106213647099,5,3,2.0,4.104350146088824,3.0,4.113845391758196,0.0,0.4,1.0221043705021051,-0.022102633129419645,0.8333333333333334
ACCT_000304,28094.99017429486,897,0,0,2,9414.006110308466,3.6727444801923426,4949.4579160342955,342.88295251986614,2,2,0.0,0.0,2.0,3.973774475856324,0.0,0.0,941400611.0308466,-9414.006110308466,0.6666666666666666
ACCT_000305,43147.432070372844,555,0,0,2,9140.468526479632,3.659938461913356,7541.512324216128,4202.021731414333,2,2,1.0,3.2038365679514973,1.0,3.877458445100938,0.0,0.5,4.716522107594341,-3.714199247170339,0.6666666666666666
ACCT_000306,24585.050838592946,801,0,0,6,32200.70467104756,3.7297141253928983,7508.111447254852,1936.1802870457072,6,5,0.0,0.0,6.0,4.507865375776542,0.0,0.5,3220070467.1047554,-32200.70467104756,0.8571428571428571
ACCT_000307,420.52071199400336,851,1,1,11,381409.0573863668,4.539998316939841,49500.0,12546.268281674002,10,4,6.0,5.381537362867221,5.0,5.148217219412155,0.36363636363636365,1.0,0.584359160544916,0.41563911288126104,0.8333333333333334
ACCT_000308,1261.4325648355593,689,0,1,16,524637.863912298,4.515739648422586,49500.0,14167.238150819507,11,4,8.0,5.408575915521295,8.0,5.4288468377994334,0.3125,1.0,1.0477819732043923,-0.04778178674201119,0.6470588235294118
ACCT_000309,11835.570572300203,549,0,0,6,27754.82407511011,3.665187228502717,6737.563489935585,1696.759220908584,6,5,2.0,4.085044844148607,4.0,4.192893698357599,0.0,0.3333333333333333,1.2818843748110287,-0.28186120242769364,0.8571428571428571
ACCT_000310,37455.05035326795,423,0,0,9,48325.2448182421,3.7299315534256174,7846.512167277042,2447.182324320883,9,7,4.0,4.267254363510998,5.0,4.474532752430883,0.0,0.5555555555555556,1.6116784119707013,-0.6116453572207478,0.9
ACCT_000311,1045.6134417183714,605,1,1,23,800367.0729871104,4.541561377487123,49500.0,14903.53321620094,15,4,12.0,5.576113083942307,11.0,5.626920243766383,0.4782608695652174,1.0,1.1241057254112434,-0.12410539607597453,0.625
ACCT_000312,16845.510667944225,801,0,0,5,16097.977090688179,3.5078013006679556,7765.510241487314,2616.7990172647874,5,5,2.0,4.009906004998538,3.0,3.7684354564516225,0.0,0.4,0.5734947559136176,0.42646355889861726,0.8333333333333334
ACCT_000313,30335.12512512629,613,0,0,8,34595.42361403302,3.6359286658290735,6755.841565642826,1519.7707988837606,8,6,2.0,3.9966540568972824,6.0,4.392207362540207,0.0,0.25,2.486298713235674,-1.4861489514475592,0.8888888888888888
ACCT_000314,1263.0404431961801,593,0,0,9,28438.530380030013,3.499664640131253,6238.537700178847,1634.1923755118237,9,5,3.0,3.9827620557974632,6.0,4.274796686056776,0.0,0.3333333333333333,1.959000874243569,-0.9589011035732504,0.9
ACCT_000315,8247.141004482597,909,0,0,2,8516.975684866353,3.629255411714984,7524.834178118757,4619.311287334212,2,2,1.0,3.8764969339906004,1.0,2.9965736189453,0.0,0.5,0.1318489526738176,0.8680356910287583,0.6666666666666666
ACCT_000316,23573.9868239118,419,0,0,2,5746.458161922731,3.458370253430597,4363.455871133293,2107.4989376728645,2,2,1.0,3.1408228994704013,1.0,3.6398305881816877,0.0,0.5,3.155060456980128,-2.153503357746465,0.6666666666666666
ACCT_000317,23934.34596635556,672,0,0,7,29589.177104185117,3.6260348472794948,6266.934718862555,1656.825860131615,7,4,2.0,4.0672297746798325,5.0,4.253214533594387,0.0,0.2857142857142857,1.5345631267407835,-0.534517342126787,0.875
ACCT_000318,44327.662485209774,710,0,0,5,26044.371972222714,3.716743885085351,7897.848598194993,2856.511104364657,5,4,1.0,3.8138536004426182,4.0,4.290708564951571,0.0,0.4,2.9981610916135897,-1.997854398717709,0.8333333333333334
ACCT_000319,35636.574717962205,445,0,0,4,12461.252908584676,3.493501719047281,7617.631790221328,3297.6502864719128,4,2,1.0,2.8976427636110507,3.0,4.067116419201729,0.0,1.0,14.773168457702633,-13.755756922508771,0.8
ACCT_000320,41100.862363351625,809,0,0,6,28010.47513432274,3.6691692253254797,7428.360193400632,3357.236625495573,6,4,1.0,3.8276830871323866,5.0,4.328086256065323,0.0,0.6666666666666666,3.165214658176551,-2.1648927389267514,0.8571428571428571
ACCT_000321,22443.68627180215,633,0,0,3,10087.156876177754,3.526647520339629,5713.905917772125,2138.7804821160726,3,2,1.0,3.7569330852366445,2.0,3.6408043999891535,0.0,0.0,0.7653697862174602,0.23458915661189578,0.75
ACCT_000322,16466.682213346783,716,0,0,9,20737.83130562988,3.3625208278960472,5974.377367896658,1781.4270651432516,9,4,4.0,3.9000902163749025,5.0,4.106968961704175,0.0,0.8888888888888888,1.6101960049539787,-0.6101192134765064,0.9
ACCT_000323,17627.11944212768,428,0,0,8,32584.48645085759,3.609920893677521,7658.821744613574,2358.5806485181106,8,6,5.0,4.2661280412481135,3.0,4.150108101571353,0.0,0.375,0.7655614566175807,0.23442584081163764,0.8888888888888888
ACCT_000324,28550.03896063315,469,0,0,9,37271.04381645254,3.6171290463780372,6848.372591022384,2311.0496758496433,9,7,2.0,3.717690649462585,7.0,4.505838896644514,0.0,0.3333333333333333,6.139715484860898,-5.138731111040595,0.9
ACCT_000325,29154.21565682338,601,0,0,5,29591.586717963215,3.7721982485698113,7132.139157215678,1094.559718205853,5,5,2.0,4.003571649663263,3.0,4.290235172195417,0.0,0.4,1.934922265285833,-0.934829549903595,0.8333333333333334
ACCT_000326,32210.766678355587,566,0,0,5,17317.683416451448,3.539519791732114,7877.148178632065,2817.8300201370907,5,2,1.0,3.511017724275086,4.0,4.148422325691126,0.0,0.4,4.339149366254965,-3.3381202164327606,0.8333333333333334
ACCT_000327,28190.064609604266,568,0,0,8,25425.991340302542,3.5021879077485565,7738.531950023247,2769.1851284273744,8,5,7.0,4.392858767328558,1.0,2.855389899750986,0.0,0.375,0.029008891404542082,0.9709518134374326,0.8888888888888888
ACCT_000328,15916.4049544488,617,0,0,4,16562.041751877907,3.617053883808983,7235.620275865232,2871.254783055185,4,4,2.0,3.8791677283922215,2.0,3.9537978191437904,0.0,0.25,1.1874903530337038,-0.18746559441942656,0.8
ACCT_000329,25624.232330971037,489,0,0,7,30615.728189415222,3.6408465534940238,7060.593253379693,2248.50479996184,7,6,5.0,4.379264983413862,2.0,3.823993209214952,0.0,0.14285714285714285,0.278437820500866,0.7215320499717415,0.875
ACCT_000330,24546.313660584005,794,0,0,9,26425.434526140507,3.467779627912079,7162.885696090233,1727.6635861695029,9,5,5.0,4.047654044550526,4.0,4.1837165910567675,0.0,0.3333333333333333,1.3679258170180324,-0.36789285216401424,0.9
ACCT_000331,835.2334067899149,676,1,1,5,77438.90046717363,4.1899891735848085,24040.10439481038,6469.747383672502,5,3,3.0,4.773434305459904,2.0,4.257367602776431,0.0,1.0,0.30474269031232726,0.6952455956708208,0.8333333333333334
ACCT_000332,418.1365699099838,698,0,1,19,585053.193011117,4.488441752960089,49500.0,14158.907441922884,15,4,10.0,5.4778674293186205,9.0,5.454139222632838,0.3157894736842105,1.0,0.9468295276595562,0.053170295378869234,0.75
ACCT_000333,2697.922047498502,621,0,0,4,20345.419748523964,3.7064066629295285,7926.899244473682,2614.458202239446,4,3,3.0,4.247878985552801,1.0,3.42312488019891,0.0,0.5,0.1497083053794902,0.8502436477423049,0.8
ACCT_000334,18632.00569048578,902,0,0,2,1675.33868300756,2.923072620659794,1317.8182829497632,679.0331449519946,2,1,0.0,0.0,2.0,3.2241026163237754,0.0,1.0,167533868.30075598,-1675.33868300756,0.6666666666666666
ACCT_000335,43581.28721042767,522,0,0,2,5936.603751239219,3.472508066502213,5018.375904874984,2899.242496041809,2,2,0.0,0.0,2.0,3.7735380621661943,0.0,1.0,593660375.1239218,-5936.603751239219,0.6666666666666666
ACCT_000336,11662.40357478765,628,0,0,2,6771.076117855993,3.52962770033386,3897.700891862995,724.3076244801003,2,2,1.0,3.590808508461042,1.0,3.458392342990768,0.0,0.0,0.7371974654647314,0.2627351249252986,0.6666666666666666
ACCT_000337,23121.614314158564,522,0,0,3,11286.661725787273,3.5754442542157125,7085.884297670182,3182.8105222204813,3,3,2.0,4.023032766030947,1.0,2.870402285785267,0.0,1.0,0.07036707833421685,0.9295447685080586,0.75
ACCT_000338,9228.377261517982,530,0,0,2,10072.667539843274,3.7021145041268193,7737.842515305753,3820.5103065917415,2,2,1.0,3.8886198864824486,1.0,3.3682543394095443,0.0,0.0,0.3017410882816154,0.6981686835056062,0.6666666666666666
ACCT_000339,1845.860110017125,548,0,1,13,396470.5429196592,4.484267573211391,49000.0,15733.472023597475,11,4,7.0,5.370607021740545,6.0,5.208763128240636,0.3076923076923077,1.0,0.6888998758432717,0.3110987988972177,0.7857142857142857
ACCT_000340,3378.480468036857,671,0,0,8,34354.06193153105,3.632888107246595,7646.0154977316215,2781.0605918437222,8,6,4.0,4.1941710605536935,4.0,4.272222952673635,0.0,0.25,1.1968835328503133,-0.1968709440553705,0.8888888888888888
ACCT_000341,41697.012855522364,907,0,0,5,18008.209681368917,3.5565005344607163,7378.342110467435,2144.8505845407103,5,5,4.0,4.176825912776452,1.0,3.4746261971632895,0.0,0.6,0.1985181796041325,0.8014284820017844,0.8333333333333334
ACCT_000342,11318.148845267866,732,0,0,3,7735.254864202215,3.4113533728558885,3378.7681651984317,944.9288878820288,3,2,0.0,0.0,3.0,3.8884746275755506,0.0,0.6666666666666666,773525486.4202214,-7735.254864202215,0.75
ACCT_000343,3004.768662529334,646,0,0,7,35981.29996256576,3.7109788098338057,7898.561604144108,2524.275495918912,7,5,0.0,0.0,7.0,4.556076849848062,0.0,0.14285714285714285,3598129996.256576,-35981.29996256576,0.875
ACCT_000344,14365.578764174987,608,0,0,9,39470.335834190926,3.642028312175736,6506.9721215469635,1258.4468839154129,9,8,4.0,4.228228790335556,5.0,4.353281700985565,0.0,0.3333333333333333,1.333683905886769,-0.3336641787781994,0.9
ACCT_000345,8603.627799197991,686,0,0,9,27714.118215264083,3.488458555688786,6659.376496483828,2235.8645507020888,9,5,5.0,4.130763801200753,4.0,4.152311100566501,0.0,0.1111111111111111,1.0508658985166743,-0.05086213545748128,0.9
ACCT_000346,47701.89010190872,436,0,0,9,49430.798146908855,3.739755113523976,7253.620901500733,1698.864229767702,9,5,2.0,3.9124381317770602,7.0,4.615494827142278,0.0,0.7777777777777778,5.047271827112144,-4.0467767581510845,0.9
ACCT_000347,32870.211772906354,523,0,0,7,39342.5591796451,3.749764566749756,7872.796495653977,2171.867437268909,7,4,2.0,4.17803996476274,5.0,4.385161064133896,0.0,0.42857142857142855,1.6110948117477037,-0.6110542582460986,0.875
ACCT_000348,4249.112442174706,600,0,0,2,11771.377929426848,3.769797307631445,6449.013658949027,796.6614226076662,2,2,0.0,0.0,2.0,4.070827303295426,0.0,0.5,1177137792.9426847,-11771.377929426848,0.6666666666666666
ACCT_000349,34208.407495982305,739,0,0,8,37735.76873385775,3.6736632146515427,7214.986126065041,2338.6829944399537,8,5,1.0,3.2440411655689014,7.0,4.55608194355482,0.0,0.375,20.513547695992717,-19.50242927849025,0.8888888888888888
ACCT_000350,40455.73512180284,908,0,0,3,13320.134441375481,3.6473873535119816,7498.240532037461,2656.768887723955,3,3,1.0,3.431554307586741,2.0,4.026081558596134,0.0,0.0,3.9312191020070677,-2.930134357647686,0.75
ACCT_000351,23477.683309870736,752,0,0,4,17602.80541792971,3.643521896965318,7609.240236472371,3300.169565389338,4,3,1.0,3.3043017675021074,3.0,4.192781522101777,0.0,0.5,7.735346144204557,-6.732005442484702,0.8
ACCT_000352,1518.0459434653108,696,1,1,18,641146.4480566652,4.55168473552087,49854.316324388405,15432.036397711812,17,4,9.0,5.559906625036112,9.0,5.444273518351124,0.5,1.0,0.7662436585371977,0.23375569748660419,0.8947368421052632
ACCT_000353,41143.38958361908,900,0,0,9,29474.758154224306,3.5152077408768516,7156.571994174343,2461.19644841533,9,4,4.0,4.1310045686436565,5.0,4.202866601152674,0.0,0.3333333333333333,1.1799457278447238,-0.17993242096063328,0.9
ACCT_000354,29611.522737552317,548,0,0,7,30554.91201436208,3.639982997453074,7484.162910840295,2387.669619204186,7,5,0.0,0.0,7.0,4.485081037467331,0.0,0.7142857142857143,3055491201.436208,-30554.91201436208,0.875
ACCT_000355,1914.382617523518,847,0,1,8,252999.57637998922,4.50002980700606,49500.0,13936.655141897962,7,4,4.0,5.158291206837139,4.0,5.037518967535324,0.25,1.0,0.7572299112883426,0.24276840249063386,0.7777777777777778
ACCT_000356,4666.43660973009,702,0,0,6,23886.67437060967,3.6000044387956973,7160.924184781107,2774.386090617144,6,5,2.0,4.072619178754178,4.0,4.081585925670186,0.0,0.16666666666666666,1.0208613144856027,-0.02085955058879571,0.8571428571428571
ACCT_000357,36000.75104140094,783,0,0,3,13124.782715028403,3.640970867533929,6377.749821933054,1953.3830274061725,3,2,2.0,3.9470809015361996,1.0,3.6306289715052227,0.0,0.0,0.4825563884063519,0.5173851679715973,0.75
ACCT_000358,20482.97345986168,880,0,0,3,13184.398573641549,3.642939068859462,6995.7804653975145,2800.816745537015,3,3,1.0,3.677503427463162,2.0,3.9255973894273666,0.0,0.6666666666666666,1.7704919686928409,-0.7703300997767669,0.75
ACCT_000359,1393.9517155430924,776,0,1,14,357379.08056032873,4.407001091497787,49000.0,14966.928697352441,13,4,7.0,5.243150192503759,7.0,5.260867388245191,0.14285714285714285,1.0,1.0416389131056631,-0.04163867529131454,0.8666666666666667
ACCT_000360,48170.51874541332,672,0,0,8,37682.20972373236,3.673046375353018,7811.488740305116,1791.2703039051714,8,5,5.0,4.354300729433756,3.0,4.178176677872377,0.0,0.5,0.6666163299157263,0.33336892548173575,0.8888888888888888
ACCT_000361,11271.894210216868,783,0,0,7,30147.457629189474,3.634152653438057,7623.831618395135,2454.7825625672626,7,6,3.0,4.137852753207051,4.0,4.215153457285145,0.0,0.42857142857142855,1.1948151033236787,-0.19480092216825373,0.875
ACCT_000362,28952.858631177893,586,0,0,5,24327.633866927023,3.687129866678313,7970.688369212761,2040.2677609474679,5,3,1.0,3.6136262549499123,4.0,4.305774136444758,0.0,0.4,4.922071072589935,-3.921116567943707,0.8333333333333334
ACCT_000363,1502.3442996095596,744,0,0,3,14108.37091040923,3.672355614068994,5137.311190700863,400.012184126255,3,3,0.0,0.0,3.0,4.149476868788657,0.0,0.0,1410837091.0409229,-14108.37091040923,0.75
ACCT_000364,39868.605023405304,430,0,0,2,5656.341841573721,3.451505652547593,5454.972817881919,3714.858868539207,2,2,1.0,3.7367925908412625,1.0,2.303992664458003,0.0,0.5,0.036914762006246375,0.9629087184913131,0.6666666666666666
ACCT_000365,34268.92999369313,608,0,0,3,10101.56893217982,3.527267577050212,6414.132439369606,2645.2506556792587,3,3,3.0,4.004388831769875,0.0,0.0,0.0,0.3333333333333333,0.0,0.9999010152757469,0.75
ACCT_000366,32519.581088852472,523,0,0,7,36074.042083219516,3.7120967675684517,7601.733024017228,2761.5105015614704,7,5,1.0,3.257041775370135,6.0,4.534872207810247,0.0,0.5714285714285714,18.95965498329614,-17.94972356207865,0.875
ACCT_000367,7100.451950382723,514,0,0,7,24282.24309962662,3.540190762685256,5529.5575612946395,1578.602808272288,7,5,2.0,3.537289972288135,5.0,4.318823600002396,0.0,0.2857142857142857,6.046911694219115,-5.045447480362345,0.875
ACCT_000368,22474.71566030407,659,0,0,8,31943.01755401109,3.601285953149726,6804.265642133128,2627.867011290273,8,6,3.0,3.981461055796307,5.0,4.349489467406112,0.0,0.25,2.33361072001369,-1.3334715597953792,0.8888888888888888
ACCT_000369,29123.56534416757,461,0,0,4,11617.860851997284,3.4630661792653683,4729.037242807613,1810.5373335779832,4,4,0.0,0.0,4.0,4.065126170593331,0.0,0.25,1161786085.1997283,-11617.860851997284,0.8
ACCT_000370,28831.54834536741,798,0,0,9,39039.6175813931,3.6372630453774555,6339.558330927647,1618.7396778600673,9,6,5.0,4.296092401331383,4.0,4.284785120022797,0.0,0.1111111111111111,0.9743000357194799,0.025698664162528768,0.9
ACCT_000371,37030.325922620505,866,0,0,3,15624.04858473016,3.716672326049601,6849.6794532097565,2829.9388743132654,3,2,1.0,3.8346795788825006,2.0,3.9439876956988815,0.0,1.0,1.2861988477489454,-0.2861569775291857,0.75
ACCT_000372,40360.89456175892,468,0,0,7,24648.759434564443,3.5466970262245106,5919.5707077676825,1711.3931095940752,7,5,4.0,4.00806888541213,3.0,4.1602052272029475,0.0,0.2857142857142857,1.4195030871286944,-0.4194619144662186,0.875
ACCT_000373,32596.984622693148,821,0,0,9,33822.823070177634,3.5749673443437464,7102.950184481202,2082.246034194609,9,6,5.0,4.181135224414009,4.0,4.270622830326125,0.0,0.3333333333333333,1.2288181167137666,-0.22880304011971703,0.9
ACCT_000374,33358.600209889,565,0,0,2,13054.725962225355,3.8147377641148608,7794.139660645449,1791.4927606932013,2,2,2.0,4.1157677597788425,0.0,0.0,0.0,0.5,0.0,0.9999234052550664,0.6666666666666666
ACCT_000375,13491.179314710087,893,0,0,7,36252.918204933616,3.7142449311490267,7039.983853900375,1676.8128565730224,7,4,3.0,4.246786875115526,4.0,4.269541067232466,0.0,0.2857142857142857,1.0537902884473795,-0.05378724190442718,0.875
ACCT_000376,9267.270149579463,472,0,0,4,19330.22325382064,3.684176878600356,7834.2337340008025,2046.897422018648,4,4,2.0,4.080798294975175,2.0,3.862456933709726,0.0,0.0,0.6048652551820863,0.3951019415192997,0.8
ACCT_000377,22725.776172728627,467,0,0,2,11323.706894697789,3.752958623801355,7084.323865084964,2011.6769568368732,2,2,2.0,4.053988619465336,0.0,0.0,0.0,0.5,0.0,0.9999116974938691,0.6666666666666666
ACCT_000378,26157.37395698666,683,0,0,9,20599.489043901325,3.3596139386887494,5834.0661828928405,1798.057021901049,9,7,7.0,4.204178276662324,2.0,3.6625067434345056,0.0,0.3333333333333333,0.2872952638015391,0.7126602007346143,0.9
ACCT_000379,45105.9963446655,553,0,0,9,31236.526248170012,3.5404202214274587,7242.720557340799,1876.8422130839917,9,4,6.0,4.237115102896719,3.0,4.145307457557951,0.0,0.1111111111111111,0.8094543371543312,0.1905346251794454,0.9
ACCT_000380,37277.7735068449,620,0,0,3,13653.223131125978,3.658113933127788,7710.125739293888,3036.528127750625,3,3,2.0,4.079151266406238,1.0,3.2185490197672473,0.0,0.3333333333333333,0.1378471377910016,0.8620810170500229,0.75
ACCT_000381,10503.173591383222,621,0,0,5,21608.073274089442,3.63564603956083,7511.24859237266,3102.6737161454025,5,5,3.0,4.159274659800103,2.0,3.855991143728565,0.0,0.4,0.4974122580083492,0.5025529153629782,0.8333333333333334
ACCT_000382,5099.127235820313,425,0,0,9,56233.11889916276,3.7957496623349174,7827.710188207415,1494.201696284214,9,6,2.0,3.9374806368200983,7.0,4.677368406176993,0.0,0.1111111111111111,5.493988788855523,-4.4934698742584445,0.9
ACCT_000383,9469.975059874765,445,0,0,2,12931.53815069711,3.810620189744645,7476.9712755283235,1430.0558657957413,2,2,0.0,0.0,2.0,4.111650185408626,0.0,0.5,1293153815.069711,-12931.53815069711,0.6666666666666666
ACCT_000384,27531.520602171433,420,0,0,5,16572.132941595075,3.520408404213094,6609.339783279166,2219.5621801831835,5,5,4.0,3.99838111384364,1.0,3.8201580793344894,0.0,0.6,0.6634022880549667,0.3365639291937639,0.8333333333333334
ACCT_000385,2413.837615815947,767,0,0,3,7005.319955653471,3.3683067209908457,3013.223381612561,753.0912556608847,3,3,0.0,0.0,3.0,3.845427975710508,0.0,0.6666666666666666,700531995.5653471,-7005.319955653471,0.75
ACCT_000386,655.906907902441,554,1,1,10,391705.7828311634,4.592959983171878,49500.0,14346.164165836133,8,4,5.0,5.232248233529054,5.0,5.344392273685111,0.6,1.0,1.2946251516601164,-0.29462342582239304,0.7272727272727273
ACCT_000387,11461.871051122118,636,0,0,4,13550.33310133563,3.529889980066511,5846.949415433432,2387.4493277557526,4,3,1.0,3.1212816470636375,3.0,4.087361833877234,0.0,0.5,9.248689161671455,-8.24245511469453,0.8
ACCT_000388,599.3487690292151,653,0,0,6,27449.59586220707,3.6603847043731252,6858.504939704627,2339.4240800963735,6,3,2.0,4.128838045151082,4.0,4.146004253377724,0.0,0.8333333333333334,1.0403182275970893,-0.040315231754205434,0.8571428571428571
ACCT_000389,48485.30557202624,743,0,0,7,30456.814240049596,3.6385864344839884,6516.315408558848,1767.2484908071096,7,4,2.0,3.892520021934098,5.0,4.355052289544682,0.0,0.2857142857142857,2.9008967204620193,-1.9006532892557728,0.875
ACCT_000390,36420.45530265545,897,0,0,7,39178.263104663456,3.747947138434128,7918.7791782972245,2306.8404811804057,7,4,3.0,4.259994979345958,4.0,4.321835806480845,0.0,0.7142857142857143,1.1530305835723555,-0.15302217491481326,0.875
ACCT_000391,35017.62563073683,860,0,0,6,26913.999665973424,3.6518269922996893,6400.617276032482,2198.232859008731,6,6,3.0,4.11780812832994,3.0,4.13980974183678,0.0,0.5,1.0519657813159102,-0.0519618204668013,0.8571428571428571
ACCT_000392,9899.158318180453,782,0,0,9,47788.246905062515,3.7250785894342093,7921.400510881682,1523.6104070867987,9,7,2.0,3.929509578580525,7.0,4.594243035225054,0.0,0.3333333333333333,4.620973267683544,-3.6205474152652286,0.9
ACCT_000393,44876.02099580358,792,0,0,8,43068.88681404414,3.7310736598631644,7506.307138381359,2523.019610035325,8,6,3.0,4.236184869774879,5.0,4.4123407409217,0.0,0.5,1.5002231779872124,-0.5001941417252922,0.8888888888888888
ACCT_000394,13655.79601246305,748,0,0,2,9856.327154712637,3.6926851146523503,5115.4542251453495,264.8689742088902,2,2,1.0,3.7088842028019924,1.0,3.6758583150052435,0.0,0.5,0.9267745759497703,0.07321111048685691,0.6666666666666666
ACCT_000395,30704.644166607188,882,0,0,8,37678.4681207174,3.673003250540697,7552.639942541381,2372.252661689024,8,6,3.0,4.036070159022502,5.0,4.428336607424495,0.0,0.5,2.467552763921893,-1.4674177196097729,0.8888888888888888
ACCT_000396,33243.100058386204,696,0,0,5,17527.591174453224,3.544752230552683,6893.791413222907,2577.2577182935142,5,5,1.0,3.210742174494121,4.0,4.201479254586907,0.0,0.4,9.788971800509863,-8.783565205800416,0.8333333333333334
ACCT_000397,42510.05238070517,810,0,0,4,18449.886872052695,3.663933716240619,6580.238356118853,1520.7244817330213,4,4,2.0,3.984613433013246,2.0,3.944382630167421,0.0,0.0,0.9115262852273553,0.08846454833521479,0.8
ACCT_000398,8865.566648111904,619,0,0,7,25054.989709381487,3.553796188690271,7041.846455740486,2622.0422156714762,7,5,3.0,3.4865461601624887,4.0,4.3422088998316966,0.0,0.7142857142857143,7.172370873623522,-6.170358265725968,0.875
ACCT_000399,28633.878530570844,416,0,0,8,36148.42962955284,3.654999448302965,7069.154851844128,1961.4035350369766,8,6,6.0,4.430751946226076,2.0,3.9631472166949555,0.0,0.25,0.34071815104174047,0.6592573974693233,0.8888888888888888
ACCT_000400,7640.440048771281,618,0,0,7,18885.685276272627,3.4310347080216315,6763.315251793145,1918.8625594073876,7,5,3.0,4.00677066627164,4.0,3.940942767681639,0.0,0.7142857142857143,0.8593539963979481,0.14063215708613117,0.875
ACCT_000401,41785.092262370184,568,0,0,5,19650.333577306887,3.5943999228718146,7668.426141965524,2978.5425181345413,5,5,4.0,4.078525960182092,1.0,3.88470623904715,0.0,0.4,0.6400004487555154,0.3599695079554755,0.8333333333333334
ACCT_000402,6592.848743461893,545,0,0,4,10531.553060068312,3.420432428830269,6347.999866358724,2603.9727689772017,4,4,3.0,3.621545295393603,1.0,3.8026369089398253,0.0,0.5,1.5173704163078183,-0.5172467817837355,0.8
ACCT_000403,42192.963888036684,543,0,0,7,34518.579766958785,3.6929548787768454,7632.382258793053,2379.0543324722844,7,5,3.0,4.183991256022279,4.0,4.284277897064983,0.0,0.0,1.2597565953856744,-0.259739592374725,0.875
ACCT_000404,28844.553643059557,751,0,0,6,20752.010856810393,3.5389089355658645,7295.7353900355865,2727.505123842399,6,5,0.0,0.0,6.0,4.317060185949508,0.0,0.3333333333333333,2075201085.681039,-20752.010856810393,0.8571428571428571
ACCT_000405,28820.818484684998,531,0,0,6,23248.112684684496,3.588236451620977,6135.513878534308,1916.6658877659731,6,5,1.0,3.026837805773341,5.0,4.3460470415058285,0.0,0.3333333333333333,20.854953778865365,-19.836306372478354,0.8571428571428571
ACCT_000406,3689.662464858268,705,0,0,4,15239.850262571319,3.5809207085851678,5236.3872139064,2008.1390234709997,4,3,2.0,4.012283026913652,2.0,3.694867063755362,0.0,0.75,0.48148641309239226,0.5184631859334634,0.8
ACCT_000407,43877.1484685063,788,0,0,5,25446.43351383507,3.7066569173544086,7612.531403944732,1530.6748002138295,5,4,4.0,4.333121097815502,1.0,3.5924668442412604,0.0,0.4,0.18169615886134552,0.8182658419530711,0.8333333333333334
ACCT_000408,33281.25360231328,802,0,0,5,16192.527954196428,3.510344651140894,6976.901087072539,2552.6878269102026,4,5,4.0,4.148691921838816,1.0,3.3242070305284788,0.0,0.2,0.14980113654574032,0.8501384966026547,0.6666666666666666
ACCT_000409,13632.086441443711,814,0,0,8,36228.06426771826,3.655955142507471,7616.560066987068,2720.8614112423293,8,6,3.0,4.129034094350074,5.0,4.357332591095553,0.0,0.625,1.6916031937437026,-0.691551815410848,0.8888888888888888
ACCT_000410,9491.340209606946,889,0,0,6,22609.706647203886,3.5761436771838704,7019.321807413829,2118.805918583656,6,4,4.0,4.227446745375759,2.0,3.7579134127801495,0.0,0.3333333333333333,0.33920845370663,0.6607524086889697,0.8571428571428571
ACCT_000411,34268.066724562515,706,0,0,5,22211.047269712115,3.6475990320483045,7770.33123450889,3164.755236720235,5,4,3.0,3.9315361681329577,2.0,4.135752867102827,0.0,0.2,1.600356353873066,-0.6002860773083245,0.8333333333333334
ACCT_000412,23229.060612729376,460,0,0,8,40204.866976212914,3.7011886425345977,7957.442358306712,2432.2595429791077,8,5,1.0,3.8086529814216066,7.0,4.528509447408408,0.0,0.25,5.246340396065355,-4.24568078339378,0.8888888888888888
ACCT_000413,6434.3506057882105,708,0,0,5,21529.916105412965,3.634072333196377,7615.021522567948,2428.4742788453786,5,5,5.0,4.333042337532396,0.0,0.0,0.0,0.2,0.0,0.9999535551578436,0.8333333333333334
ACCT_000414,3313.676558738339,731,0,0,9,44401.66272311169,3.6931567241426735,7687.882284253867,2404.8678621419417,9,6,2.0,4.0325751417631075,7.0,4.526633171713381,0.0,0.4444444444444444,3.1193063516342288,-2.11910975688398,0.9
ACCT_000415,5991.121291582344,797,0,0,4,15332.560213485931,3.5835546875807824,5115.862736586654,1698.5938829275947,4,4,1.0,3.556595353050402,3.0,4.069302893830177,0.0,0.25,3.2561735153946154,-2.2555474058323672,0.8
ACCT_000416,29146.533844273494,824,0,0,8,30220.056139408523,3.57720527979507,7891.568405145553,2938.279567603461,8,5,3.0,4.065318255469776,5.0,4.269444191047941,0.0,0.375,1.600021930149725,-0.5999703122982515,0.8888888888888888
ACCT_000417,4715.77475217254,726,0,0,3,2701.5241098172337,2.954487593044451,1630.7338417771596,711.3370381291753,3,2,2.0,3.2649199327399847,1.0,2.9350492744500642,0.0,1.0,0.46787446050746784,0.5318365632902682,0.75
ACCT_000418,45070.376085386604,837,0,0,6,38533.32544462037,3.8076852400705246,7927.425414013608,1458.7874078267594,6,5,5.0,4.485805155362039,1.0,3.8991321646146484,0.0,0.3333333333333333,0.2590162486153257,0.7409595416038469,0.8571428571428571
ACCT_000419,23371.960193784198,770,0,0,3,11499.448796045133,3.583555769062372,5919.854357874067,2471.7030604938186,3,3,2.0,3.7466026326892834,1.0,3.772311022204392,0.0,0.6666666666666666,1.0609829106512456,-0.060971984879538386,0.75
ACCT_000420,23368.050870487292,475,0,0,2,7889.006696907662,3.5959923290652642,7652.750979290474,5244.254092167078,2,2,0.0,0.0,2.0,3.897022324729245,0.0,1.0,788900669.6907662,-7889.006696907662,0.6666666666666666
ACCT_000421,20523.562236761405,561,0,0,5,15815.835126408878,3.5001221246514347,5517.116402876853,2299.7874887364546,5,3,1.0,2.771820349667097,4.0,4.182543556191032,0.0,0.2,25.74679642708256,-24.70501721118233,0.8333333333333334
ACCT_000422,32786.69762979043,803,0,0,6,22196.38904173859,3.568131077814693,6135.856863450129,2015.1515720422271,6,4,5.0,4.332943760570397,1.0,2.8269549975764003,0.0,0.6666666666666666,0.03118970282344913,0.9687652907067151,0.8571428571428571
ACCT_000423,8970.011000202769,601,0,0,5,23816.150689469156,3.677901565177939,7809.49774859736,1727.134775848017,5,3,2.0,3.9237320659163406,3.0,4.188273827857758,0.0,0.2,1.8388307659166687,-0.8387307933135402,0.8333333333333334
ACCT_000424,3767.318439931658,711,0,0,4,22606.050215419433,3.7521646966478213,7696.770334443395,1965.5150680109286,4,3,1.0,3.8397051098615034,3.0,4.195690380234364,0.0,0.25,2.269787864670856,-1.2696042296594126,0.8
ACCT_000425,33206.40069742422,580,0,0,4,14785.304564340488,3.5677702837127416,7393.5476697529275,2654.0455154001093,4,4,2.0,4.017020922933841,2.0,3.6420292056891808,0.0,0.25,0.4217045455896346,0.5782398524294465,0.8
ACCT_000426,38592.405527754825,465,0,0,2,9217.253839732433,3.663571552298643,7857.880905568318,4595.139054174746,2,2,1.0,3.8953054423370173,1.0,3.1333386186389194,0.0,0.0,0.17299485049090998,0.8268999173660668,0.6666666666666666
ACCT_000427,2015.8970207692619,778,0,0,7,37315.33519665362,3.7267893071455123,7606.840963245392,2074.752758605435,7,7,3.0,4.098138539299586,4.0,4.394099992980144,0.0,0.42857142857142855,1.9767941780473182,-0.9767162630446372,0.875
ACCT_000428,37580.69558928752,480,0,0,4,13997.44083061339,3.5439886490117747,4729.653955913885,987.2758609794241,4,3,0.0,0.0,4.0,4.146048640339737,0.0,0.25,1399744083.061339,-13997.44083061339,0.8
ACCT_000429,520.1200394110432,486,1,1,13,402435.7100755706,4.490753158510089,49500.0,16043.739363632158,13,4,7.0,5.33422892309139,6.0,5.270789436180893,0.38461538461538464,1.0,0.8640930519909387,0.1359063184473075,0.9285714285714286
ACCT_000430,8503.028647579424,417,0,0,9,46475.914530543305,3.71298543492523,7222.434700506941,1907.1235671167747,9,8,2.0,3.9668021541015643,7.0,4.5706811166301184,0.0,0.3333333333333333,4.016788472897779,-3.0164628686616797,0.9
ACCT_000431,40936.88214968195,665,0,0,4,18524.320420270742,3.6656822931700943,7886.157311148925,2909.9324784910345,4,3,2.0,3.815176047893301,2.0,4.078832468640436,0.0,0.0,1.83508599203702,-0.8349582072524938,0.8
ACCT_000432,21750.098434120155,623,0,0,8,37698.98798869652,3.673239704942658,6948.488342569569,1896.971181185864,8,4,3.0,4.29271952864186,5.0,4.257151839975289,0.0,0.75,0.9213662739263898,0.07862971816253554,0.8888888888888888
ACCT_000433,43002.95062454295,863,0,0,7,29737.64498501384,3.6282085324262057,7347.256020953254,2571.925008617376,7,5,5.0,4.310312362962932,2.0,3.9687432236906366,0.0,0.2857142857142857,0.4554396746040346,0.5445336742424252,0.875
ACCT_000434,28565.897705747848,860,0,0,5,16003.341688035056,3.505240673641244,4328.059025301459,1596.9411447159957,5,4,5.0,4.2042106779772626,0.0,0.0,0.0,0.2,0.0,0.999937516955118,0.8333333333333334
ACCT_000435,15733.825181187498,678,0,0,2,8985.635881361224,3.6525188203380146,6073.304006405024,2235.144829289158,2,2,1.0,3.783425020789893,1.0,3.464240863515173,0.0,0.5,0.47953006585698627,0.5203842494738081,0.6666666666666666
ACCT_000436,16210.783894846987,654,0,0,2,11019.189650099168,3.74111966206136,7869.588700086357,3337.5353451944393,2,2,1.0,3.498255532778255,1.0,3.89595203477956,0.0,0.5,2.498598647891683,-1.4981230009641027,0.6666666666666666
ACCT_000437,26364.52352739453,893,0,0,2,8203.126624180895,3.6129494197463834,7143.219628072476,4301.551614139568,2,2,1.0,3.0252677588034875,1.0,3.853894003308581,0.0,0.5,6.7394776965383985,-5.73406778754278,0.6666666666666666
ACCT_000438,9619.341948463205,596,0,0,5,18173.304318371636,3.5604638947257468,6073.3959083822465,2254.3240173891436,5,4,2.0,3.909414100234896,3.0,4.0024234305034545,0.0,0.6,1.2388231992705405,-0.2387937830830743,0.8333333333333334
ACCT_000439,27294.41515468793,898,0,0,6,27335.577174669168,3.658576997813846,5803.896944793075,994.880367051748,6,5,3.0,4.14182901352531,3.0,4.129479705326557,0.0,0.6666666666666666,0.971965145514672,0.028032831519682725,0.8571428571428571
ACCT_000440,48777.408405047645,468,0,0,2,10265.471863089006,3.7103489212989222,6889.367635539347,2484.2523798840693,2,2,2.0,4.0113789169629035,0.0,0.0,0.0,1.0,0.0,0.999902595554409,0.6666666666666666
ACCT_000441,44515.47417381455,481,0,0,2,9777.129863935445,3.6891813880404123,7932.757903896705,4305.138987382826,2,1,0.0,0.0,2.0,3.9902113837043935,0.0,0.0,977712986.3935443,-9777.129863935445,0.6666666666666666
ACCT_000442,21362.539698240802,472,0,0,2,6146.190241495408,3.4875760030733325,4096.074302650712,1446.7110330725666,2,2,1.0,3.3117784221175657,1.0,3.6123678261265906,0.0,0.5,1.9979720195625885,-0.9974854785431647,0.6666666666666666
ACCT_000443,42974.857209616515,837,0,0,7,34926.584882304145,3.698058082431866,7847.600753856679,2204.1755960765267,7,5,3.0,4.30371623038789,4.0,4.170334947534944,0.0,0.5714285714285714,0.7355610378986593,0.2644258219697824,0.875
ACCT_000444,10382.576949476039,664,0,0,5,15295.949953055377,3.485606449626639,6431.43805559941,2087.894858116732,5,5,2.0,3.678979026031818,3.0,4.0220523903538385,0.0,0.4,2.203298624940683,-1.203046685882712,0.8333333333333334
ACCT_000445,37584.831692256404,716,0,0,9,36606.47834877893,3.6093154410412733,6227.500221517327,2145.1304210204553,9,5,3.0,4.10407850589876,6.0,4.3783695585214195,0.0,0.3333333333333333,1.8805767056463647,-0.8805074196864322,0.9
ACCT_000446,32518.383811577958,442,0,0,8,40650.25304971547,3.7059732664499028,7724.368909603022,2288.409945698949,8,6,6.0,4.504962520977099,2.0,3.9377215733254767,0.0,0.25,0.2708688427059454,0.7291083627362329,0.8888888888888888
ACCT_000447,45770.634745563824,545,0,0,9,36815.75612964698,3.611791215095277,7560.470560127237,2583.006862492697,9,7,3.0,4.147447216641826,6.0,4.35742341391729,0.0,0.1111111111111111,1.6217212107985692,-0.6216769411358517,0.9
ACCT_000448,44049.86277092625,841,0,0,8,37889.36533507896,3.6754273437044924,5964.017448320581,1648.6520217763832,8,7,2.0,3.796882878535582,6.0,4.500029385120594,0.0,0.5,5.0483156987587945,-4.047669573443617,0.8888888888888888
ACCT_000449,1561.4872266086134,905,1,1,6,252425.71527352874,4.623982345166733,49500.0,9628.968474213796,6,3,3.0,5.136914045656209,3.0,5.062072820884015,0.5,1.0,0.8417028063922121,0.158296038615477,0.8571428571428571
ACCT_000450,7061.164565691282,790,0,0,9,21284.22288963473,3.373815288794547,5380.900183775282,1834.1836432180216,9,4,7.0,4.301158294843557,2.0,3.106637416631752,0.0,0.1111111111111111,0.06389680186318962,0.9360564091088527,0.9
ACCT_000451,36061.11074606882,561,0,0,7,23765.283045554406,3.530844951113486,5552.1971238260985,1444.731613687109,7,5,1.0,3.1890798522897064,6.0,4.346739059976001,0.0,0.2857142857142857,14.376699818203894,-13.368050466569136,0.875
ACCT_000452,20228.887695804307,723,0,0,8,28416.013248156843,3.5504731595840435,7305.9661303654,2753.4784740490163,8,5,0.0,0.0,8.0,4.453563146575987,0.0,0.5,2841601324.8156843,-28416.013248156843,0.8888888888888888
ACCT_000453,25114.08863944934,900,0,0,2,5198.823752830937,3.414875098847802,4857.570141984884,3193.5180451531724,2,1,1.0,2.5330772553959755,1.0,3.6864190804106878,0.0,1.0,14.234486743149418,-13.195818504221076,0.6666666666666666
ACCT_000454,10203.44548432363,793,0,0,7,29327.18607039103,3.622172354615512,7519.690446370405,2540.016858302375,7,6,1.0,3.3497876487068017,6.0,4.432801939914245,0.0,0.5714285714285714,12.106379656108627,-11.101418463492086,0.875
ACCT_000455,47760.30710782487,801,0,0,5,18417.812347462255,3.5662680394483504,6031.839806625232,3007.7062297542093,5,3,4.0,4.259308804768629,1.0,2.397491443564976,0.0,0.8,0.01374619937270495,0.986199518602139,0.8333333333333334
ACCT_000456,44721.15044565272,631,0,0,5,16092.868622431888,3.5076634615062834,4721.102515148524,1044.355527383372,5,4,2.0,3.74268866110143,3.0,4.02380097030617,0.0,0.4,1.9103472098960739,-0.9101826095450897,0.8333333333333334
ACCT_000457,12319.36291181822,697,0,0,4,10074.340098388779,3.4011566167343674,6202.444896216036,2467.201550692749,4,4,2.0,3.4491441305285173,2.0,3.8610266957408967,0.0,0.75,2.5815620234238628,-1.5809999660646257,0.8
ACCT_000458,8603.43799785174,764,0,0,8,39272.591026248134,3.6909995679907532,7833.604058391214,2358.400125125277,8,5,3.0,4.193640057638672,5.0,4.373905777955968,0.0,0.0,1.514487593653042,-0.5144546558779984,0.8888888888888888
ACCT_000459,14499.679670654657,552,0,0,7,30024.172361678255,3.632373004579914,7959.125170994573,2796.673427507472,7,5,3.0,4.19259515747826,4.0,4.159662777545116,0.0,0.42857142857142855,0.9269741423108013,0.07302117054017852,0.875
ACCT_000460,28876.34872808201,896,0,0,7,30212.037917073125,3.6350819810646695,6941.841723803961,2183.91157397019,7,5,3.0,4.070129821661633,4.0,4.266221104462231,0.0,0.2857142857142857,1.570692906617021,-0.5706443527585577,0.875
ACCT_000461,44176.20678606781,886,0,0,5,16182.101892725894,3.5100649271012627,6256.9491536121595,2769.56034466211,5,3,3.0,3.5665095921083805,2.0,4.09678804850514,0.0,0.4,3.390614814377851,-2.3899663650632306,0.8333333333333334
ACCT_000462,9105.376892246064,584,0,0,9,44407.208247257964,3.6932109617545876,7791.557053756456,2938.71169865531,9,6,6.0,4.499770191531205,3.0,4.107249343570925,0.0,0.4444444444444444,0.4050225017594494,0.5949586739089119,0.9
ACCT_000463,43451.59291525242,713,0,0,3,15130.84332051895,3.702741879466193,7203.362069147602,3009.9238382167996,3,2,1.0,3.2056125869518928,2.0,4.131148027537855,0.0,0.6666666666666666,8.424331301127602,-7.419709945288151,0.75
ACCT_000464,18915.430023826448,721,0,0,9,34940.26083411811,3.5890836332910263,7354.924770465778,2301.3714384565365,9,6,3.0,3.9831697316298262,6.0,4.4034702041887,0.0,0.5555555555555556,2.632088405600321,-1.631918768124819,0.9
ACCT_000465,18660.149470878227,792,0,0,7,23688.605736133202,3.5294414597577615,6698.888274598043,2087.6454489487705,7,5,3.0,3.942056985100602,4.0,4.174281401812632,0.0,0.42857142857142855,1.7069642134535508,-0.7068834378272828,0.875
ACCT_000466,27782.647772945806,612,0,0,3,11683.182038838499,3.59043988888706,6646.695025947861,2392.5173275222637,3,3,0.0,0.0,3.0,4.0675611436067225,0.0,0.0,1168318203.8838499,-11683.182038838499,0.75
ACCT_000467,46903.306184878435,681,0,0,6,13989.749167916882,3.3676586774058137,4684.318156587623,1466.7934711537707,6,3,4.0,3.9620946471604706,2.0,3.683546577022749,0.0,0.5,0.526564927947781,0.4733834157608927,0.8571428571428571
ACCT_000468,10273.890078887398,424,0,0,4,12855.51543354914,3.5070295027554335,6505.537938420977,2467.0422783238187,4,4,1.0,3.44697256014528,3.0,4.002455968041681,0.0,0.25,3.5932166742183034,-2.5922904735631698,0.8
ACCT_000469,41778.4645092637,908,0,0,3,17647.30969717562,3.7695572525834526,7246.952401410128,1188.2981163963104,3,2,3.0,4.246678507303115,0.0,0.0,0.0,0.0,0.0,0.9999433373497429,0.75
ACCT_000470,30427.72512804081,416,0,0,4,17762.605034385902,3.64744666769873,6062.517972920514,1346.728262315676,4,3,1.0,3.599094756895824,3.0,4.139558686432858,0.0,0.75,3.4710744470013766,-2.4704526112769045,0.8
ACCT_000471,33269.4569807643,691,0,0,3,9557.892483016549,3.503240886102563,5286.445056024305,1848.3760866393645,3,1,1.0,3.723163722783413,2.0,3.6305750654320548,0.0,1.0,0.8079999647484479,0.19196372128266603,0.75
ACCT_000472,33471.76277901711,789,0,0,6,26913.358442413017,3.651816645150442,7911.806445099619,2536.700714178959,6,5,2.0,3.721620008044445,4.0,4.335371050784847,0.0,0.0,4.109140982307,-3.108550873317857,0.8571428571428571
ACCT_000473,15097.711028273063,902,0,0,4,20802.790959822178,3.716061613689468,7103.503497150007,1462.102550879841,4,4,0.0,0.0,4.0,4.3181216050174305,0.0,0.5,2080279095.9822176,-20802.790959822178,0.8
ACCT_000474,34237.097964155066,542,0,0,9,36775.69469819831,3.6113183759233833,7480.302170119311,2504.484139636176,9,7,5.0,4.305767432483394,4.0,4.218964163611456,0.0,0.5555555555555556,0.8188356282146433,0.1811554118781838,0.9
ACCT_000475,31205.0029571473,802,0,0,4,12024.206549899533,3.4779964365562073,7806.649411198382,3263.552187579369,4,4,1.0,2.8902292876833027,3.0,4.0510579132305375,0.0,0.5,14.482002561337506,-13.464666053197467,0.8
ACCT_000476,807.4631576762305,848,0,1,8,227919.25295800337,4.454691025771819,49500.0,15155.39592031918,7,3,4.0,4.845098040014257,4.0,5.198435080886704,0.25,1.0,2.2559893276491922,-1.255971385523112,0.7777777777777778
ACCT_000477,27423.295890872992,686,0,0,8,40752.22612910016,3.7070613504810495,7924.782710259868,2799.254839616654,7,6,1.0,3.859131517223316,7.0,4.525334313647877,0.0,0.375,4.636633789606846,-3.636130865503798,0.7777777777777778
ACCT_000478,3350.7955231175047,838,0,0,6,27821.963109811597,3.666236520048781,5823.273877066908,1172.5833213039273,6,4,2.0,3.9721328991058504,4.0,4.265842717327981,0.0,0.16666666666666666,1.9665718476815532,-0.9664687981311263,0.8571428571428571
ACCT_000479,935.9725235565392,506,1,1,6,182413.3269592385,4.482905313945519,49500.0,18096.711410538835,6,3,3.0,4.994702836618543,3.0,4.922339431177733,0.3333333333333333,1.0,0.8465187744450935,0.15347967183768965,0.8571428571428571
ACCT_000480,9177.890070474663,878,0,0,9,31755.164310346147,3.547571854806042,5966.9893195620325,1868.6913654575237,9,6,3.0,3.9995562631461596,6.0,4.337766184253857,0.0,0.2222222222222222,2.178762645048864,-1.178644662275023,0.9
ACCT_000481,19978.963796457265,750,0,0,7,32642.80962393442,3.6686894921648974,7945.896990395414,2609.8255126233407,6,5,2.0,4.030827727379432,5.0,4.340586375034694,0.0,0.2857142857142857,2.040603594165932,-1.0405066752325365,0.75
ACCT_000482,31526.779697150916,856,0,0,6,22034.083612538234,3.5649437427289716,6353.875013080699,2028.5516849419805,6,6,2.0,3.8752961269783186,4.0,4.162266408317154,0.0,0.5,1.9362894570364613,-0.9361647051407418,0.8571428571428571
ACCT_000483,27800.945357494853,421,0,0,2,12877.54159375048,3.808802965638171,7789.046917577954,1909.5788028463091,2,1,1.0,3.891484319834364,1.0,3.7065893244739185,0.0,0.0,0.6532884861890054,0.34666700598577044,0.6666666666666666
ACCT_000484,44746.004535915716,685,0,0,8,26485.83512416081,3.5199236842232904,6127.870280530258,1891.065524637632,8,6,4.0,4.1518452106044315,4.0,4.089916295283044,0.0,0.5,0.8671037897986899,0.13288684180818228,0.8888888888888888
ACCT_000485,38889.64831431731,460,0,0,4,9840.581771575855,3.3909607831924427,3862.729486144241,1676.581373709518,4,3,2.0,3.748501950812242,2.0,3.6270105347102106,0.0,0.5,0.7559770008452782,0.24397946152573052,0.8
ACCT_000486,26321.09073123726,628,0,0,5,24969.03911561938,3.698431825367601,7726.17416312696,2767.636360500343,5,3,2.0,3.606735828849744,3.0,4.320680833062953,0.0,0.4,5.17541288984315,-4.174380483134441,0.8333333333333334
ACCT_000487,25670.954316861273,878,0,0,5,19788.662800987862,3.597446443848491,5675.239463162974,1934.2610603573444,5,4,2.0,4.0152377589933215,3.0,3.9745841116424394,0.0,0.6,0.9106392228908222,0.08935214908203358,0.8333333333333334
ACCT_000488,45413.88794008501,430,0,0,4,3897.584327182124,2.9887355289238564,1284.3252115613586,328.04336391188787,4,4,1.0,2.9826676598211437,3.0,3.467860712029828,0.0,0.5,3.0562793541746274,-2.0541416074096155,0.8
ACCT_000489,40592.27795306869,563,0,0,9,43559.911625203444,3.6848444805441964,7602.237336047633,2232.851728893735,8,7,4.0,4.197303709366088,5.0,4.444186496625135,0.0,0.4444444444444444,1.765561243853165,-0.765512643587623,0.8
ACCT_000490,25175.266238203505,676,0,0,4,11679.913893916131,3.4653796497759077,4928.875295552499,1910.2089187204265,3,3,1.0,3.6927478302994716,3.0,3.8293705910296163,0.0,0.25,1.3696914975224515,-0.36961651027055464,0.6
ACCT_000491,7953.7344581194275,581,0,0,6,26305.278660038228,3.6418916563910826,7757.210481724319,2716.781540779166,6,5,3.0,4.030601197540389,3.0,4.192434808895152,0.0,0.6666666666666666,1.451555383962775,-0.451513305933292,0.8571428571428571
ACCT_000492,15471.541301635029,596,0,0,9,39743.25868811748,3.6450209641106732,6787.654951814824,2144.3110054253657,9,7,2.0,3.8336125723289007,7.0,4.517538394476035,0.0,0.4444444444444444,4.829763015383865,-3.8292013338430255,0.9
ACCT_000493,43717.82606312714,660,0,0,6,25575.75590740218,3.6296772280342666,6827.706201152019,2364.9285146990123,6,4,3.0,4.0074628631297164,3.0,4.1875893060827725,0.0,0.8333333333333334,1.5140019778901779,-0.5139514598554414,0.8571428571428571
ACCT_000494,35213.310803420485,530,0,0,4,14389.2301400332,3.555977567384221,5885.188286157874,2702.8917426944063,4,4,2.0,3.797258470200292,2.0,3.909521856261694,0.0,0.25,1.2949809668612977,-0.29493392904008797,0.8
ACCT_000495,3766.0547042525527,436,0,0,9,37954.060210732736,3.625015732789421,7820.7112248791755,2378.6803046952923,9,6,3.0,3.9332556937185386,6.0,4.468031604811127,0.0,0.5555555555555556,3.425909691508412,-2.425626837614758,0.9
ACCT_000496,40093.49592416293,575,0,0,2,11140.536297193767,3.7458761022927365,7128.033439252967,2203.0128010398994,2,2,2.0,4.046906097956717,0.0,0.0,0.0,0.5,0.0,0.9999102457710206,0.6666666666666666
ACCT_000497,33920.540240334514,873,0,0,4,17601.336805437488,3.643485662007639,7843.533860865078,3031.150652531373,4,4,2.0,3.570936718075618,2.0,4.142325704092972,0.0,0.5,3.7272539601770287,-2.726521698504534,0.8
ACCT_000498,21784.630731203186,641,0,0,8,36077.659764288066,3.6541483715781,7814.680056905286,2158.0612213510185,8,6,5.0,4.303587563851666,3.0,4.203020149413298,0.0,0.75,0.7932911062448573,0.20669861911360965,0.8888888888888888
ACCT_000499,41518.759320493766,759,0,0,5,16353.980907874724,3.5146534820720277,5430.974421346275,2235.533361434593,5,4,2.0,3.266045253502312,3.0,4.161630692738599,0.0,0.4,7.862948603347466,-6.859231323840578,0.8333333333333334
ACCT_000500,37702.39977295701,625,0,0,2,4177.623788006438,3.3198993317588075,2281.092067430956,271.92522903695647,2,2,1.0,3.2779601109226415,1.0,3.35814281424215,0.0,0.0,1.2027703152315745,-0.20266346153035308,0.6666666666666666
ACCT_000501,14300.613001553153,568,0,0,9,38153.7057511194,3.6272942165764115,7295.175793991916,2302.5999457599555,9,6,4.0,4.127457653956635,5.0,4.393449092072326,0.0,0.3333333333333333,1.8449790446663568,-0.8449160438148344,0.9
ACCT_000502,23250.991795661514,640,0,0,7,14530.079354926884,3.317169946156631,3353.6265645594267,1134.0771961378946,7,4,4.0,3.916939360104116,3.0,3.797326631558702,0.0,0.14285714285714285,0.7592543187511779,0.24071653516151115,0.875
ACCT_000503,17388.504614714126,723,0,0,2,10585.414338574963,3.7236778663546484,6181.276667657668,1256.627035706176,2,2,0.0,0.0,2.0,4.02470786201863,0.0,0.5,1058541433.8574963,-10585.414338574963,0.6666666666666666
ACCT_000504,1422.0705819574207,476,0,0,2,12936.220270554179,3.810777406215174,7132.869649300001,940.111920447749,2,2,1.0,3.853264287513325,1.0,3.763678810143351,0.0,0.0,0.8136067106858788,0.18636716023768105,0.6666666666666666
ACCT_000505,28655.61726974602,604,0,0,8,33076.422791329045,3.6164285475647415,7489.78079505135,2675.597033017722,8,5,2.0,3.912343357503008,6.0,4.396271558581545,0.0,0.5,3.04739114002071,-2.0471406457144816,0.8888888888888888
ACCT_000506,23788.326928214006,440,0,0,2,4884.325639211018,3.3877746150957533,3523.6692036090576,1529.480996050903,2,2,2.0,3.688804610759734,0.0,0.0,0.0,0.5,0.0,0.9997953053544735,0.6666666666666666
ACCT_000507,26041.440648557436,736,0,0,6,13646.600778889288,3.3568732363911913,5904.065011313928,1824.6352303656474,6,4,2.0,3.4388817662027797,4.0,4.037404767530483,0.0,0.3333333333333333,3.9675554010200185,-2.9664755764568977,0.8571428571428571
ACCT_000508,4919.651996437823,907,0,0,7,33099.21945975529,3.674719712422547,7902.9198651202105,3162.600238543594,7,4,3.0,4.233014651665201,4.0,4.204078977791555,0.0,0.0,0.9355442327636047,0.06445199772755388,0.875
ACCT_000509,1032.0647534878674,420,0,1,16,536580.6458778483,4.525515021237134,49500.0,16570.0938349195,15,4,8.0,5.494331210213104,8.0,5.3511268421339055,0.5,1.0,0.7191105030002324,0.28088859705881114,0.8823529411764706
ACCT_000510,46115.20002070235,530,0,0,3,6194.874537856239,3.3149112605011406,3685.7744484412938,1667.6616729975,3,3,3.0,3.7920325152208028,0.0,0.0,0.0,0.3333333333333333,0.0,0.9998386022838438,0.75
ACCT_000511,20969.66069968787,865,0,0,4,24018.935329422035,3.778493761497263,7799.897434822835,2041.3886032825715,4,4,1.0,3.8920888919490264,3.0,4.210025088502802,0.0,0.25,2.079391172683245,-1.07925280778513,0.8
ACCT_000512,1687.475670236281,459,0,0,7,29666.343977196637,3.6271659879890255,7371.2797614276915,1575.598365827588,7,6,3.0,4.188564683241057,4.0,4.153182947959121,0.0,0.2857142857142857,0.9217608628837443,0.07823406858184703,0.875
ACCT_000513,20756.765907162837,870,0,0,9,35158.86547819654,3.5917923431823082,7564.377092015975,2731.872478307213,9,6,5.0,4.279898174991295,4.0,4.20706117648087,0.0,0.4444444444444444,0.845596158374058,0.15439573647861726,0.9
ACCT_000514,36461.921240644646,729,0,0,6,31214.358903229328,3.7162031692088586,7996.241425040534,2176.9846811459024,6,3,3.0,4.103829334321695,3.0,4.267491107863047,0.0,0.6666666666666666,1.4576785838681285,-0.45764255229436474,0.8571428571428571
ACCT_000515,29575.616442560964,868,0,0,4,26835.388662354482,3.8266478983153465,7480.609150503659,842.0733017619849,4,4,3.0,4.300146670416069,1.0,3.837337507200358,0.0,0.5,0.34450127737593694,0.6554658824308678,0.8
ACCT_000516,45788.29453367824,634,0,0,7,17330.00360247687,3.3937006129786944,6142.5948448391655,2009.151059189836,7,5,5.0,4.03207253996493,2.0,3.8171390164694836,0.0,0.2857142857142857,0.6096302042919629,0.39033354052402214,0.875
ACCT_000517,32980.69373283764,814,0,0,8,34599.94885431615,3.6359854698267093,7802.549696209457,2360.690469447998,8,6,3.0,4.027865885736695,5.0,4.379074815899902,0.0,0.5,2.2449616669255956,-1.244844921053468,0.8888888888888888
ACCT_000518,42895.88126896857,548,0,0,4,12621.217341315725,3.499041254160094,4710.7918656922875,1646.6182750018527,4,4,2.0,3.8521309879192045,2.0,3.7409100911175583,0.0,0.5,0.7740679795210862,0.22590026631836488,0.8
ACCT_000519,51.69481888610454,839,1,1,12,446865.25806525693,4.570995345316565,49500.0,12146.387940626528,10,4,6.0,5.3577458805288956,6.0,5.340373594525365,0.3333333333333333,1.0,0.9607883180780759,0.03921150982461286,0.7692307692307693
ACCT_000520,17331.194697150997,666,0,0,7,28493.06669798086,3.6096411546915212,7954.209175308226,3208.3969241825735,7,6,4.0,4.251106114142101,3.0,4.02795774390677,0.0,0.42857142857142855,0.5982071912420648,0.4017702726895445,0.875
ACCT_000521,42691.21614715558,570,0,0,9,41128.80005633693,3.6599035295978486,7583.14475901528,2273.6914469262406,8,7,6.0,4.395818129481987,3.0,4.210870665594269,0.0,0.2222222222222222,0.6532095656281368,0.3467764951123399,0.8
ACCT_000522,21822.463993868925,801,0,0,5,15216.583628216966,3.483347152831796,4135.997858775805,735.0325394203675,5,4,0.0,0.0,5.0,4.182317157167815,0.0,0.8,1521658362.8216965,-15216.583628216966,0.8333333333333334
ACCT_000523,3521.169069375271,687,0,0,6,18803.544224946265,3.49608846548985,5526.9148220549,1612.6784624395743,6,6,3.0,3.953915606084206,3.0,3.991683004676029,0.0,0.16666666666666666,1.0908559331829408,-0.09084583281366176,0.8571428571428571
ACCT_000524,37002.37309178893,845,0,0,2,12471.419567797644,3.7948858944923893,6876.132908369946,905.6950682844158,2,2,0.0,0.0,2.0,4.095915890156371,0.0,0.5,1247141956.7797644,-12471.419567797644,0.6666666666666666
ACCT_000525,38820.1091772074,911,0,0,9,30958.332971656713,3.5365350575359162,7975.904936522627,2912.683905997713,9,8,5.0,4.27654973218182,4.0,4.081149419541432,0.0,0.3333333333333333,0.6376754350446249,0.36230539890094055,0.9
ACCT_000526,13089.568318548407,583,0,0,6,31549.065310650833,3.7208352467483405,7645.069021947282,1820.5514247448803,6,5,5.0,4.421661302172704,1.0,3.711434109877983,0.0,0.3333333333333333,0.1948824844367009,0.8050870237974611,0.8571428571428571
ACCT_000527,10495.719369723962,829,0,0,9,32361.28183793956,3.555783206347581,7491.3988164721195,2426.8459332849407,8,6,4.0,4.061662535525268,5.0,4.318808274500605,0.0,0.3333333333333333,1.8077806711811908,-0.8077105928868659,0.8
ACCT_000528,20960.44207536636,806,0,0,9,34927.58667246373,3.5889260695839407,7975.3111432970345,2227.613909763419,9,5,5.0,4.324457512113033,4.0,4.140479127940264,0.0,0.3333333333333333,0.6546687573039739,0.34531488334698285,0.9
ACCT_000529,12178.192822716823,553,0,0,7,26053.435054166934,3.5707669516028395,5171.046311403635,1305.3227957774902,7,6,1.0,3.700675851166627,6.0,4.322916855285146,0.0,0.42857142857142855,4.190260309349946,-3.189624893482781,0.875
ACCT_000530,12614.82505964209,737,0,0,6,7367.359769850025,3.0891606278661885,2354.5730458091325,882.0212887564614,6,5,4.0,3.738321173048866,2.0,3.277185784429702,0.0,0.3333333333333333,0.34583154954071593,0.6540489715111907,0.8571428571428571
ACCT_000531,1530.3633740066416,571,1,1,17,586899.9743149728,4.538115169128883,49500.0,12376.375950939344,14,4,9.0,5.488743313728129,8.0,5.445235682431335,0.35294117647058826,1.0,0.9046745408901996,0.09532514972042423,0.7777777777777778
ACCT_000532,5154.522032644223,779,0,0,5,24066.925603915573,3.6824506111350135,6945.703753696583,1814.385489848181,5,4,1.0,3.759148461029595,4.0,4.263015496993074,0.0,0.2,3.1905608746606946,-2.190179523628119,0.8333333333333334
ACCT_000533,18293.843026322407,500,0,0,4,18763.718536256776,3.671258918394433,5701.282457017374,1280.7223071654628,4,2,2.0,3.89030347912652,2.0,4.041227667870907,0.0,0.25,1.4155466560988526,-0.41549316942233594,0.8
ACCT_000534,21733.228555510934,595,0,0,6,27615.799010561077,3.663006362841728,7393.297298052725,2357.580915745844,6,5,2.0,4.012023957727674,4.0,4.238925572431166,0.0,0.5,1.6861709944282997,-0.6861042591487205,0.8571428571428571
ACCT_000535,11288.765305675824,875,0,0,4,17011.264475508255,3.628676605313733,7245.144274773302,2284.595871472972,4,4,0.0,0.0,4.0,4.230736596641695,0.0,0.5,1701126447.5508254,-17011.264475508255,0.8
ACCT_000536,28484.116310632155,891,0,0,3,20123.569992347137,3.8265837738731223,7698.148341286709,1208.587819711964,3,2,2.0,4.115919443724345,1.0,3.8490681303898233,0.0,0.6666666666666666,0.5409394888771728,0.4590253613635285,0.75
ACCT_000537,45478.752657330006,728,0,0,6,31818.002133532395,3.724521656239856,7826.92961527792,2179.1638504430584,6,4,2.0,4.101817053201815,4.0,4.2827572339206,0.0,0.16666666666666666,1.5168414236714909,-0.516800545339817,0.8571428571428571
ACCT_000538,30247.38687826421,557,0,0,3,13366.007231622187,3.6488804370412846,7030.626124939507,2364.7400679575794,3,3,0.0,0.0,3.0,4.126001691760947,0.0,0.3333333333333333,1336600723.1622186,-13366.007231622187,0.75
ACCT_000539,8404.630866873162,592,0,0,4,15238.73327885363,3.5808888764060556,6508.2575647834565,3092.5172471216833,4,2,1.0,3.8071655923694268,3.0,3.9456749577108394,0.0,0.25,1.375654473105643,-0.3755959214245751,0.8
ACCT_000540,39116.62553515706,820,0,0,6,23543.13970291007,3.593713129309967,5871.402056166518,1526.3825004956827,6,5,2.0,4.020876529099096,4.0,4.115633768771265,0.0,0.3333333333333333,1.243819150788865,-0.24379591658796126,0.8571428571428571
ACCT_000541,46118.81934565924,891,0,0,9,50650.58131812223,3.750341924695354,7388.257490777216,2141.901734100304,9,6,7.0,4.6132153870015635,2.0,3.9827153447216945,0.0,0.5555555555555556,0.23415312466436744,0.7658282150922578,0.9
ACCT_000542,3695.1163486822206,856,0,0,2,3582.5961927422795,3.253167864372972,1962.4688169736878,242.07195455729922,2,2,1.0,3.2095491604801456,1.0,3.2928027646662836,0.0,0.5,1.2113052555078492,-0.21117491834519714,0.6666666666666666
ACCT_000543,40984.82028066381,754,0,0,2,6378.5406713899265,3.5036913333930264,3758.618558826565,805.1799788657336,2,2,2.0,3.8047213290570077,0.0,0.0,0.0,0.0,0.0,0.99984324890278,0.6666666666666666
ACCT_000544,39362.1186716506,765,0,0,5,23565.770489080067,3.6733116393643694,6596.3259713497755,2386.6695416108446,5,4,2.0,4.105146531444902,3.0,4.034485759238239,0.0,0.6,0.849844029086457,0.15014418436729066,0.8333333333333334
ACCT_000545,16482.498850429394,655,0,0,8,29479.04034364406,3.5664233544663175,7608.777465483643,3017.0007587830128,8,5,4.0,4.024709211320773,4.0,4.276314558380094,0.0,0.375,1.7848648900385822,-0.7847907530760474,0.8888888888888888
ACCT_000546,15221.92551547722,471,0,0,4,15513.279603822766,3.588643628747283,6788.620312005545,2157.0897248964066,4,3,2.0,4.042551029448564,2.0,3.6516560533498974,0.0,0.25,0.406541629437375,0.5934045680161794,0.8
ACCT_000547,1067.4220490044643,431,1,1,7,203772.08598614065,4.464046651273002,49500.0,16022.18541438544,6,3,4.0,5.062648811673519,3.0,4.945735933463148,0.14285714285714285,1.0,0.7639890284144556,0.23600892846646299,0.75
ACCT_000548,31522.63618600084,467,0,0,8,36035.70168070366,3.653642995989913,6881.021521372598,2503.857294104029,8,6,4.0,4.254369922910308,4.0,4.257031972410173,0.0,0.25,1.0061484193478942,-0.006148077637567039,0.8888888888888888
ACCT_000549,25145.88677785213,705,0,0,5,14465.269362820116,3.461356520872125,7539.791637035757,2819.773117274149,5,5,2.0,3.711936850057799,3.0,3.9691237392580336,0.0,0.6,1.8079519679989005,-0.8077951648863897,0.8333333333333334
ACCT_000550,20699.376050278577,865,0,0,5,13661.904921666659,3.4365412542546867,4663.844012765207,1669.7207088134166,5,4,2.0,3.499464373231391,3.0,4.021335072527589,0.0,0.4,3.325605256272361,-2.3248691713312613,0.8333333333333334
ACCT_000551,34496.053933740055,586,0,0,7,34577.78209093507,3.6936990930370217,5922.93261408153,910.0305963651595,7,7,2.0,4.070160045552622,5.0,4.358400816417553,0.0,0.42857142857142855,1.9419621924764487,-0.9418820565017793,0.875
ACCT_000552,38220.739871046186,637,0,0,6,24337.275578218538,3.6081207093949557,6752.882680763509,2244.34801585529,6,4,1.0,3.734036452991152,5.0,4.276847941324789,0.0,0.16666666666666666,3.4898879842579573,-2.4894287258084353,0.8571428571428571
ACCT_000553,47404.35067802292,830,0,0,4,13147.29269242352,3.516776340220941,7094.306613265402,3145.856606942742,4,4,1.0,3.6660935088667546,3.0,3.9300227131610175,0.0,0.25,1.8362389839111863,-0.836058626627878,0.8
ACCT_000554,36404.029627228825,567,0,0,9,38003.73367948356,3.625583756565414,7834.761945171464,2641.3220644910034,9,6,4.0,4.288806577200087,5.0,4.268549775337464,0.0,0.3333333333333333,0.954428057561591,0.04556959842778833,0.9
ACCT_000555,35026.102009284456,601,0,0,6,26706.02214220038,3.648457954360088,7380.034689208234,2425.420178418654,5,4,5.0,4.362155957886328,1.0,3.5662415571899495,0.0,0.8333333333333334,0.1599873331368205,0.8399761820740167,0.7142857142857143
ACCT_000556,44997.50267191369,522,0,0,3,7473.445570368565,3.396399621151348,3564.6727353564393,931.475724022427,3,3,2.0,3.5920404314024554,1.0,3.5520196644114734,0.0,0.3333333333333333,0.9119672277464823,0.0880102538373229,0.75
ACCT_000557,10003.2212442521,525,0,0,5,18845.87101188508,3.576246209984162,7667.133818512192,2248.1154197798087,5,4,2.0,4.049068402607207,3.0,3.883646043943173,0.0,0.6,0.6832468544424943,0.3167248561980748,0.8333333333333334
ACCT_000558,25929.46300944311,883,0,0,7,22111.54455783451,3.4995210403987183,7553.412977304936,3069.196351102442,7,6,4.0,3.85633867250528,3.0,4.174001682910134,0.0,0.2857142857142857,2.07808357527627,-1.0779335221897848,0.875
ACCT_000559,18886.325997002394,845,0,0,8,35655.89294795172,3.649041330177055,7969.167552586432,3054.5325212950947,8,4,2.0,3.7305423775687436,6.0,4.481139576774709,0.0,0.875,5.631151327288985,-4.630290213481571,0.8888888888888888
ACCT_000560,5752.616275130152,606,0,0,2,7138.603854291596,3.5525832864670805,6477.537195630255,4112.8657592624795,2,2,0.0,0.0,2.0,3.853613282131062,0.0,1.0,713860385.4291595,-7138.603854291596,0.6666666666666666
ACCT_000561,9872.178786359396,776,0,0,3,3205.661544272693,3.028796412639049,1500.9754007894037,463.9937154255232,3,3,3.0,3.505917667358711,0.0,0.0,0.0,0.0,0.0,0.9996881491899929,0.75
ACCT_000562,40482.648839335154,513,0,0,5,29032.645921534368,3.763916613195885,7120.956424892977,1156.1323886810833,5,4,3.0,4.240565799186799,2.0,4.065653751229191,0.0,0.2,0.6684792819372176,0.33150166658474334,0.8333333333333334
ACCT_000563,10392.439324735386,630,0,0,8,31651.36257528162,3.597302423923463,7702.394155309308,2280.8462235395596,8,6,1.0,3.7247028121089665,7.0,4.420717155747584,0.0,0.25,4.9660872196240895,-3.965339786816944,0.8888888888888888
ACCT_000564,20414.41039812102,770,0,0,7,34643.744910240326,3.694526792116984,7139.045639156205,1998.3601224812476,7,4,5.0,4.368811777973344,2.0,4.051750733408365,0.0,0.42857142857142855,0.48188005945016393,0.5180977788028819,0.875
ACCT_000565,35144.435138298606,786,0,0,3,13014.663355074472,3.6373116841547595,7341.528287137315,2758.2049543328867,3,3,1.0,3.574564967211845,2.0,3.966613434415262,0.0,0.3333333333333333,2.4663145556678345,-1.4659241292290224,0.75
ACCT_000566,39877.76776729923,838,0,0,6,25767.158206922577,3.6329152735957937,6755.159767867334,2335.4706789046454,6,6,1.0,3.76297375798063,5.0,4.300448115006545,0.0,0.5,3.4472625097095286,-2.446840205188008,0.8571428571428571
ACCT_000567,22241.859119874825,655,0,0,8,22137.02009965006,3.4420291723972465,6392.63274683264,2008.0979128204842,8,6,2.0,3.7664659333616304,6.0,4.212089176261832,0.0,0.625,2.790122312509679,-1.7898158794247896,0.8888888888888888
ACCT_000568,5464.699862930518,642,0,0,9,26306.676119133677,3.4658234684710973,7771.001724649127,2571.1219347009182,9,7,4.0,3.9273740216650097,5.0,4.251555607816807,0.0,0.4444444444444444,2.1095099862532214,-1.1093788575987322,0.9
ACCT_000569,33556.8213545866,825,0,0,5,20967.48414522861,3.622576318957516,7544.721172100174,2491.7792122764695,5,5,3.0,4.049984778286179,2.0,3.9889018363157045,0.0,0.4,0.8687944894742846,0.13119381668032834,0.8333333333333334
ACCT_000570,22095.32936210817,544,0,0,7,27183.83963304807,3.5892127594636367,7750.800887402751,2687.7332619478816,7,7,6.0,4.380194307311831,1.0,3.5030788160335655,0.0,0.2857142857142857,0.13270415120965914,0.8672597115046649,0.875
ACCT_000571,35445.80086868271,772,0,0,9,36229.38007574487,3.60481839340596,7055.439138437788,1758.0679778060469,9,6,2.0,3.9692027789737034,7.0,4.429977486690158,0.0,0.3333333333333333,2.8891807145057276,-1.8889779380797451,0.9
ACCT_000572,31415.596374348515,709,0,0,8,31176.166094570843,3.590732719552103,6670.125537514223,2041.746341447347,8,7,2.0,3.8582375634583324,6.0,4.379507579840034,0.0,0.375,3.321008718847482,-2.3206870768094006,0.8888888888888888
ACCT_000573,47833.731603820626,909,0,0,6,24165.554386016447,3.6050455124277354,7756.820479965918,3123.9778559220263,6,5,1.0,3.036703142323351,5.0,4.363186282411751,0.0,0.6666666666666666,21.207190427604697,-20.18863806099451,0.8571428571428571
ACCT_000574,32921.54435492496,464,0,0,5,18798.288643479085,3.5751483094742706,6990.645943065018,2004.1293657171539,5,4,2.0,3.9787380006700905,3.0,3.967364169829983,0.0,0.2,0.9741507488268571,0.02584653580951473,0.8333333333333334
ACCT_000575,7961.188671658918,479,0,0,2,2494.3970330553784,3.0959355856122945,1983.2926174619888,1040.9942607241162,2,2,1.0,3.2973867952812785,1.0,2.70850963297942,0.0,0.0,0.2577049944704569,0.7419209187763862,0.6666666666666666
ACCT_000576,21102.874197502533,440,0,0,4,10209.563400023922,3.406947179063097,3105.3754535320477,393.9257184516374,4,4,0.0,0.0,4.0,4.009007170391059,0.0,0.5,1020956340.0023922,-10209.563400023922,0.8
ACCT_000577,21842.592910172687,908,0,0,9,31090.284823335438,3.5383821912669835,6442.631624962688,1918.265164391041,9,6,4.0,4.112133988871282,5.0,4.258741006140831,0.0,0.1111111111111111,1.401544904916771,-0.40151389137066623,0.9
ACCT_000578,5777.347772404934,485,0,0,4,15146.30875361553,3.5782468142323856,4482.835215037506,629.639594077552,4,4,1.0,3.6515527748873775,3.0,4.027898695582994,0.0,0.25,2.378734216912648,-1.3784267322787462,0.8
ACCT_000579,40604.36021594476,843,0,0,9,51383.62387634684,3.7565822205805577,7803.500584550603,2377.8437577918503,9,7,2.0,4.116026487842699,7.0,4.583438174666571,0.0,0.5555555555555556,2.9336728827688963,-1.933524864035391,0.9
ACCT_000580,44424.5930223469,822,0,0,7,38420.11576955361,3.739460629152817,7401.537873557686,1755.3008357597596,7,5,2.0,4.071480458427292,5.0,4.425387817272502,0.0,0.42857142857142855,2.2589538501038833,-1.2588470713810203,0.875
ACCT_000581,33056.67812318946,419,0,0,4,20777.087123662175,3.715524669564351,6805.141103310508,2580.045431764821,4,3,1.0,3.8284088458327257,3.0,4.1473974875462,0.0,0.25,2.084436364147627,-1.0842754024993189,0.8
ACCT_000582,23862.871545413876,839,0,0,9,48622.51457464083,3.7325949057354455,7226.814021789979,1952.4783488956386,9,5,4.0,4.335655180704763,5.0,4.430763021038218,0.0,0.2222222222222222,1.2448236769124492,-0.2448123748916384,0.9
ACCT_000583,44825.061022630085,863,0,0,2,6500.13796304012,3.511892578817516,4624.763496903286,1944.1116277748677,2,2,0.0,0.0,2.0,3.8129225744814974,0.0,0.0,650013796.304012,-6500.13796304012,0.6666666666666666
ACCT_000584,20757.30065384937,854,0,0,6,13839.354304234792,3.36296457755144,5406.056774218623,2046.0535294970705,6,4,3.0,3.9368176057457376,3.0,3.7154439990890564,0.0,0.3333333333333333,0.6006567927821441,0.39929702391375466,0.8571428571428571
ACCT_000585,1913.7036768204498,618,0,1,14,484921.56749364804,4.539543464657497,49000.0,17489.171623574435,11,4,7.0,5.400700768936601,7.0,5.36796552606396,0.5714285714285714,1.0,0.9273950149888786,0.07260469639577864,0.7333333333333333
ACCT_000586,40008.54416186719,643,0,0,5,21486.882397327245,3.633203402506849,7714.977563895991,3080.1757534457615,5,5,1.0,3.3814606302993977,4.0,4.280577643811241,0.0,0.2,7.9271488241631864,-6.924272031786175,0.8333333333333334
ACCT_000587,42687.99361350595,669,0,0,3,4011.762728596497,3.126213984506969,2208.0475619549707,983.595513146042,3,2,1.0,3.1856338313031562,2.0,3.3941782500211257,0.0,0.6666666666666666,1.616383527388944,-0.6159818081247008,0.75
ACCT_000588,12659.170578223911,484,0,0,4,9096.232804333134,3.3568015756049494,6019.433881284344,2518.3037752350488,4,4,1.0,2.75464137748662,3.0,3.9308395229633444,0.0,0.5,15.003691916556742,-13.979097693858,0.8
ACCT_000589,45040.234536626376,697,0,0,9,50138.58262733346,3.7459295432417394,7970.344786768418,1529.0709598492465,9,7,3.0,4.212450948477014,6.0,4.529285254267132,0.0,0.3333333333333333,2.074122035761195,-1.0740561839590483,0.9
ACCT_000590,48121.89317736809,600,0,0,2,8353.897852243681,3.6208591649373587,5716.166809002451,2176.782805416962,2,2,1.0,3.757104893871951,1.0,3.421230510546549,0.0,0.0,0.4614510259694537,0.5384547746470872,0.6666666666666666
ACCT_000591,17198.35524599486,816,0,0,4,13647.6719813624,3.532998584453559,5710.575107510568,2317.242736489248,4,3,1.0,3.385888614740849,3.0,4.0498415509144765,0.0,0.0,4.61267583094644,-3.611190729009107,0.8
ACCT_000592,18860.72117786932,514,0,0,4,15088.600273690592,3.5765889620587776,6127.721214780939,2793.0624100848154,4,3,1.0,3.776773138126794,3.0,3.9594043977138385,0.0,0.5,1.5227592940316237,-0.5226719077284003,0.8
ACCT_000593,33916.00696402256,668,0,0,5,20662.90780886283,3.616221433684068,7490.990431220463,2800.062297214936,5,4,1.0,3.368969967858419,4.0,4.263025788750903,0.0,0.6,7.835303419444149,-6.832381977971953,0.8333333333333334
ACCT_000594,37367.83527209192,538,0,0,9,29447.098309654844,3.5147999968080077,7166.584187050214,2388.7451831550216,9,6,2.0,3.8267804675032213,7.0,4.356717937117306,0.0,0.3333333333333333,3.387953718448794,-2.387597944154252,0.9
ACCT_000595,25372.75369586837,673,0,0,8,28228.159824793893,3.5475925807055915,7607.823727542454,2895.9527147318527,8,7,2.0,3.923757817451707,6.0,4.297503137118531,0.0,0.5,2.364532671343696,-1.3643700540105297,0.8888888888888888
ACCT_000596,6750.6564448687095,514,0,0,8,31693.427599681825,3.5978792230765757,6364.497914742086,1993.0120374446512,8,5,3.0,4.081159551196841,5.0,4.293111416121763,0.0,0.0,1.629115458096398,-0.6290632757583804,0.8888888888888888
ACCT_000597,24064.111023725043,796,0,0,4,18954.496841940847,3.6756522689898095,7725.313310414196,2022.719116789455,4,4,2.0,3.8877838154342577,2.0,4.050439165431091,0.0,0.25,1.454304504995099,-0.4542456893188632,0.8
ACCT_000598,40227.3093121039,635,0,0,8,25894.595337082734,3.5101191415596835,5817.978419080172,1628.3924873343553,8,6,4.0,4.1414282806354485,4.0,4.080816926637141,0.0,0.5,0.8697384011307755,0.1302521932853039,0.8888888888888888
ACCT_000599,39705.05896238152,642,0,0,8,28011.67563531928,3.5442491017461775,7199.896055581095,2300.9174724253207,8,7,3.0,3.8115373105655497,5.0,4.3330891725840095,0.0,0.5,3.323164664681812,-2.322806180952343,0.8888888888888888
ACCT_000600,32022.450216631987,694,0,0,2,3673.984126459957,3.264107279929722,2321.545214829866,685.261638683187,2,1,1.0,3.131117657555963,1.0,3.3657771464815758,0.0,0.0,1.7165619664596115,-0.7160325411603367,0.6666666666666666
ACCT_000601,1645.24164034386,499,0,0,4,21747.79313584711,3.735355202029328,6178.350918782049,870.4812492199716,4,4,1.0,3.640646279596917,3.0,4.239953160220675,0.0,0.25,3.9747231074050093,-2.9740428157670866,0.8
ACCT_000602,506.0629540691003,899,1,1,17,461355.7959949733,4.43358705962795,49500.0,14469.656919247318,15,4,9.0,5.362905214523018,8.0,5.363106732784697,0.23529411764705882,1.0,1.0004641205725884,-0.0004641186035251452,0.8333333333333334
ACCT_000603,2917.375598675528,618,0,0,8,39005.4970844392,3.6880358299115947,7718.741882472498,2573.460522716816,7,6,2.0,3.5800853969097624,6.0,4.546577892553529,0.0,0.375,9.257473861713088,-8.255302947069064,0.7777777777777778
ACCT_000604,12636.387246942968,474,0,0,8,34719.63465590121,3.637485159588522,6638.594901527334,1951.560695699536,8,6,4.0,4.264939184448432,4.0,4.212573559247917,0.0,0.125,0.8864094441758636,0.11358438400296988,0.8888888888888888
ACCT_000605,10108.13647477185,577,0,0,5,20246.769815118794,3.607385741072966,7316.524153828909,2686.6627197273524,5,4,3.0,4.175963419222116,2.0,3.720257285462203,0.0,0.4,0.3501820380309709,0.649774630673649,0.8333333333333334
ACCT_000606,46583.03423068387,755,0,0,4,25093.759645376864,3.7975057425621457,6851.646592488788,578.8641414673939,4,4,0.0,0.0,4.0,4.399565733890108,0.0,0.5,2509375964.5376863,-25093.759645376864,0.8
ACCT_000607,27440.871079569402,413,0,0,8,35662.63948047002,3.649123496249565,7794.71144430601,2594.4941195273964,8,6,3.0,4.18464421467815,5.0,4.308869545866932,0.0,0.625,1.331144894824062,-0.3311232512985845,0.8888888888888888
ACCT_000608,9065.468423864462,517,0,0,6,24959.503468485953,3.6190846910818086,7305.760298988891,2384.69588158864,6,5,2.0,4.041774772035768,4.0,4.1445686519377425,0.0,0.3333333333333333,1.2670503683891887,-0.26702611578614466,0.8571428571428571
ACCT_000609,41556.41077934514,454,0,0,4,16800.981834544662,3.623274670925595,6479.936193601538,2621.4618906242877,3,3,0.0,0.0,4.0,4.225334662253558,0.0,0.0,1680098183.454466,-16800.981834544662,0.6
ACCT_000610,5398.896036600902,886,0,0,4,15086.350782130852,3.5765242102206396,7817.874334136048,3455.030715967877,4,3,1.0,3.0299142480601255,3.0,4.146594435460859,0.0,0.0,13.082181897020458,-12.070914561652698,0.8
ACCT_000611,27677.861027127503,652,0,0,4,23240.227564967987,3.7641803849602966,7497.066026622344,1768.6904609485182,4,2,1.0,3.7950975511537233,3.0,4.230486678337442,0.0,1.0,2.7251419331053066,-1.7248654613223557,0.8
ACCT_000612,28344.315097185925,619,0,0,2,3473.0119241900184,3.2396762787498723,2350.280581872391,868.0083915295629,2,2,1.0,3.050275846637601,1.0,3.3711197124355397,0.0,0.5,2.093359713363988,-1.0923867594749275,0.6666666666666666
ACCT_000613,14945.957411293033,759,0,0,5,25604.835048557212,3.7093519780319304,7281.3242799532845,2274.295488061845,5,3,2.0,3.927302413484879,3.0,4.234166836418472,0.0,0.6,2.027049818525716,-1.026928415591043,0.8333333333333334
ACCT_000614,21915.306235344022,713,0,0,4,10716.883039898166,3.428008499680906,3513.924052505524,1001.5566629740752,4,4,2.0,3.6458324675802625,2.0,3.798837462739519,0.0,0.25,1.4223451433136816,-0.42224970510969256,0.8
ACCT_000615,864.2850110988943,805,0,1,15,416039.21667596645,4.443043010953827,49500.0,16609.420192346817,14,4,8.0,5.365037060861671,7.0,5.265478145053025,0.26666666666666666,1.0,0.7951353911783479,0.20486372483672521,0.875
ACCT_000616,24117.095068032726,575,0,0,3,11292.890662405207,3.5756838686087185,5221.16415787938,1262.6883321194373,3,3,0.0,0.0,3.0,4.052805123328381,0.0,0.3333333333333333,1129289066.2405207,-11292.890662405207,0.75
ACCT_000617,38170.722683072185,542,0,0,4,20009.565565573095,3.6991776682966298,7069.983108160354,1561.1803029476816,4,2,2.0,3.9346482437168286,2.0,4.057156167632382,0.0,0.75,1.325891307535061,-0.32585343220864604,0.8
ACCT_000618,19356.460824032678,672,0,0,4,11970.915686319058,3.47606738065785,5654.623658373431,1959.3346431166142,4,4,1.0,3.7524037058962114,3.0,3.8004622010058986,0.0,0.5,1.1170136862109745,-0.11699299839241688,0.8
ACCT_000619,25972.636831777414,414,0,0,7,26149.95570118609,3.572372917481704,6971.301471143147,2565.0034560179615,7,4,2.0,3.3969801046030197,5.0,4.373931677680046,0.0,0.42857142857142855,9.483127099924701,-8.479727741589349,0.875
ACCT_000620,5761.7072079300315,865,0,0,5,9775.278735944781,3.291159145543326,3760.3434273083717,1292.5785557773725,5,4,4.0,3.863540093655913,1.0,3.3929828204543258,0.0,0.2,0.33840964020815556,0.6614997882340304,0.8333333333333334
ACCT_000621,43863.03119839827,896,0,0,5,16400.144911622458,3.51587768115314,6629.593888789815,2480.5547296960294,5,5,5.0,4.214847685489159,0.0,0.0,0.0,0.4,0.0,0.9999390286467568,0.8333333333333334
ACCT_000622,11530.54313447578,641,0,0,9,35253.99326880247,3.5929658078138016,6821.321170770066,2100.512683582161,9,8,4.0,4.140132864002998,5.0,4.331344822502613,0.0,0.3333333333333333,1.5531448400814718,-0.5531047845631494,0.9
ACCT_000623,42125.42849638371,498,0,0,5,15105.154056638776,3.4801551546414986,5246.975112816398,2404.9057354439383,5,5,4.0,4.028564082001306,1.0,3.645945700557396,0.0,0.2,0.4143636196317482,0.5855815493418719,0.8333333333333334
ACCT_000624,31752.742190481527,632,0,0,4,17161.347535423894,3.6324913949948465,7514.371872655297,2975.2502228133267,4,3,1.0,3.8758926837065877,3.0,3.9843911828946776,0.0,0.5,1.2838033322566567,-0.2837655709190898,0.8
ACCT_000625,2501.742527655101,484,0,0,2,10698.402427562802,3.728288934479684,6672.742991181155,1871.7707319661238,2,1,1.0,3.8243043977922757,1.0,3.604837031566978,0.0,1.0,0.6032990384417709,0.39664151860469127,0.6666666666666666
ACCT_000626,15957.118844479965,786,0,0,7,32423.43055174657,3.665760923332077,7929.270870983122,2773.973149061896,7,5,4.0,4.308534997939397,3.0,4.081880264413971,0.0,0.2857142857142857,0.5933968905694776,0.40658312827070653,0.875
ACCT_000627,21148.239069113763,889,0,0,8,36980.56486891712,3.664883553621911,7975.621879809136,2140.3604257417637,7,6,3.0,3.9333104317450864,5.0,4.453380393215671,0.0,0.25,3.31184468047058,-2.311575160242837,0.7777777777777778
ACCT_000628,32024.2941250412,496,0,0,4,16788.2862698377,3.622946374760147,7155.5462438157465,2957.0833976736885,4,3,1.0,3.2266900575594595,3.0,4.179061395133624,0.0,0.75,8.961306570530311,-7.95658559455647,0.8
ACCT_000629,1633.8403965606008,610,0,0,2,6398.004170993388,3.5050145232099,5365.606512284208,3064.041364660488,2,2,1.0,3.7296188204399794,1.0,3.013847010971757,0.0,0.5,0.19241024372947765,0.8074392716619482,0.6666666666666666
ACCT_000630,28330.648424866693,741,0,0,4,18089.664314025424,3.6553705164981825,7053.005310131549,1880.007941266518,4,3,0.0,0.0,4.0,4.257430507826145,0.0,0.0,1808966431.402542,-18089.664314025424,0.8
ACCT_000631,32734.596017814092,763,0,0,6,17633.078891071524,3.4681769001832485,6113.832154850802,1711.7823882495127,5,5,2.0,3.758664618640863,4.0,4.0754135920051215,0.0,0.16666666666666666,2.0737145392280447,-1.0735274106446273,0.7142857142857143
ACCT_000632,36754.87790850217,487,0,0,5,26558.672206553005,3.7252363544705895,7084.317561827387,1492.1404836596707,5,4,1.0,3.7366935902178087,4.0,4.324384178371683,0.0,0.2,3.8698184188318137,-2.8692923102974617,0.8333333333333334
ACCT_000633,40226.66556532448,667,0,0,4,18473.85807185078,3.6644976114400527,6294.966224134208,1770.706245978623,4,4,1.0,3.6601253130489706,3.0,4.143066571476988,0.0,0.0,3.040473744431961,-2.040027570440137,0.8
ACCT_000634,6604.0436076295555,732,0,0,8,41186.11007307492,3.7116607888543824,7425.296380312164,1952.5514289034386,8,6,5.0,4.385770365301154,3.0,4.227293370473973,0.0,0.5,0.6942613764293735,0.3057260467190012,0.8888888888888888
ACCT_000635,12079.455436367647,603,0,0,7,29643.17535318371,3.6268266830616707,7765.723392442984,3162.79711301606,7,5,1.0,3.8813512572476996,6.0,4.343088626046897,0.0,0.2857142857142857,2.8955920009864555,-1.8953429261197818,0.875
ACCT_000636,45679.210803526636,470,0,0,8,16344.681010427623,3.3102864621359513,6371.256160428038,2478.29351542745,8,7,2.0,3.359558952943544,6.0,4.147866032818787,0.0,0.5,6.141961332756431,-5.139715512791407,0.8888888888888888
ACCT_000637,1213.7081766933761,618,0,1,11,314190.5471703155,4.455800429430114,49500.0,16404.42392582978,9,4,6.0,5.252552006852292,5.0,5.131344578180072,0.2727272727272727,1.0,0.7564715011218905,0.24352713740569193,0.75
ACCT_000638,44966.78026973531,737,0,0,3,23296.255531585444,3.8901648666215944,7940.132301304904,156.02077150606277,3,2,0.0,0.0,3.0,4.367286121341257,0.0,0.3333333333333333,2329625553.158544,-23296.255531585444,0.75
ACCT_000639,36357.9485157356,883,0,0,2,8296.519949924448,3.617865966172525,5928.287834128351,2517.3395398346825,2,2,1.0,3.772929281634386,1.0,3.374424266323308,0.0,0.0,0.3994799473412385,0.6004187716846787,0.6666666666666666
ACCT_000640,36391.69745083281,736,0,0,7,28616.97405466006,3.6115256697435294,7007.627259316681,1630.184066038003,7,5,3.0,4.086427629493764,4.0,4.215242721413394,0.0,0.42857142857142855,1.3452874525502023,-0.34525915813935926,0.875
ACCT_000641,45951.32574498432,893,0,0,8,28282.797951477274,3.5484323840020835,7425.954281197759,2504.7312916499627,8,5,4.0,4.161170873340725,4.0,4.139544679832629,0.0,0.5,0.951423350976301,0.04857329696382069,0.8888888888888888
ACCT_000642,11012.692643690929,847,0,0,8,36845.66949701232,3.663296465201281,7805.472100014988,2659.3192934324634,8,5,2.0,3.946874692380691,6.0,4.447112534553437,0.0,0.375,3.1640099580821803,-2.163765429778649,0.8888888888888888
ACCT_000643,13168.440557372014,675,0,0,9,38743.32429092523,3.6339543722836107,7641.010569828233,1773.8340452726272,8,6,3.0,4.105457133840037,6.0,4.4148878447249515,0.0,0.5555555555555556,2.039063311568792,-1.0389818144436824,0.8
ACCT_000644,26177.45357155522,836,0,0,2,6549.901449111641,3.5152047699111626,4353.34561351259,1525.0806775564913,2,2,1.0,3.341742247339267,1.0,3.6388231473051276,0.0,0.0,1.981896168146516,-0.9814493643232507,0.6666666666666666
ACCT_000645,48967.0404049704,691,0,0,9,35229.18046581479,3.592660030894509,7310.397223847298,2320.8135777213756,9,7,5.0,4.313375371643272,4.0,4.165911648394516,0.0,0.2222222222222222,0.7120922784553609,0.2878937299383257,0.9
ACCT_000646,875.2764044181794,812,0,1,11,334514.3340379552,4.483022046991087,49000.0,16230.796061519157,9,4,6.0,5.314662160366356,5.0,5.107674290342084,0.36363636363636365,1.0,0.6208863755013393,0.37911178748561686,0.75
ACCT_000647,37186.72623843051,759,0,0,2,6456.5361179503025,3.508969589154209,4770.011971858112,2180.355151305246,2,2,1.0,3.2269925633962724,1.0,3.678519469041244,0.0,0.0,2.8283093097881298,-1.827225899496829,0.6666666666666666
ACCT_000648,20663.324086286182,770,0,0,7,35910.67192377237,3.7101254912620956,6821.455587933919,1774.3555757649203,7,6,1.0,3.638402465333003,6.0,4.499158201833843,0.0,0.2857142857142857,7.256976813781511,-6.255538488225751,0.875
ACCT_000649,25973.061856655353,738,0,0,5,15365.979956994159,3.487590258033397,4749.632377170507,1842.9034028160838,5,5,3.0,4.006054588886875,2.0,3.7181354631087697,0.0,0.4,0.5153245987713008,0.4846276089012229,0.8333333333333334
ACCT_000650,8878.346448100267,506,0,0,3,5254.6513972123075,3.2434226547428087,2779.5389194832,952.6867347629526,3,3,2.0,3.5656019249817956,1.0,3.1977585403280564,0.0,0.6666666666666666,0.42870309033757287,0.5711416190712796,0.75
ACCT_000651,45387.1249465735,475,0,0,7,25362.146382100746,3.5590879648128344,6270.596706291775,1868.9567752212638,7,4,4.0,4.109185172538625,3.0,4.097041965201162,0.0,0.2857142857142857,0.9724265153427624,0.02757133966441975,0.875
ACCT_000652,49984.932663060645,783,0,0,3,8477.811310607909,3.4511624915920738,3388.0219453757513,486.8865605388745,3,3,1.0,3.407406629546625,2.0,3.7725211133673993,0.0,0.3333333333333333,2.318005606902514,-1.3174899829884126,0.75
ACCT_000653,19073.053963183804,462,0,0,9,38328.52002170158,3.6292795407355243,6524.17816287006,2382.0605536763637,9,5,3.0,3.9700020354995433,6.0,4.462337091657022,0.0,0.2222222222222222,3.1069556621343852,-2.1067299263428545,0.9
ACCT_000654,11053.922526879676,624,0,0,7,32688.732189867405,3.6693000370781363,7263.058952336557,1744.7633839289547,7,6,4.0,4.226249828449136,3.0,4.20009253442442,0.0,0.2857142857142857,0.9415485214495704,0.05844800646957505,0.875
ACCT_000655,17583.3639895169,585,0,0,8,42678.13183284971,3.7271154136282996,7843.7166940271945,1907.3035682731163,8,6,3.0,4.345907891145649,5.0,4.3117723271812896,0.0,0.25,0.9244095762842498,0.07558701498723532,0.8888888888888888
ACCT_000656,36168.401518968414,638,0,0,9,48104.5044357846,3.7279432355418294,7145.774867321139,1770.8618966855258,9,7,4.0,4.307722523970622,5.0,4.443949727440845,0.0,0.3333333333333333,1.3684445467389776,-0.3684264077909511,0.9
ACCT_000657,7619.346333399458,782,0,0,9,38969.21514413451,3.63647914957369,7964.00691705266,2320.1693471255353,9,6,4.0,4.345555529918476,5.0,4.225566189789057,0.0,0.2222222222222222,0.7585961943984775,0.24139291172041508,0.9
ACCT_000658,3559.8540720965952,467,0,0,8,27513.68445049149,3.5364587651342965,7008.662646803568,2628.521563622784,8,6,3.0,4.26952486076877,5.0,3.9500323886782156,0.0,0.125,0.47918975868717306,0.5207822427781461,0.8888888888888888
ACCT_000659,30096.884490861605,836,0,0,3,18788.062256954465,3.796760735891346,7804.194172294009,1828.369130531019,3,2,0.0,0.0,3.0,4.273881990611009,0.0,0.0,1878806225.6954463,-18788.062256954465,0.75
ACCT_000660,49661.273392164,646,0,0,7,26139.607657682624,3.5722010247382183,5515.234070618396,1830.4759523299022,7,6,1.0,3.7317003313772945,6.0,4.316980903738715,0.0,0.42857142857142855,3.84840323950231,-2.847875019642013,0.875
ACCT_000661,44510.25870605238,727,0,0,6,29374.278608821627,3.6898159593623587,7906.175525526544,2726.806943592255,6,6,3.0,4.162554762483673,3.0,4.1712758839351265,0.0,0.16666666666666666,1.0202841057490017,-0.020282711460225922,0.8571428571428571
ACCT_000662,10905.49567799362,814,0,0,2,12216.385519940817,3.7859127338969163,7861.176763931085,2479.0937530242795,2,2,2.0,4.0869427295608975,0.0,0.0,0.0,0.5,0.0,0.9999181494274395,0.6666666666666666
ACCT_000663,504.0245277272874,767,0,1,9,216846.79696271816,4.3819105021425715,49500.0,18112.49583211355,8,4,5.0,4.974392392027537,4.0,5.088393744292468,0.3333333333333333,1.0,1.300173626246289,-0.3001704423660642,0.8
ACCT_000664,6021.976408727956,777,0,0,5,28469.375112115387,3.755407930378957,7977.693426335562,2010.553288858002,5,4,1.0,3.504166509519701,4.0,4.402718885702419,0.0,0.0,7.916849240785852,-6.914683528171382,0.8333333333333334
ACCT_000665,24831.19259112725,487,0,0,4,10281.517286690912,3.4099972187216627,3859.184516702164,1470.8446062392907,4,4,1.0,3.562096535629208,3.0,3.8217209279705626,0.0,0.5,1.8181277318704,-0.8179035523659981,0.8
ACCT_000666,7574.781339547343,666,0,0,9,35884.84507334772,3.6006685661412594,7401.027803149876,2639.5232070284455,9,6,2.0,4.059420362887817,7.0,4.387721163201011,0.0,0.3333333333333333,2.1296135427835052,-1.1295150366062723,0.9
ACCT_000667,1000.6156260971788,476,1,1,18,601939.1935742039,4.5242801170034,49500.0,17724.467077167305,15,4,9.0,5.488708554685407,9.0,5.4680920482850786,0.5,1.0,0.9536378799677335,0.04636196953013691,0.7894736842105263
ACCT_000668,31997.385369193198,722,0,0,5,14609.891946029047,3.465676999591648,6012.824053844515,2390.2611166527145,5,5,2.0,3.7156793057642536,3.0,3.9737635993335165,0.0,0.6,1.8116916918964634,-0.811535514374034,0.8333333333333334
ACCT_000669,40031.72634439716,671,0,0,5,17856.01264252139,3.552814480413364,7888.97535038933,2795.322836417797,5,3,3.0,3.7355037884202886,2.0,4.094023811994865,0.0,0.2,2.283074181437458,-1.2828383181181462,0.8333333333333334
ACCT_000670,44252.559509456805,848,0,0,7,28961.399334886555,3.6167215019285863,7623.545753700997,2693.2355055817015,7,6,5.0,4.232132581399258,2.0,4.075377820840078,0.0,0.5714285714285714,0.6970199991101296,0.3029622481281065,0.875
ACCT_000671,10018.487057450395,889,0,0,6,24458.93572659623,3.610286305418737,6409.468430902684,2359.282735022743,6,4,3.0,4.171408564897089,3.0,3.983166108108291,0.0,0.16666666666666666,0.6482724162366347,0.35170388222133264,0.8571428571428571
ACCT_000672,11482.525929881507,669,0,0,8,33279.29814905841,3.6190841715761057,7760.496026449769,2381.4926064559795,8,6,3.0,4.261681879971697,5.0,4.176429352775929,0.0,0.375,0.8217646828555901,0.17822556032800616,0.8888888888888888
ACCT_000673,32781.03204976361,781,0,0,9,41664.15925951252,3.665520113188486,7866.402763393151,2395.847445756716,8,6,3.0,4.0840847724998355,6.0,4.4702325913781005,0.0,0.5555555555555556,2.4330319864133334,-1.4329139195692353,0.8
ACCT_000674,7813.422484322791,741,0,0,5,13196.262099618487,3.421480928430558,5455.105725179841,2614.6888258349436,5,4,3.0,4.046371601637408,2.0,3.315850380914179,0.0,0.6,0.1859853682191165,0.8139414803926389,0.8333333333333334
ACCT_000675,42003.7620072879,578,0,0,4,20645.551900545113,3.7127665056748436,5734.137377485533,645.3958184618439,4,4,1.0,3.7153366922836377,3.0,4.189027640252507,0.0,0.75,2.976397609988479,-1.976017028685255,0.8
ACCT_000676,33714.16077791546,703,0,0,4,11901.750921218969,3.4735508658197616,5067.899097076592,1884.6853166071637,4,3,3.0,4.0475911772017845,1.0,2.8713551970736084,0.0,0.0,0.06664445480238225,0.9332719045619392,0.8
ACCT_000677,38947.36899385605,890,0,0,4,12302.762883994124,3.4879426624308483,7000.631768797835,3070.959173804094,4,2,3.0,4.059495802670978,1.0,2.9214515846511877,0.0,0.0,0.07277057082254307,0.9271485840448764,0.8
ACCT_000678,29110.436262457188,463,0,0,9,43124.94294976866,3.6804860241117554,6913.8049051135895,1783.5962570044285,9,9,4.0,4.317981936060323,5.0,4.348866182831509,0.0,0.3333333333333333,1.0737031977892275,-0.07369965438874626,0.9
ACCT_000679,16356.232399990005,909,0,0,6,24208.05866616174,3.605808712772312,6807.483143229176,2616.9909745408554,6,5,2.0,3.893107161632739,4.0,4.214575024638538,0.0,0.16666666666666666,2.0963696443663595,-1.0962294321058383,0.8571428571428571
ACCT_000680,25729.50156256134,683,0,0,7,26170.84658818024,3.5727197316370223,6644.4669532147855,1972.556001557142,7,6,3.0,4.1099315111666375,4.0,4.123537480150692,0.0,0.2857142857142857,1.031824815866027,-0.0318223460770809,0.875
ACCT_000681,45101.24489076464,852,0,0,7,27173.57084138044,3.5890486721912227,6987.039610354476,2608.032875778261,7,4,1.0,3.268254585668117,6.0,4.403445731432567,0.0,0.2857142857142857,13.651838545571916,-12.645020494295006,0.875
ACCT_000682,49703.44688906817,694,0,0,8,22473.60235191666,3.448582705194216,5971.834456699417,2108.1941911105955,8,4,5.0,4.032747459130679,3.0,4.067829644218595,0.0,0.25,1.0841320527582776,-0.08412425234189053,0.8888888888888888
ACCT_000683,1966.0839817798221,643,0,0,7,23806.839692627425,3.531603707547385,7081.953973020251,2806.7278841974285,7,6,4.0,4.086563413597216,3.0,4.064499896418723,0.0,0.42857142857142855,0.9504657735676242,0.049530167706536274,0.875
ACCT_000684,1247.8084609668251,458,0,0,7,22174.852645171934,3.5007627025548356,6533.257499982197,1870.0161288226732,7,5,2.0,3.888306823416867,5.0,4.159644961595578,0.0,0.2857142857142857,1.8678334024355865,-0.8677211840469832,0.875
ACCT_000685,33554.299306140856,882,0,0,9,31072.421171489972,3.5381325854780292,7166.844426808399,1805.5961376747257,8,5,5.0,4.314776622062238,4.0,4.01825266568201,0.0,0.5555555555555556,0.5052147754693802,0.4947612569886337,0.8
ACCT_000686,17786.998400002274,701,0,0,9,31967.505516699486,3.5504662393566346,7816.471248215953,2744.035434080358,8,6,4.0,3.9878924594281453,5.0,4.347182461105535,0.0,0.2222222222222222,2.2871255273957583,-1.2869931919842545,0.8
ACCT_000687,17247.15037927084,559,0,0,5,26188.273200863052,3.7191368585771594,7254.455601182565,1227.7841652050154,5,5,3.0,4.174781156085822,2.0,4.050513325662528,0.0,0.0,0.7511595088181845,0.24882385230663,0.8333333333333334
ACCT_000688,18621.54096889278,822,0,0,8,39715.31374650453,3.6958680107845003,7074.750950377982,2561.3245675802896,8,5,3.0,3.7707572378873113,5.0,4.529129955004292,0.0,0.5,5.732878219447937,-4.73207600734043,0.8888888888888888
ACCT_000689,39272.36709495054,656,0,0,9,39528.70519304934,3.642670079335127,7738.533648655275,1981.7019974831285,9,6,3.0,4.068299029028997,6.0,4.444445412424651,0.0,0.4444444444444444,2.377641557945412,-1.3775238535711667,0.9
ACCT_000690,16973.930769326358,861,0,0,2,10655.263790800094,3.7265342102840093,7288.5826173501055,2773.203106127085,2,2,1.0,3.862643080949984,1.0,3.52720199041022,0.0,0.0,0.46191164257597306,0.5380145407180801,0.6666666666666666
ACCT_000691,3262.3705816938946,472,0,0,4,10763.196749902947,3.4298812878695215,6540.886174221247,2763.026186504821,4,4,1.0,3.4371605991647898,3.0,3.9045487372801206,0.0,0.25,2.9335138063396973,-1.9328074539787372,0.8
ACCT_000692,41176.409602642605,802,0,0,8,35854.117883408864,3.651449055057603,7322.763318890017,2123.996422968848,8,6,5.0,4.270440426222257,3.0,4.235890708503451,0.0,0.5,0.9235284570010913,0.07646744012118749,0.8888888888888888
ACCT_000693,42622.50905039371,523,0,0,8,36393.84177608759,3.657937915642658,7935.387076889265,2793.173317827157,8,5,4.0,4.169344694763571,4.0,4.334957306519116,0.0,0.125,1.4642411623631604,-0.46420973153336564,0.8888888888888888
ACCT_000694,47922.7087246357,780,0,0,2,5426.794305277111,3.4335133649285616,4659.818286307682,2752.6551653244937,2,2,1.0,3.6683689813267892,1.0,2.884781785080577,0.0,0.5,0.16459354640011614,0.8352272129498054,0.6666666666666666
ACCT_000695,11105.268522632632,758,0,0,2,11096.438645152484,3.744153620516235,7664.434925005299,2992.7808058607225,2,2,0.0,0.0,2.0,4.045183616180217,0.0,0.5,1109643864.5152483,-11096.438645152484,0.6666666666666666
ACCT_000696,36055.85893078048,548,0,0,9,32108.969302755424,3.552383855507117,7240.867292729497,2461.458811922674,9,6,0.0,0.0,9.0,4.506626364946442,0.0,0.2222222222222222,3210896930.2755423,-32108.969302755424,0.9
ACCT_000697,48892.640365985775,775,0,0,7,30464.1484752223,3.638691003346262,5970.506738535063,1197.98354038666,7,5,1.0,3.5927061172623724,6.0,4.42405437843917,0.0,0.2857142857142857,6.781851252122481,-5.780374713607513,0.875
ACCT_000698,12341.945363266545,878,0,0,7,16735.1315963179,3.378531091757519,4707.447255350424,1584.749935693046,7,3,1.0,3.6727854626582,6.0,4.0801820217917255,0.0,0.2857142857142857,2.5550332617633966,-1.5547030026297377,0.875
ACCT_000699,11219.084645389896,682,0,0,8,23496.587770851947,3.467914810603701,5963.466109497746,1440.0342053833438,8,4,4.0,4.098792147665547,4.0,4.039108539108629,0.0,0.625,0.8715983332896197,0.1283914391182416,0.8888888888888888
ACCT_000700,33950.28920892578,839,0,0,8,35819.23371256074,3.6510263036789095,6935.257356191938,2109.260090161762,8,7,3.0,4.042883907513281,5.0,4.394125810820758,0.0,0.125,2.2451321187485385,-1.2450193251757322,0.8888888888888888
ACCT_000701,39092.086327284065,642,0,0,9,33254.756896518506,3.5676112679034064,6125.863751074375,2182.7250739743226,9,5,2.0,3.9903164392570276,7.0,4.370610441794283,0.0,0.4444444444444444,2.400457394349896,-1.4003142080023085,0.9
ACCT_000702,2725.338507729624,810,0,0,2,7386.2216881913,3.5673923426514307,6811.331505203898,4409.8299494112825,2,2,1.0,3.8332320177627452,1.0,2.759584892554825,0.0,0.5,0.08440202649131999,0.9154635703580363,0.6666666666666666
ACCT_000703,42027.13764135197,448,0,0,9,35164.24388664776,3.5918587740650563,7542.4547396187345,2348.6146428081743,9,7,6.0,4.401253465834923,3.0,3.9988160855953847,0.0,0.2222222222222222,0.3958791413188221,0.6040968783060966,0.9
ACCT_000704,583.0192455689478,841,1,1,15,552905.5449808491,4.566559686358746,49500.0,14263.910703134625,13,4,8.0,5.4100336332734935,7.0,5.471065789678045,0.5333333333333333,1.0,1.150885600603797,-0.15088501368320636,0.8125
ACCT_000705,13693.004988406316,588,0,0,2,4577.172837503858,3.359567316360646,2993.71202458994,997.1981949526603,2,2,1.0,3.1996073200313706,1.0,3.4762100217429754,0.0,0.5,1.890613257536014,-0.8900511771461774,0.6666666666666666
ACCT_000706,47359.36072612597,807,0,0,5,24451.608531618032,3.6893374298159514,7696.222708725564,3015.9042828203324,5,3,3.0,4.125616581607117,2.0,4.04522313195833,0.0,0.2,0.8310105742449392,0.16897677163984093,0.8333333333333334
ACCT_000707,46202.20357266161,645,0,0,7,16017.801977020159,3.359504880301727,4448.704482368285,1349.6509670373202,7,4,4.0,4.074478610694496,3.0,3.6177381849970116,0.0,0.7142857142857143,0.3493490559047314,0.6505961371998596,0.875
ACCT_000708,1294.4744469619116,638,1,1,14,461327.5750298574,4.517881378881006,49500.0,16344.156641239566,14,4,7.0,5.389424014490701,7.0,5.334819580260265,0.42857142857142855,1.0,0.8818517188636564,0.11814779915077396,0.9333333333333333
ACCT_000709,36890.360497010326,521,0,0,4,13301.126041349897,3.521828417522121,4828.074103290274,2090.4854641637817,4,4,2.0,3.7090497394990347,2.0,3.912950848184086,0.0,0.25,1.5991938385261366,-0.5990767751216108,0.8
ACCT_000710,8548.232511171664,616,0,0,7,27749.194557745817,3.5981523418875723,7667.840794841974,3169.0091109951027,7,4,1.0,2.6675745355440554,6.0,4.435909065323038,0.0,0.2857142857142857,58.65898182651301,-57.53528592437035,0.875
ACCT_000711,48157.54504041574,691,0,0,3,13498.130625829162,3.653152371915927,5252.184102765557,711.8692724389861,3,3,2.0,3.985023089149153,1.0,3.58400404845371,0.0,0.0,0.3971741354418649,0.6027634728753979,0.75
ACCT_000712,21244.061926907267,824,0,0,7,42155.543802144166,3.779756656013185,7917.168886391708,1384.861664225045,7,6,4.0,4.344372737165559,3.0,4.3022559693360085,0.0,0.42857142857142855,0.9075764788111603,0.09241933871949926,0.875
ACCT_000713,18647.556503870044,845,0,0,4,16978.886019264377,3.6278492015554167,5661.1979141452775,1800.2794076608718,4,4,1.0,3.728292896827728,3.0,4.065566121847362,0.0,0.5,2.1740685030100786,-1.1738490652719673,0.8
ACCT_000714,27759.78256006425,456,0,0,3,6684.639076084307,3.3479567086365267,3267.8278497547185,906.8355429348845,3,2,1.0,3.2041203737126356,2.0,3.7062600076887393,0.0,0.6666666666666666,3.177895640739147,-2.1765353272463486,0.75
ACCT_000715,4946.037536300469,591,0,0,7,32792.67772235002,3.670678840899074,7844.334875960677,2813.646647039106,6,5,3.0,4.194936357026818,4.0,4.233693033502691,0.0,0.5714285714285714,1.0933436228959517,-0.09333766531844759,0.75
ACCT_000716,39097.16820348218,792,0,0,6,19537.51300766731,3.5127180297878735,6096.836127199649,2509.89664672528,6,5,0.0,0.0,6.0,4.290869280171517,0.0,0.16666666666666666,1953751300.7667308,-19537.51300766731,0.8571428571428571
ACCT_000717,16580.446582917444,616,0,0,9,28119.02017697062,3.4947576739373107,6787.352596134107,2038.2817749236551,9,6,1.0,3.8317004109386046,8.0,4.329024807294111,0.0,0.2222222222222222,3.142855369199163,-2.142539707348913,0.9
ACCT_000718,27792.53951751632,677,0,0,7,24120.096416828175,3.5372809994908696,5605.710841101449,1735.9038195406572,7,4,5.0,4.161829137938439,2.0,3.9824834461955962,0.0,0.0,0.661689598803187,0.3382870953553509,0.875
ACCT_000719,4509.841179706429,743,0,0,8,39889.142002895154,3.6977647079437275,7730.565716789543,2130.9214516579855,8,7,5.0,4.378040139128563,3.0,4.204359380310031,0.0,0.25,0.6703772089327347,0.32960898824995444,0.8888888888888888
ACCT_000720,34958.90506210242,565,0,0,2,11075.568321920935,3.7433360248059855,7982.3958792614585,3457.2030467574577,2,2,2.0,4.044366020469967,0.0,0.0,0.0,0.5,0.0,0.9999097193308489,0.6666666666666666
ACCT_000721,44203.95252531425,497,0,0,9,41069.46094170123,3.6592764931079973,7536.238767976701,2600.3786821259523,9,6,3.0,4.311281678335928,6.0,4.3136929883880555,0.0,0.2222222222222222,1.0055676883771743,-0.0055674169914770606,0.9
ACCT_000722,30506.444173197742,757,0,0,7,22489.30690431113,3.5068780311496357,5190.110157027673,1677.8447140613077,7,6,1.0,3.6380941254611874,6.0,4.258715392165223,0.0,0.42857142857142855,4.174661490128308,-3.1739311962331143,0.875
ACCT_000723,46188.16706360277,663,0,0,3,20002.105488105524,3.823954458631207,7941.983277590542,1894.0325975749504,3,3,0.0,0.0,3.0,4.301075713350869,0.0,0.6666666666666666,2000210548.8105524,-20002.105488105524,0.75
ACCT_000724,19986.748128494364,712,0,0,6,18017.569433814057,3.477544953979816,6209.969456620343,2064.2133170234556,6,4,4.0,4.0590699044662095,2.0,3.8169432976115654,0.0,0.5,0.5726290715738711,0.4273336289282068,0.8571428571428571
ACCT_000725,24930.63247148909,878,0,0,8,35425.86713907749,3.6462305025304427,7866.7535050432525,3181.153268264105,7,7,4.0,4.222256146346648,4.0,4.272852050867721,0.0,0.375,1.123559055266963,-0.12355164979219169,0.7777777777777778
ACCT_000726,94.83551820031019,686,0,1,15,442379.5856125606,4.469703818417321,49000.0,14859.963202929453,14,4,8.0,5.422000749265241,7.0,5.250757191315108,0.2,1.0,0.6741498497029746,0.3258489171225759,0.875
ACCT_000727,11919.67759010854,451,0,0,5,15866.454509447674,3.5015098865644645,5936.39004824786,2068.056402374151,5,5,1.0,3.4583684292189907,4.0,4.113717376783364,0.0,0.2,4.522191465690963,-3.5209660376078578,0.8333333333333334
ACCT_000728,35389.707188905464,809,0,0,7,19729.52522685506,3.4500185944605453,7081.435742591142,2283.5558512684975,7,5,3.0,3.7403585157383783,4.0,4.15319202316745,0.0,0.7142857142857143,2.587220874741113,-1.5869323435188885,0.875
ACCT_000729,40236.52578881916,878,0,0,2,11314.862788210141,3.7526192961058205,5943.433584114072,404.46817597913673,2,2,1.0,3.7300898560662743,1.0,3.7740374139734185,0.0,0.5,1.1064901625282355,-0.10647034298411842,0.6666666666666666
ACCT_000730,9637.473593377264,512,0,0,8,37716.82245106933,3.673445110379408,7867.315835854881,2912.99769895459,8,6,5.0,4.456288255199408,3.0,3.9600874005738245,0.0,0.125,0.31900621572955773,0.6809699697555323,0.8888888888888888
ACCT_000731,30970.69431553136,529,0,0,6,13759.727878570851,3.360458594707441,4647.775181607847,1285.0207658097252,6,6,1.0,3.3546356667649433,5.0,4.060583874201883,0.0,0.5,5.080988424677953,-4.0791856875682955,0.8571428571428571
ACCT_000732,45494.058471963835,597,0,0,9,35982.29329994985,3.601846329830751,7707.69429335592,2357.893649284107,9,7,3.0,4.227287442960356,6.0,4.281160605978238,0.0,0.1111111111111111,1.1320696899938985,-0.13206186556308752,0.9
ACCT_000733,19193.751707905307,732,0,0,8,32258.258919032713,3.6055509364372558,6552.188239653913,2137.639870039193,8,4,2.0,3.829951300021856,6.0,4.406509306175609,0.0,0.375,3.771881198828813,-2.7714712278039033,0.8888888888888888
ACCT_000734,23314.862432558923,493,0,0,9,45517.63540009359,3.7039371833289527,7632.919445324841,2572.545676223309,8,7,3.0,4.100895364633706,6.0,4.5172275756362,0.0,0.3333333333333333,2.6081478723947247,-1.6080204079238638,0.8
ACCT_000735,22301.452540572933,767,0,0,4,21770.909140066775,3.7358165739680764,7922.801794074645,1966.96509597782,4,3,2.0,4.042969272143062,2.0,4.0306363131844485,0.0,0.0,0.9720017361542133,0.027995727121663306,0.8
ACCT_000736,36.32983085957207,735,1,1,11,271696.5398716941,4.392691422438176,49000.0,16920.56867590253,9,4,6.0,5.261078508860347,5.0,4.950724972211538,0.18181818181818182,1.0,0.48938027800474576,0.5106169228795068,0.75
ACCT_000737,10514.981477088895,847,0,0,3,16809.58669352194,3.7484357806157376,7652.166355323692,2989.437334737576,3,2,3.0,4.2255570353354,0.0,0.0,0.0,0.3333333333333333,0.0,0.9999405136763975,0.75
ACCT_000738,24452.892982036385,456,0,0,3,8840.199962210492,3.46934083399278,4280.541722105569,1727.5576984451477,3,3,2.0,3.6589322922260896,1.0,3.6314987344415584,0.0,0.6666666666666666,0.9387856473688722,0.06120092831006182,0.75
ACCT_000739,29178.403369525953,588,0,0,2,6759.200933436159,3.528865361415031,5100.3495393907415,2433.506676014605,2,2,0.0,0.0,2.0,3.829895357079012,0.0,0.5,675920093.3436159,-6759.200933436159,0.6666666666666666
ACCT_000740,14399.045546820125,607,0,0,7,24345.665093215197,3.541323603413469,5827.376986135146,1235.0615940600992,7,6,4.0,4.168914266139148,3.0,3.9818871042720776,0.0,0.7142857142857143,0.6500890304311628,0.34988725463454595,0.875
ACCT_000741,32775.81186798578,463,0,0,4,16704.715683299608,3.6207790969535876,6864.230754424024,2325.116145001123,4,3,1.0,3.315983610977869,3.0,4.165382413205474,0.0,0.75,7.069664432372473,-6.066733766784647,0.8
ACCT_000742,17016.247154399225,661,0,0,6,25274.74682576133,3.6245355636231933,7307.716284173324,2679.433542344762,6,6,2.0,3.926686864878864,4.0,4.226033814620533,0.0,0.3333333333333333,1.9922642837441609,-0.9921468263499598,0.8571428571428571
ACCT_000743,34849.358925412664,584,0,0,5,20782.912357483467,3.6187364018379373,7817.6445905406,2749.713584645527,5,3,0.0,0.0,5.0,4.317706406173956,0.0,0.4,2078291235.7483466,-20782.912357483467,0.8333333333333334
ACCT_000744,47197.26994013409,760,0,0,4,16364.742126084984,3.6118491748024217,5313.6781999629475,1130.088099487641,4,3,3.0,4.072141402673553,1.0,3.658744984298614,0.0,0.25,0.38601446686520663,0.6139335356082875,0.8
ACCT_000745,36962.86494919456,852,0,0,5,14408.115117391582,3.4596371653982936,4896.3759873158215,1839.6906895592483,5,4,2.0,3.7450534821308663,3.0,3.9468641542857608,0.0,0.2,1.5915147624600945,-0.5914083916876118,0.8333333333333334
ACCT_000746,5127.599734012286,671,0,0,9,29339.234448392926,3.5132062681260106,7765.5239216379005,2617.186594536565,9,6,3.0,3.688153021718169,6.0,4.3884960711182766,0.0,0.3333333333333333,5.01583277009823,-4.015009526934743,0.9
ACCT_000747,17411.385225552272,594,0,0,7,27739.789636719448,3.5980051232854335,7346.536217832256,2319.35346042285,7,6,2.0,4.124305330768676,5.0,4.159142568344283,0.0,0.14285714285714285,1.0835207613345226,-0.08351448941971924,0.875
ACCT_000748,14952.681995243665,476,0,0,4,14116.884879146653,3.5476788818004583,6581.009721023601,2685.4041833693304,4,4,1.0,3.8182925323109806,3.0,3.877133695173971,0.0,0.25,1.1450940609612095,-0.1450720186646815,0.8
ACCT_000749,6653.929158376874,419,0,0,9,33852.39245889527,3.575346857672818,6938.233407866192,1805.8674568749766,9,7,3.0,3.87832226298806,6.0,4.419887461988604,0.0,0.5555555555555556,3.47988745511648,-2.479559324960126,0.9
ACCT_000750,985.4461799411141,697,0,0,3,17490.05992594368,3.7656700427785728,7245.410382456822,2210.8574368384798,3,3,1.0,3.860062989087933,2.0,4.010497106325981,0.0,0.0,1.413950209659971,-0.413893086746927,0.75
ACCT_000751,31935.824372327523,857,0,0,5,14851.985925307366,3.4728145246530446,5350.3668863591565,1568.92379466736,5,3,2.0,3.836410414037075,3.0,3.902580621679225,0.0,0.6,1.1645823585851025,-0.16455837694699543,0.8333333333333334
ACCT_000752,1393.0833162507608,482,1,1,11,383035.1100515494,4.541845899261532,49500.0,15771.63900835226,10,4,6.0,5.259651985413615,5.0,5.303651254230197,0.45454545454545453,1.0,1.1066219207932493,-0.10662133445658674,0.8333333333333334
ACCT_000753,13192.434960076625,816,0,0,2,13690.680142745161,3.835395028430843,6967.557510177375,172.84155951624382,2,2,1.0,3.8430805620641517,1.0,3.8275710330399026,0.0,0.0,0.9649181385439979,0.03507682576381102,0.6666666666666666
ACCT_000754,47927.08575580767,507,0,0,4,15300.50194587067,3.5826456871201002,6179.647530377501,2431.1832931910612,4,4,1.0,3.730569534580288,3.0,3.9966489749517002,0.0,0.25,1.84535293354302,-0.8451957604162219,0.8
ACCT_000755,20156.048169945952,744,0,0,7,32306.56169589499,3.6641926996202936,7522.09997872512,1882.636173566444,7,5,3.0,4.1346314028879805,4.0,4.27119797899593,0.0,0.7142857142857143,1.3695143139422101,-0.3694872150264357,0.875
ACCT_000756,34707.339524109375,515,0,0,5,22444.914595574242,3.6521479528847713,7472.360195487252,2293.6627528905665,5,3,2.0,3.801549539424726,3.0,4.207170712472434,0.0,0.0,2.5446096648078895,-1.5443657751000968,0.8333333333333334
ACCT_000757,41029.05307119023,726,0,0,7,34116.79545338446,3.6878701916760948,6715.8052470710145,1706.1226078618345,7,5,3.0,4.1055032400257145,4.0,4.329743536500444,0.0,0.42857142857142855,1.6758698821995577,-0.675816877421092,0.875
ACCT_000758,43247.75528138271,801,0,0,4,14133.710357827218,3.54819619574369,6154.65159838659,1867.6346624621603,4,3,2.0,3.725728714772355,2.0,3.9452691469905856,0.0,0.25,1.657831668392802,-0.6577079901073354,0.8
ACCT_000759,38174.867866853776,594,0,0,2,10467.344595158595,3.7188065261356287,6001.75167264608,1086.2282691984951,2,2,2.0,4.01983652179961,0.0,0.0,0.0,0.0,0.0,0.9999044739126698,0.6666666666666666
ACCT_000760,9603.522025841468,865,0,0,6,23621.684309238037,3.595159610723171,7681.483391704306,2561.2423165901782,6,6,2.0,3.752771357625445,4.0,4.254361261448499,0.0,0.3333333333333333,3.173875618036926,-2.1734915746762,0.8571428571428571
ACCT_000761,16968.188725894935,518,0,0,6,19448.295712896,3.5107302989842655,5657.452601117445,1915.3921926429407,6,6,1.0,3.752620924065675,5.0,4.139590817850988,0.0,0.5,2.4376418257005295,-1.4373877602252794,0.8571428571428571
ACCT_000762,11155.945482365883,906,0,0,6,34572.34061012075,3.760577532677682,7300.374197307632,1087.0008876865888,5,4,2.0,4.0844777150771545,4.0,4.350734344442657,0.0,0.5,1.8461059796572288,-0.8460363327521505,0.7142857142857143
ACCT_000763,32018.935078258208,641,0,0,4,23718.721268910853,3.7730312801760006,6666.515147074999,531.8132292835221,4,3,1.0,3.732218090674682,3.0,4.262946924899921,0.0,0.0,3.3941328215095274,-2.3936893726494493,0.8
ACCT_000764,35755.58856058413,722,0,0,2,1622.5011487769084,2.909155017301366,822.9912571711391,16.603832822793272,2,2,0.0,0.0,2.0,3.210185012965347,0.0,1.0,162250114.87769082,-1622.5011487769084,0.6666666666666666
ACCT_000765,43609.41729647367,654,0,0,9,35453.894869078285,3.5954214431187483,7823.103754724657,2423.1819119269935,9,6,5.0,4.376658989321036,4.0,4.0663035185911856,0.0,0.2222222222222222,0.48937809843147834,0.510600451614397,0.9
ACCT_000766,37518.705012980245,647,0,0,3,5130.444544082442,3.2330337428828826,2540.864221476816,737.1202178403457,3,3,1.0,3.1629673566119214,2.0,3.56526855312821,0.0,0.6666666666666666,2.5252314733029446,-1.5241841930821785,0.75
ACCT_000767,18878.637814219685,870,0,0,3,4824.036200561135,3.2062893034598936,2425.948046534268,1224.033770279918,3,2,2.0,3.419418170892097,1.0,3.341887309709745,0.0,0.6666666666666666,0.8365061479151373,0.16343163062860863,0.75
ACCT_000768,9681.687559893053,895,0,0,4,19947.37960893162,3.697825861269925,7500.458712600498,3146.2487273692,4,4,3.0,4.186937900180959,1.0,3.6597291810936197,0.0,0.5,0.29702382096771235,0.7029304727070427,0.8
ACCT_000769,21312.546882104172,493,0,0,9,36849.725426797515,3.6121917467701015,7827.918837858474,2014.9684138980467,9,6,1.0,3.2713414360448714,8.0,4.543843118833723,0.0,0.2222222222222222,18.72844329807547,-17.7189571012756,0.9
ACCT_000770,34340.88708094696,457,0,0,7,46725.2989922004,3.824454049068123,7782.789383971195,763.3569312954864,7,6,6.0,4.602746348855551,1.0,3.8236067892840087,0.0,0.5714285714285714,0.16628782018541408,0.8336913704018802,0.875
ACCT_000771,49690.73122330685,820,0,0,2,9190.03657416582,3.662287244114599,7082.730408786824,3518.156221793624,2,2,0.0,0.0,2.0,3.96331723977858,0.0,1.0,919003657.416582,-9190.03657416582,0.6666666666666666
ACCT_000772,29432.097856534077,700,0,0,9,37590.96807079311,3.6208410006956075,6939.267731787348,2207.922937984537,9,6,1.0,3.536267933782185,8.0,4.533432271002886,0.0,0.4444444444444444,9.93491912184852,-8.932320808357135,0.9
ACCT_000773,30720.429257623622,442,0,0,7,34662.49641359726,3.6947617976367892,7923.498332684131,2183.916563492885,7,5,3.0,4.1780703773691625,4.0,4.292122751271045,0.0,0.2857142857142857,1.3003263810508505,-0.30030645251092714,0.875
ACCT_000774,49299.10083686957,896,0,0,3,13267.079500215681,3.6456540768461267,6752.772322208003,2666.751475232981,3,3,0.0,0.0,3.0,4.12277533156579,0.0,0.0,1326707950.021568,-13267.079500215681,0.75
ACCT_000775,13029.357372509374,657,0,0,3,20331.19419497771,3.831041633857253,7136.921655810241,313.2430452729352,3,3,0.0,0.0,3.0,4.308162888576915,0.0,0.6666666666666666,2033119419.4977708,-20331.19419497771,0.75
ACCT_000776,10545.731372541724,437,0,0,2,6415.012394068095,3.5061675041225984,4587.394438686196,1951.4566659036304,2,2,1.0,3.661566083750924,1.0,3.261885416118716,0.0,0.0,0.39840000153144,0.6014688841996131,0.6666666666666666
ACCT_000777,25009.917756195944,734,0,0,6,14187.202246300445,3.3737455095001168,5014.334475340742,2053.1527031903042,6,6,4.0,4.030502726770079,2.0,3.539025689290899,0.0,0.3333333333333333,0.32249498250847003,0.6774418677795071,0.8571428571428571
ACCT_000778,28949.324484496297,734,0,0,2,9279.979125348123,3.6665170036414847,6939.267993972967,3251.6707412148467,2,2,2.0,3.967546999305466,0.0,0.0,0.0,0.0,0.0,0.9998922527476364,0.6666666666666666
ACCT_000779,18440.874766807436,781,0,0,5,17705.036982708774,3.549126833923859,6434.536170261766,2054.5922576338394,4,5,1.0,3.8085172465075416,4.0,4.051943214648569,0.0,0.4,1.7515638263127318,-0.7514470456295391,0.6666666666666666
ACCT_000780,26513.13670652226,438,0,0,7,31452.808517241905,3.6525613909779198,6036.748757241133,1344.3157793765538,7,5,4.0,4.309605530899872,3.0,4.04351811380698,0.0,0.2857142857142857,0.541891804305934,0.45808573897126786,0.875
ACCT_000781,46158.35964258138,432,0,0,7,31670.948162212022,3.6555630254243625,6456.17545806337,1768.0711128599457,7,4,0.0,0.0,7.0,4.50066106543862,0.0,0.14285714285714285,3167094816.221202,-31670.948162212022,0.875
ACCT_000782,41305.04124535538,736,0,0,6,24434.59997106711,3.609853983024326,7857.453448010045,3417.3773310421907,6,3,4.0,4.197858779524134,2.0,3.9376992143716647,0.0,0.0,0.549339002497344,0.4506324236401068,0.8571428571428571
ACCT_000783,28689.517254530267,785,0,0,7,31502.061374638237,3.653240933278176,7504.318068882858,2338.7194039911265,7,6,6.0,4.437302941950451,1.0,3.615980293363981,0.0,0.14285714285714285,0.150895869270051,0.8490731106496808,0.875
ACCT_000784,6026.257791149076,806,0,0,2,13902.35646292043,3.842058424165992,7166.076569589861,303.91214431438385,2,2,0.0,0.0,2.0,4.143088419829973,0.0,0.0,1390235646.292043,-13902.35646292043,0.6666666666666666
ACCT_000785,842.2740289585805,678,1,1,20,606030.4143773268,4.48146442464882,49500.0,13124.072419275515,18,4,10.0,5.4436096305721255,10.0,5.516282566485698,0.25,1.0,1.1821509508947303,-0.18215029506354805,0.8571428571428571
ACCT_000786,7768.364880032756,519,0,0,5,23501.753601501696,3.6721302643630374,7791.3850672682165,3334.8614078891037,5,5,0.0,0.0,5.0,4.371100268699056,0.0,0.4,2350175360.1501694,-23501.753601501696,0.8333333333333334
ACCT_000787,38519.762918496344,553,0,0,4,10467.803537003894,3.417795571742309,4647.178673613134,1353.7182437476133,4,3,1.0,3.292244667726695,3.0,3.9298200796661886,0.0,0.25,4.340856305605634,-3.3391526337158073,0.8
ACCT_000788,2638.4148923596304,828,0,0,4,19637.252543367533,3.6910207340414107,6140.306768240393,1734.7999507324641,4,3,2.0,3.8930152980879154,2.0,4.072643164674279,0.0,0.5,1.5122648785018795,-0.5121993529172196,0.8
ACCT_000789,35616.63171309967,804,0,0,6,25161.57464143935,3.622586565908241,6374.6310230011495,2043.5986263232019,6,5,3.0,4.176014311973416,3.0,4.0070745720611765,0.0,0.16666666666666666,0.6777355391383193,0.32224297373824995,0.8571428571428571
ACCT_000790,35059.51620414101,673,0,0,4,22954.37952128467,3.7588055665397406,7623.997943790965,1989.741274874487,4,3,2.0,4.173610153129594,2.0,3.905246842333451,0.0,0.25,0.5390594811000468,0.4609096151846455,0.8
ACCT_000791,41850.6260270963,482,0,0,3,11200.769599987105,3.572126609159886,7174.848212366056,3147.6422753153074,3,2,2.0,3.60486529035996,1.0,3.8558127177782766,0.0,0.3333333333333333,1.782163014063249,-0.7819687849941548,0.75
ACCT_000792,49809.99394452078,455,0,0,7,18754.06277930996,3.427997325462922,5161.285159742163,2079.961926198753,6,6,2.0,3.2228573147312085,5.0,4.232577388490234,0.0,0.42857142857142855,10.226336310962697,-9.220816715382353,0.75
ACCT_000793,25468.82070622809,811,0,0,3,13608.095976898952,3.6566761089426554,6665.122207450833,2560.1580316644536,3,3,1.0,3.8238081167708797,2.0,3.841545524495289,0.0,0.6666666666666666,1.041687390408207,-0.041681138351578176,0.75
ACCT_000794,9980.388223816697,505,0,0,7,25195.19939106122,3.5562197596330765,6706.637902016128,2375.3287379659246,7,4,2.0,4.0862291589292274,5.0,4.113905587396811,0.0,0.14285714285714285,1.0658017478242368,-0.06579635393139445,0.875
ACCT_000795,34856.08345286168,472,0,0,6,27839.167075196674,3.666504987018341,7658.090301564777,1742.6812641762049,6,6,1.0,3.508245102787109,5.0,4.391222421355696,0.0,0.3333333333333333,7.637958902184581,-6.6358999335687505,0.8571428571428571
ACCT_000796,35017.25779967791,717,0,0,8,37181.85101528558,3.66724101936148,7887.693008846773,2948.4983048161394,8,5,1.0,3.869280582759542,7.0,4.473939544705912,0.0,0.125,4.02400916657914,-3.023600623306478,0.8888888888888888
ACCT_000797,129.63429779382798,432,1,1,6,190400.34370069922,4.501516477631106,49500.0,17733.122710489846,6,4,3.0,5.0877826373120545,3.0,4.832508912706237,0.3333333333333333,1.0,0.5555539955077431,0.44444237339192255,0.8571428571428571
ACCT_000798,5518.410149537233,884,0,0,8,37196.79419970065,3.6674155248960214,7329.70032735316,2523.924573715981,8,6,7.0,4.4976349674836085,1.0,3.759347281099315,0.0,0.5,0.18268896420656994,0.8172850497860206,0.8888888888888888
ACCT_000799,49646.37664769013,781,0,0,9,34422.094360571224,3.5825947813508208,7153.572331804619,2211.00307991146,9,5,2.0,3.813717305739247,7.0,4.4457606249210135,0.0,0.2222222222222222,4.285912679157377,-3.2854081731267835,0.9
ACCT_000800,41011.53421882273,593,0,0,3,21301.705119513328,3.8512931137123516,7826.738930792767,868.2550132295231,3,3,1.0,3.893580847706807,2.0,4.129527684131837,0.0,0.6666666666666666,1.7216578054608895,-0.7215656152901054,0.75
ACCT_000801,790.6100970681689,724,0,0,3,18187.3415359064,3.7826479676718328,6618.208008152109,926.4841331746145,3,2,1.0,3.8207404127744247,2.0,4.0633008336098,0.0,0.3333333333333333,1.7480764424483206,-0.7479634290846732,0.75
ACCT_000802,1185.6592112767332,881,1,1,14,406699.6382645176,4.463145750447043,49000.0,15249.985743053508,11,4,7.0,5.3222144487028045,7.0,5.293808734890348,0.2857142857142857,1.0,0.9366865542728973,0.06331314418797124,0.7333333333333333
ACCT_000803,19219.196195035613,763,0,0,5,22043.546131760228,3.6443114561510894,7565.8031242419465,1794.8672718256273,5,5,0.0,0.0,5.0,4.343281460487108,0.0,0.4,2204354613.1760225,-22043.546131760228,0.8333333333333334
ACCT_000804,41696.31558161204,647,0,0,3,11140.452794659119,3.569781588023395,5292.3241052872145,2666.07436420875,3,3,1.0,2.8029849993120144,2.0,4.021402001925579,0.0,0.6666666666666666,16.535487212512987,-15.51107246722627,0.75
ACCT_000805,910.9127213766284,684,1,1,11,359580.73179043754,4.514403726764791,48000.0,13857.809434561217,9,4,6.0,5.340479817836792,5.0,5.147870174874698,0.2727272727272727,1.0,0.641786174242569,0.3582121901904886,0.75
ACCT_000806,15389.047723746735,452,0,0,6,26901.28509238617,3.6516217766522674,7968.263094004728,2905.2496738835184,6,4,1.0,3.901363665072789,5.0,4.277219939503857,0.0,0.3333333333333333,2.3760538214238927,-1.3758811542594818,0.8571428571428571
ACCT_000807,39178.96489609978,905,0,0,9,23706.86133515996,3.4206315500196487,7978.209379833292,2564.1794950943427,9,6,3.0,3.4638165748477254,6.0,4.3180084873052875,0.0,0.3333333333333333,7.148121255745075,-6.146008878126491,0.9
ACCT_000808,28409.227621683494,808,0,0,5,29583.03470899739,3.772072718731535,7810.4085382052635,2215.185918185177,5,4,1.0,3.723255162992571,4.0,4.385525420828578,0.0,0.6,4.594838559935525,-3.5941588297602234,0.8333333333333334
ACCT_000809,21474.681354532833,522,0,0,3,8711.301149866587,3.46296177284871,6449.958045928847,3122.057235533501,3,3,1.0,3.8095568897545156,2.0,3.354366460992915,0.0,0.3333333333333333,0.35059810999221896,0.6493012219533053,0.75
ACCT_000810,34633.63166443928,444,0,0,5,24831.665312107936,3.696035841743194,7133.044490250359,2412.096371555751,5,5,3.0,4.050197659182551,2.0,4.133742372275414,0.0,0.8,1.2121174756758044,-0.21209858205103982,0.8333333333333334
ACCT_000811,2088.5116566845527,672,0,0,3,10630.80480158913,3.5494448891694548,7317.706719283676,3268.5418065200925,3,2,1.0,3.213523342087013,2.0,3.9540390080793686,0.0,0.0,5.501937635315741,-4.4991859086917625,0.75
ACCT_000812,18625.06912450637,864,0,0,3,14554.36582180872,3.6858720319298235,6987.43275058473,2569.853311382627,3,2,2.0,3.878919892692736,1.0,3.8443176411176627,0.0,0.6666666666666666,0.9234167496370241,0.07657312970204906,0.75
ACCT_000813,17328.658700183645,750,0,0,4,20877.420866147597,3.717616854880401,6764.232404952435,1243.8480584078118,4,4,0.0,0.0,4.0,4.319676846208363,0.0,0.25,2087742086.6147594,-20877.420866147597,0.8
ACCT_000814,34526.7289709548,763,0,0,3,10105.005906433471,3.527415316979331,7705.01720720659,3762.886777206824,3,3,2.0,3.938128401281092,1.0,3.156192712465888,0.0,0.6666666666666666,0.16522064402034675,0.8346831074546776,0.75
ACCT_000815,42136.34004392151,874,0,0,9,52958.296568419115,3.7696914979055807,7736.910364814617,1671.2814789092035,9,6,3.0,4.1789832488986285,6.0,4.578158555558346,0.0,0.3333333333333333,2.5071210678775686,-1.5070212682530182,0.9
ACCT_000816,37349.66560719109,566,0,0,4,12443.915018968299,3.4928970452682058,5796.015516226189,1882.018019986147,4,4,1.0,3.446127499444628,3.0,3.9845521203932477,0.0,0.5,3.454813590841493,-2.4539351157303426,0.8
ACCT_000817,45356.775478575204,645,0,0,7,31541.927236338954,3.653790185520685,6661.811689637246,1673.070960658878,7,5,2.0,3.9717199037514157,5.0,4.345811764301484,0.0,0.2857142857142857,2.3664201794941513,-1.3662743617104967,0.875
ACCT_000818,5935.427885424291,415,0,0,4,13465.082724728534,3.5271490345801877,6140.438671554592,2304.0602128497767,4,4,1.0,3.322151318913933,3.0,4.055585160405075,0.0,0.25,5.412947805601423,-4.410847099219722,0.8
ACCT_000819,37635.16238506199,722,0,0,5,14766.752989018003,3.4703150059401606,6638.217546430396,2556.9373181673595,5,2,4.0,4.013401038482602,1.0,3.6486890273436225,0.0,0.0,0.43180531974284375,0.5681395922175616,0.8333333333333334
ACCT_000820,17918.803073418138,424,0,0,9,27514.86674386815,3.485324904399005,5476.642384702211,1745.9869025103405,9,7,7.0,4.337132083655725,2.0,3.7620214518813273,0.0,0.2222222222222222,0.2660047354258093,0.733961493663978,0.9
ACCT_000821,26637.500092311067,549,0,0,8,30219.32074766468,3.5771947113017184,6292.006000404281,2125.896753009298,8,7,2.0,3.543011705855156,6.0,4.426963594490987,0.0,0.375,7.655117962338816,-6.653212437176968,0.8888888888888888
ACCT_000822,48277.46402219645,474,0,0,3,16273.721808765667,3.734365632953781,6189.361060839701,735.7796045140357,3,2,0.0,0.0,3.0,4.211486887673443,0.0,0.6666666666666666,1627372180.8765666,-16273.721808765667,0.75
ACCT_000823,1228.3980783447016,455,1,1,17,378071.15939470514,4.347124627728616,49500.0,13707.813001568935,16,4,9.0,5.280389148656822,8.0,5.2726636017667765,0.11764705882352941,1.0,0.9823685562689868,0.017631351231732196,0.8888888888888888
ACCT_000824,17943.569355391566,677,0,0,8,30825.495767749835,3.5858200831084823,6878.136174719778,2427.2365415735144,7,5,3.0,4.049537563930538,5.0,4.292638173226305,0.0,0.25,1.7502521060680472,-0.7501851760747451,0.7777777777777778
ACCT_000825,39986.74870912377,876,0,0,8,36593.958863706895,3.6603194085470965,7338.140807393191,2343.011794169275,8,7,5.0,4.372582405069264,3.0,4.114339473706887,0.0,0.375,0.5517687097708128,0.44821228353024584,0.8888888888888888
ACCT_000826,6980.04120125708,831,0,0,9,32465.620615194755,3.5571811998541034,7782.985962447131,2603.309787668923,8,6,6.0,4.211875243689714,3.0,4.208907112248063,0.0,0.6666666666666666,0.9931889254075854,0.00681065585038244,0.8
ACCT_000827,16365.271390024154,753,0,0,7,28818.58142345131,3.614574559117077,7331.320438812865,2186.70179743992,7,4,2.0,4.08335584368542,5.0,4.222786079121958,0.0,0.5714285714285714,1.3785744814320993,-0.378543239071993,0.875
ACCT_000828,37092.37784504476,441,0,0,7,35519.27479625071,3.7053660501102748,7444.699088080859,2785.143786291427,7,5,2.0,4.061184201286936,5.0,4.3803268369055175,0.0,0.5714285714285714,2.085175604415722,-1.0850813569340076,0.875
ACCT_000829,46987.08681722954,775,0,0,4,15721.398872592501,3.5944311951348835,7587.235309249996,3789.8844505260113,4,4,1.0,3.8323463358469736,3.0,3.9505568341788107,0.0,0.5,1.3128360618370887,-0.31279004800934074,0.8
ACCT_000830,10168.079658490444,457,0,0,8,39281.97784907284,3.691103359417099,7809.836902583741,2093.7022470268626,8,6,3.0,4.243602258648279,5.0,4.337643484861968,0.0,0.5,1.2417701786393394,-0.241756382633097,0.8888888888888888
ACCT_000831,41387.56184973124,489,0,0,5,24752.264544554542,3.694644933649295,7607.530309043155,2212.1854941804327,5,4,1.0,3.8812436912995407,4.0,4.2341307574039835,0.0,0.6,2.2536530932508705,-1.2534883267971926,0.8333333333333334
ACCT_000832,29518.532963052305,425,0,0,5,19789.15841777329,3.5974573208310248,7127.268200245725,2526.4616413774793,5,5,3.0,3.8297647976195206,2.0,4.115010710013093,0.0,0.2,1.9286166499473478,-0.9284792462617947,0.8333333333333334
ACCT_000833,29855.243267040532,416,0,0,9,29660.618678518957,3.5179376961156343,7739.529425943992,2512.980839618811,9,7,2.0,3.739674650062673,7.0,4.383264526311835,0.0,0.5555555555555556,4.401390233739277,-3.4007709394005654,0.9
ACCT_000834,12782.188937592307,762,0,0,2,6994.627648879059,3.5437346046018487,6329.497595401024,4005.3127000267214,2,1,1.0,3.801369239210992,1.0,2.822906571597184,0.0,1.0,0.10508417807291255,0.8947744559666266,0.6666666666666666
ACCT_000835,927.4581359227315,413,0,1,13,487020.89205715514,4.573604239524889,49500.0,13558.46037660251,11,4,7.0,5.469930912439708,6.0,5.283181133043506,0.46153846153846156,1.0,0.6505043732208619,0.3494944423271946,0.7857142857142857
ACCT_000836,24803.21077225398,900,0,0,8,32641.007555146512,3.6106735689994016,7517.268269855678,2138.7539123753763,8,7,2.0,3.8429876356018213,6.0,4.409509449903538,0.0,0.625,3.685715539444438,-2.6853300574684416,0.8888888888888888
ACCT_000837,1220.105330368221,667,0,1,10,388281.8559068285,4.589147096794694,49169.393382080845,13360.419137559598,10,3,5.0,5.289757632175786,5.0,5.286470349536099,0.5,1.0,0.9924593265625604,0.007540634691920018,0.9090909090909091
ACCT_000838,2804.7351527024994,815,0,0,5,15385.549690303058,3.4881430128675905,6132.561478814103,2209.2949504013422,5,4,0.0,0.0,5.0,4.187113017203609,0.0,0.0,1538554969.0303056,-15385.549690303058,0.8333333333333334
ACCT_000839,20274.22421646612,836,0,0,3,16483.77160924386,3.739935333811106,6223.073852889036,632.9366043996217,3,2,0.0,0.0,3.0,4.2170565885307685,0.0,0.3333333333333333,1648377160.924386,-16483.77160924386,0.75
ACCT_000840,4779.371619206377,512,0,0,6,24748.511495990257,3.6153978329458334,7454.438317790367,3161.900433688892,6,4,2.0,4.025176934493,4.0,4.150807321279536,0.0,0.8333333333333334,1.335458468372271,-0.3354268161975581,0.8571428571428571
ACCT_000841,49571.06439412987,436,0,0,9,34150.48908754975,3.579154418387978,7596.90629598991,2728.5445591563425,9,6,2.0,3.914250960414902,7.0,4.41400733570083,0.0,0.7777777777777778,3.1605042215256924,-2.16024104636339,0.9
ACCT_000842,11962.601757191616,703,0,0,5,21518.992737545865,3.633851934648874,7048.105931213621,2398.8533167179958,5,4,1.0,3.8199530578021452,4.0,4.173558388268766,0.0,0.8,2.2573834142265454,-1.2571931131972165,0.8333333333333334
ACCT_000843,41972.76725508348,558,0,0,2,6620.368425571829,3.5198521630718798,5198.557872421513,2670.563640284778,2,2,0.0,0.0,2.0,3.820882158735861,0.0,0.0,662036842.5571828,-6620.368425571829,0.6666666666666666
ACCT_000844,49948.86191714771,531,0,0,8,26776.206417930403,3.524659060349359,7020.081490837354,2044.9769696004275,8,6,6.0,4.230610659877658,2.0,3.989888969672154,0.0,0.375,0.5744844919712029,0.4254904881581723,0.8888888888888888
ACCT_000845,22409.997887095476,634,0,0,9,42961.193516502084,3.678833828671886,7766.835844307895,2289.9615278467973,9,6,1.0,3.0045570307425615,8.0,4.622738645912243,0.0,0.2222222222222222,41.51276021147112,-40.47271036977379,0.9
ACCT_000846,26382.772436612013,797,0,0,2,7845.0494538645235,3.593565689986543,5730.474882341019,2556.8276298736096,2,2,1.0,3.7581906132823213,1.0,3.3252230053637915,0.0,0.0,0.36900511934005814,0.6308847870830416,0.6666666666666666
ACCT_000847,508.9119297061583,477,0,0,2,4861.327047342862,3.3857248436945557,2553.202627163986,173.29646208021174,2,1,1.0,3.4070852826331537,1.0,3.36325921589648,0.0,0.0,0.904011450788201,0.0959509650404003,0.6666666666666666
ACCT_000848,1561.4101390416952,906,1,1,7,185236.39445624148,4.422628279041577,49141.15128123222,16569.09197966303,6,4,4.0,5.08665711362602,3.0,4.800392985476562,0.2857142857142857,1.0,0.517292130765452,0.4827039153101413,0.75
ACCT_000849,49549.73112808316,858,0,0,5,22654.55226964492,3.6561854791403845,7573.846153552789,2944.545549915249,5,4,2.0,4.161805237180886,3.0,3.9106215635043426,0.0,0.2,0.5608107450094622,0.4391589982532408,0.8333333333333334
ACCT_000850,43065.094073966495,723,0,0,2,9302.629224819266,3.6675757159493574,7515.409272992122,4050.4415129161225,2,2,1.0,3.2521780040929675,1.0,3.875952636308446,0.0,0.5,4.2050835563121325,-3.2032912479877558,0.6666666666666666
ACCT_000851,28228.944460258997,844,0,0,7,32970.39169404505,3.6730260666542796,7961.250260198858,2222.002980381442,7,6,2.0,4.1277225031714435,5.0,4.291176063380891,0.0,0.5714285714285714,1.4569798981672746,-0.4569458472838474,0.875
ACCT_000852,13254.217421269504,755,0,0,7,32159.49999003952,3.6622112477843323,7586.2241063591755,1988.6268782989484,7,4,5.0,4.2672575543692055,2.0,4.135318535105604,0.0,0.5714285714285714,0.7380078485983832,0.2619779928284246,0.875
ACCT_000853,39207.20067358481,702,0,0,5,21196.748891796433,3.627299250619749,7033.4850343617,2525.1120389966195,5,5,2.0,3.918388552972026,3.0,4.110923434579183,0.0,0.2,1.557883153781547,-0.5578158421430954,0.8333333333333334
ACCT_000854,32173.15926731339,579,0,0,6,14076.087996443708,3.3703307227731503,3961.4986125924775,1240.5809688624302,6,5,3.0,3.9458025610576626,3.0,3.720101620086602,0.0,0.16666666666666666,0.5947015337225617,0.40525255392214216,0.8571428571428571
ACCT_000855,29752.19675115903,619,0,0,2,5778.396881020137,3.4607773717710955,4572.0298123771345,2379.8829492813265,2,2,1.0,3.660109053593032,1.0,3.0814794733351896,0.0,0.5,0.2638580926875441,0.7359809320780717,0.6666666666666666
ACCT_000856,12192.074588018282,749,0,0,4,16236.83338425096,3.6084413428233755,7846.507641524076,3677.2902995564223,4,4,1.0,3.8169229683105304,3.0,3.985720295298914,0.0,0.25,1.475018020988352,-0.47494562617773434,0.8
ACCT_000857,7731.83043043191,567,0,0,2,6385.129030098211,3.504139682206941,4522.5981220965,1880.9515654984332,2,2,1.0,3.655387998068675,1.0,3.270103488434136,0.0,0.5,0.4118276383620037,0.5880423376031376,0.6666666666666666
ACCT_000858,6318.067028052937,630,0,0,9,30504.05118037648,3.5301150114958553,7240.6754519235,2295.142539791172,9,6,3.0,3.8330177977692417,6.0,4.374676481781392,0.0,0.4444444444444444,3.4806366060467675,-2.480272292375168,0.9
ACCT_000859,3361.852409381571,639,0,0,8,33110.01552505256,3.6168693973977892,7597.842988747072,3041.6515038109856,8,5,3.0,4.0624166026080895,5.0,4.3337376405772305,0.0,0.25,1.8677598593245053,-0.8676847081119324,0.8888888888888888
ACCT_000860,28155.27698053829,468,0,0,6,18536.962080905563,3.4898873111614126,5916.168236095003,2168.3453257746824,6,5,3.0,3.593097663126742,3.0,4.1649076328824775,0.0,0.3333333333333333,3.7308687292897593,-2.7301719641651414,0.8571428571428571
ACCT_000861,47487.08608143817,467,0,0,6,32706.791969664384,3.736486698259912,7839.679771344264,2356.653956710086,6,5,1.0,3.643731918139922,5.0,4.4518472318546936,0.0,0.3333333333333333,6.428583847256351,-5.4273511658069555,0.8571428571428571
ACCT_000862,8476.885117273978,640,0,0,8,24633.735927407924,3.488440294502825,6769.202653215207,2687.962413136879,8,5,2.0,3.9966463005755357,6.0,4.167632167306749,0.0,0.625,1.4824698387708775,-0.48242122416605415,0.8888888888888888
ACCT_000863,14027.929889098597,871,0,0,7,26021.514883817646,3.5702345360903207,7959.867483444042,2716.22913144848,7,6,1.0,3.619549976457668,6.0,4.33959330393681,0.0,0.42857142857142855,5.24859819126449,-4.247578224447847,0.875
ACCT_000864,21059.46982067779,812,0,0,6,17093.620139958155,3.454682798312071,6407.143537261367,2010.3782099281784,6,4,2.0,3.5021198685575,4.0,4.143510335111949,0.0,0.0,4.37915649122462,-3.37809345965509,0.8571428571428571
ACCT_000865,44879.58206247141,467,0,0,8,32022.398469456362,3.6023638703552217,6967.888500906023,2177.459553694752,8,4,3.0,4.16566882195627,5.0,4.2400020811596795,0.0,0.0,1.1866790053072167,-0.1866662594399078,0.8888888888888888
ACCT_000866,30149.045427181336,629,0,0,3,14631.140924439856,3.6881569386557347,6561.408682802801,1705.7067091264873,3,3,1.0,3.6918736713541906,2.0,3.9873165714588406,0.0,0.3333333333333333,1.9744352647772008,-0.9742372114053932,0.75
ACCT_000867,47799.722170483044,827,0,0,2,5829.951524855601,3.4646349480186616,4848.876146320446,2734.948151179515,2,2,0.0,0.0,2.0,3.7656649436826424,0.0,0.5,582995152.48556,-5829.951524855601,0.6666666666666666
ACCT_000868,18036.561215734622,567,0,0,4,26297.322064611384,3.817851533900324,7728.344127955171,1489.1801860764028,4,3,2.0,4.151703740358497,2.0,4.083374456549137,0.0,0.75,0.8544186430034683,0.1455710910999077,0.8
ACCT_000869,20587.123813999602,745,0,0,3,7598.6721848576535,3.4036164542492497,5472.382471009989,2670.1972541375258,3,3,1.0,3.27162257703353,2.0,3.7581254445675243,0.0,0.3333333333333333,3.065510903732314,-2.0644064025852127,0.75
ACCT_000870,1138.6692995334895,796,1,1,6,198190.60795412643,4.5189318194914305,49000.0,14472.576469079173,6,4,3.0,5.019038812001152,3.0,4.9717824581609324,0.3333333333333333,1.0,0.8968992195724256,0.10309979356481008,0.8571428571428571
ACCT_000871,10895.429228751524,437,0,0,2,11212.800324024603,3.748684092702098,7922.849527274825,3275.954108904808,2,2,0.0,0.0,2.0,4.049714088366079,0.0,1.0,1121280032.4024603,-11212.800324024603,0.6666666666666666
ACCT_000872,29635.540080619732,776,0,0,6,26863.08834314693,3.651004689940298,7807.81305501056,2364.666591354267,6,4,2.0,3.753029512350701,4.0,4.326342224801706,0.0,0.16666666666666666,3.7438006183359995,-2.7433161778563986,0.8571428571428571
ACCT_000873,36627.22158574056,431,0,0,9,55896.146731770554,3.7931393608655464,7908.916424202226,1895.048251685877,9,7,5.0,4.448926463029692,4.0,4.443761932488881,0.0,0.3333333333333333,0.9881786562757976,0.011820922912486938,0.9
ACCT_000874,15724.29878819067,682,0,0,4,15141.130840482543,3.5780983210514847,5255.973415084109,1683.6171678526377,4,2,3.0,4.025448871757479,1.0,3.6568300230852837,0.0,0.5,0.4279382939140435,0.5720077604523643,0.8
ACCT_000875,28407.282793736504,761,0,0,3,13529.965413410062,3.654175431694342,7262.3463070560865,3411.402543093664,3,3,1.0,3.8610769545269603,2.0,3.7971025957999056,0.0,0.3333333333333333,0.8630294993828743,0.13695164166078222,0.75
ACCT_000876,39725.23537110634,627,0,0,6,16589.25937013419,3.4416757469340364,6123.938557001822,2314.318195426273,6,5,4.0,3.9790169894438177,2.0,3.8488615980325735,0.0,0.16666666666666666,0.741045045721877,0.2589277789944718,0.8571428571428571
ACCT_000877,25310.01622404996,858,0,0,2,2378.977333071991,3.0753603084293366,2064.8541329312484,1237.9537146092164,2,2,1.0,2.4971000131925685,1.0,3.314889377299644,0.0,0.0,6.573389250689539,-5.555703077426803,0.6666666666666666
ACCT_000878,8944.544567957975,597,0,0,2,11085.45628653939,3.7437235780741123,5565.829110031621,32.669700498646115,2,2,2.0,4.0447535737380935,0.0,0.0,0.0,0.5,0.0,0.9999097998518053,0.6666666666666666
ACCT_000879,45502.24621283242,412,0,0,7,29780.32851786691,3.6288314442920906,6827.541718153283,2283.3139294937773,7,5,4.0,4.311187303658026,3.0,3.9688122471225746,0.0,0.2857142857142857,0.4545953020440985,0.5453780591975375,0.875
ACCT_000880,19979.781826476996,729,0,0,8,32110.06161658058,3.6035511519509296,7803.442232205806,2836.8247826342363,8,7,3.0,4.263803401429547,5.0,4.138397128285122,0.0,0.5,0.7491930270461163,0.25079331060031035,0.8888888888888888
ACCT_000881,48160.58596293129,760,0,0,5,23522.200418656197,3.672507941681219,5856.945004442663,1833.0750997421947,5,5,3.0,4.209174468759619,2.0,3.865394104739667,0.0,0.2,0.45312668168549,0.5468395360283753,0.8333333333333334
ACCT_000882,10928.770575593358,613,0,0,7,27133.30430416611,3.5884046455159497,7525.5190956381675,2052.303204625442,7,6,4.0,4.175929522991089,3.0,4.084178955558604,0.0,0.2857142857142857,0.8095607280161295,0.19042657161051052,0.875
ACCT_000883,37571.96915910522,594,0,0,3,16241.102164898988,3.7334942435778395,6570.766940858519,1421.087782087791,3,3,0.0,0.0,3.0,4.210615498297502,0.0,0.3333333333333333,1624110216.4898987,-16241.102164898988,0.75
ACCT_000884,25808.07322945703,568,0,0,5,20213.264925746706,3.6066664637915515,6013.703539274673,1853.2442804318023,5,4,0.0,0.0,5.0,4.30563646812757,0.0,0.0,2021326492.5746703,-20213.264925746706,0.8333333333333334
ACCT_000885,41966.6324465093,840,0,0,6,28257.83363535767,3.6729876135594193,7903.617888138089,1969.9702479961593,6,4,2.0,4.051431229687592,4.0,4.230464547088719,0.0,0.6666666666666666,1.510196004803805,-0.5101506885092696,0.8571428571428571
ACCT_000886,13469.727256969172,624,0,0,7,25296.12447987875,3.557955949701938,5486.071828264302,1408.0947507620838,7,7,3.0,4.000704817080959,4.0,4.184120008643495,0.0,0.14285714285714285,1.5255104645808222,-0.5254580055107956,0.875
ACCT_000887,15093.768993061964,696,0,0,7,20856.919034405095,3.47415211521818,5880.22148535231,2205.8100327845004,7,6,5.0,4.236127288730859,2.0,3.5602876160446972,0.0,0.5714285714285714,0.21094067289375476,0.7890135173146617,0.875
ACCT_000888,38398.82433750623,681,0,0,4,18445.882841428607,3.663839454571829,7681.166077298574,2824.119239162046,4,4,2.0,3.934965489186251,2.0,3.9928463126646765,0.0,0.75,1.1425647545807407,-0.1425481983514596,0.8
ACCT_000889,35573.807332156095,682,0,0,6,19119.718164706064,3.5033302358610885,5801.232796292252,1881.5276434333239,6,3,3.0,4.138767552196424,3.0,3.7287588874603426,0.0,0.16666666666666666,0.3890373828357351,0.610918233995977,0.8571428571428571
ACCT_000890,16140.586388548685,746,0,0,5,24540.9620310544,3.690921579180845,7448.931389832605,2021.7667604004266,5,4,2.0,4.106470371638973,3.0,4.07050856106681,0.0,0.4,0.9205305137790489,0.07946326685157,0.8333333333333334
ACCT_000891,451.03108199414635,727,1,1,6,173101.70208379126,4.4601500878670475,48483.84039913536,18317.884779281685,5,3,3.0,4.900601188839414,3.0,4.971084849542188,0.3333333333333333,1.0,1.1762067317228737,-0.17620451665592748,0.7142857142857143
ACCT_000892,4827.666376120189,862,0,0,3,9884.100191361893,3.5178158843105685,6956.984829978002,3176.2361617765414,3,2,0.0,0.0,3.0,3.9949371390302306,0.0,0.0,988410019.1361892,-9884.100191361893,0.75
ACCT_000893,39228.357538303426,782,0,0,5,18902.91365508511,3.577558746228696,4921.745495164332,1615.7618178242965,5,5,3.0,4.16205760042418,2.0,3.6414613608603763,0.0,0.6,0.301580849451798,0.6983710632351153,0.8333333333333334
ACCT_000894,7017.613929858179,630,0,0,5,23535.746844779223,3.6727579797138734,7671.4042117650215,2628.0302127954556,5,2,2.0,4.029893896434531,3.0,4.107995444837814,0.0,0.4,1.1970203893735003,-0.19700200070214927,0.8333333333333334
ACCT_000895,19629.12091387226,497,0,0,4,12558.247824694266,3.4968690578542514,6679.020586523767,2446.953184767013,4,4,3.0,3.7693202464412163,1.0,3.8247127820782834,0.0,0.0,1.1360371532844127,-0.136014020540149,0.8
ACCT_000896,152.27420916335223,446,1,1,14,398519.43576348125,4.454321471080238,49000.0,13345.60325557029,13,4,7.0,5.339354740472762,7.0,5.255436738628415,0.21428571428571427,1.0,0.824293733313188,0.17570546232601406,0.8666666666666667
ACCT_000897,28420.29016297158,575,0,0,7,24763.94723416509,3.548721829953676,6810.397487180107,2476.2103932828472,7,6,2.0,3.878660646112144,5.0,4.235567072141957,0.0,0.42857142857142855,2.274607283461676,-1.2744387638012928,0.875
ACCT_000898,770.5989112647652,799,0,1,6,171284.97444398058,4.45556801683011,49000.0,16756.872296737747,6,3,3.0,4.945886795634913,3.0,4.919078092376074,0.3333333333333333,1.0,0.9401373281618218,0.059861993677534975,0.8571428571428571
ACCT_000899,33525.45746229499,667,0,0,5,21457.407385610815,3.632607242364615,6795.512295716761,2655.033125487898,5,4,2.0,4.035592206837785,3.0,4.025443001350582,0.0,0.2,0.9769015397337067,0.02309633146830653,0.8333333333333334
ACCT_000900,47553.53441849334,485,0,0,8,30565.618014433596,3.5821431943393125,7824.096196076212,2137.5496567852397,8,6,2.0,3.8656323773802113,6.0,4.365987402707278,0.0,0.375,3.164863798940825,-2.164568859617938,0.8888888888888888
ACCT_000901,23861.7004477857,780,0,0,3,3156.7018624924294,3.0221123117818056,1427.085032897908,349.2220072357331,3,3,1.0,2.9971839828077287,2.0,3.3350896484721098,0.0,0.3333333333333333,2.177236775295794,-1.1760530936712752,0.75
ACCT_000902,662.5045542666633,440,0,0,6,28195.37138456531,3.6720265690303586,7951.5640845007665,2650.2697817957487,6,5,3.0,4.2339787958410735,3.0,4.043622977602279,0.0,0.3333333333333333,0.6451254596442689,0.3548538351951561,0.8571428571428571
ACCT_000903,29620.70436987436,683,0,0,7,28394.594908427684,3.6081376371859055,7256.0389661066765,2345.8878864557814,7,4,1.0,3.8606996062901415,6.0,4.325075315625028,0.0,0.42857142857142855,2.9132362728381014,-1.9129726381588044,0.875
ACCT_000904,42522.04630964637,779,0,0,4,16329.34059193697,3.610908656172623,5295.533463479588,1199.6977151570766,4,4,2.0,3.9235681770285313,2.0,3.8999891228526917,0.0,0.25,0.94715475807987,0.05283894013251402,0.8
ACCT_000905,48467.50694850036,740,0,0,6,20258.2088253519,3.528449793224303,7486.394836421344,2786.685480311386,6,6,2.0,3.8258679499848465,4.0,4.132304501815705,0.0,0.5,2.025053732351393,-1.0249006922462567,0.8571428571428571
ACCT_000906,42722.56551833949,520,0,0,4,7510.61548257799,3.2736155368525846,2974.7835651375035,792.2753329367504,4,3,2.0,3.6905183450465078,2.0,3.4161373869338956,0.0,0.75,0.5316417036102428,0.468262802354501,0.8
ACCT_000907,41582.85277643805,645,0,0,6,31187.91842144731,3.715835139178024,7849.1197065129045,2411.2840523127447,6,5,2.0,4.086116785269621,4.0,4.278633445464369,0.0,0.6666666666666666,1.5578177926600947,-0.5577720493242522,0.8571428571428571
ACCT_000908,37033.51924980828,793,0,0,9,23149.485100262726,3.4102988262774327,7273.362057654501,2265.620595498066,9,7,6.0,4.242495081754247,3.0,3.753686481542284,0.0,0.2222222222222222,0.32448258977343414,0.6754787629670144,0.9
ACCT_000909,44267.366776089235,587,0,0,3,13984.317511282394,3.6685200212566245,6697.366134783961,3250.9799874343703,3,3,0.0,0.0,3.0,4.145641275976287,0.0,0.6666666666666666,1398431751.1282392,-13984.317511282394,0.75
ACCT_000910,21061.811462892027,846,0,0,5,24701.221247130416,3.693748421303337,7250.431284404714,1638.4848630784113,5,3,2.0,4.06765722692997,3.0,4.114459326099239,0.0,0.6,1.1137868826751165,-0.11377714724155197,0.8333333333333334
ACCT_000911,29627.943251919693,603,0,0,4,15173.5275039474,3.5790265648978266,5988.682943817492,2348.27752333376,4,3,2.0,3.740655135997665,2.0,3.9854185089691643,0.0,0.5,1.7569660601711605,-0.7568285508022383,0.8
ACCT_000912,14177.656112467468,625,0,0,4,16147.116717333765,3.606034993200274,7793.4817736084005,3483.548277576105,4,4,1.0,3.290821042729708,3.0,4.152092023661638,0.0,0.5,7.26559153733734,-6.262385904744678,0.8
ACCT_000913,109.08294161399188,822,1,1,13,427243.8598207211,4.516732477622765,49000.0,19669.298825261452,13,4,7.0,5.420021793655924,6.0,5.2153833650786305,0.5384615384615384,1.0,0.6242543414793515,0.375744230028881,0.9285714285714286
ACCT_000914,5687.589010806267,737,0,0,9,35870.265600893,3.6004920829761224,6632.3940240373895,2372.0089294337213,9,6,5.0,4.3343869370396035,4.0,4.154533169112388,0.0,0.3333333333333333,0.660915948432899,0.3390683512370335,0.9
ACCT_000915,28862.51593072936,524,0,0,6,33848.45336302147,3.75138757887826,7720.873667611024,2282.311207366653,6,5,2.0,3.9543485243512855,4.0,4.395260957694194,0.0,0.5,2.760021294837899,-1.7598258094289883,0.8571428571428571
ACCT_000916,8666.912536218073,747,0,0,3,7635.42872707718,3.4057121728648405,5233.744451706573,2412.851937279552,3,3,2.0,3.763562640607345,1.0,3.263311762175555,0.0,0.3333333333333333,0.3160451432672615,0.6838369898072442,0.75
ACCT_000917,21009.158325932203,822,0,0,8,32258.174892569088,3.6055498051834856,5953.0847827876105,1627.991283297274,7,4,4.0,4.279142524178312,4.0,4.121925778361493,0.0,0.375,0.6962789311309083,0.3037050983322514,0.7777777777777778
ACCT_000918,18406.716908306622,799,0,0,9,41727.87136275396,3.666183721450461,7435.808132138894,2247.2810066277925,8,7,2.0,3.932964018741957,7.0,4.520590985205103,0.0,0.3333333333333333,3.8692515563740604,-2.8689167851845765,0.8
ACCT_000919,23608.994223575726,622,0,0,6,27612.132499061758,3.66294869833499,7511.3568348134895,2568.4747483134292,6,6,2.0,3.889010154749894,4.0,4.298139580592909,0.0,0.16666666666666666,2.565248399284416,-1.5650463255237324,0.8571428571428571
ACCT_000920,231.005737922132,729,1,1,21,675089.8539452631,4.507142286208986,49500.0,13301.129046213055,17,4,11.0,5.499559248327502,10.0,5.555315597733026,0.23809523809523808,1.0,1.1369892260446983,-0.13698879244423096,0.7727272727272727
ACCT_000921,47372.414758338455,748,0,0,2,7250.854354276105,3.559359186008709,4016.4165199138693,552.9424312969032,2,1,0.0,0.0,2.0,3.8603891816726903,0.0,1.0,725085435.4276105,-7250.854354276105,0.6666666666666666
ACCT_000922,5498.369938958237,618,0,0,6,25352.578271563547,3.62587088181331,6102.51698516887,1766.3571826896155,6,4,2.0,3.9469312147567455,4.0,4.217558266503155,0.0,0.5,1.864777632310968,-0.8646799277591978,0.8571428571428571
ACCT_000923,37014.350626872314,831,0,0,7,33189.751877744384,3.675905965677588,7060.5531278235785,1810.39444005215,7,4,5.0,4.39857589380412,2.0,3.911323865138558,0.0,0.2857142857142857,0.3256476670041739,0.6743253993142269,0.875
ACCT_000924,47535.28971841278,580,0,0,9,42908.900759694814,3.6783048794789512,7408.491409257807,2247.9371266410126,8,7,3.0,4.104333815936736,6.0,4.479911874084356,0.0,0.4444444444444444,2.3745321703069346,-1.3744240818201443,0.8
ACCT_000925,13714.984900967856,648,0,0,6,19025.01877968533,3.5011738437532998,5910.087273101362,1981.9616130967247,6,5,2.0,3.6656425522040235,4.0,4.158192433457781,0.0,0.16666666666666666,3.1084929040614315,-2.1080376755944368,0.8571428571428571
ACCT_000926,16911.697014261663,740,0,0,6,22361.098355371367,3.571341881476611,7995.542431293235,2952.717243773288,6,6,2.0,3.9929480886598085,4.0,4.097679367183268,0.0,0.3333333333333333,1.272715338247859,-0.2726876243846223,0.8571428571428571
ACCT_000927,43288.14286341297,776,0,0,8,38074.35592484803,3.6775425784462006,7189.901080829785,2271.755886091404,8,5,4.0,4.1744703038606366,4.0,4.364180089915607,0.0,0.125,1.5477819788247775,-0.547745326957515,0.8888888888888888
ACCT_000928,21403.137421065177,882,0,0,2,13896.707001093764,3.84188190526031,7745.260411489143,1126.9965614033936,2,2,0.0,0.0,2.0,4.142911900924291,0.0,0.5,1389670700.1093762,-13896.707001093764,0.6666666666666666
ACCT_000929,431.6741521990051,535,1,1,9,404506.74872497935,4.652683262268098,49500.0,8154.746961533528,8,4,5.0,5.386067413170833,4.0,5.207495928720548,0.7777777777777778,1.0,0.6628702308666463,0.33712838321883715,0.8
ACCT_000930,29143.21105655394,785,0,0,2,8349.484775603263,3.6206296814943406,5144.942976306981,1372.0708304866232,2,2,0.0,0.0,2.0,3.921659677158322,0.0,0.5,834948477.5603262,-8349.484775603263,0.6666666666666666
ACCT_000931,43035.076696487886,750,0,0,6,28873.297768029523,3.682345139339304,7829.564282148093,2449.642211231245,6,5,2.0,3.7232061169128396,4.0,4.372660492876687,0.0,0.16666666666666666,4.461227546408709,-3.4605730062459843,0.8571428571428571
ACCT_000932,18126.87344259145,894,0,0,2,7575.656414794146,3.5783902738498865,5723.485262110079,2737.432458878293,2,2,0.0,0.0,2.0,3.8794202695138678,0.0,0.5,757565641.4794146,-7575.656414794146,0.6666666666666666
ACCT_000933,37589.78280777531,480,0,0,8,30113.613677817026,3.5756728876229866,5919.603843599888,2156.394750923268,8,6,3.0,4.03442294568544,5.0,4.285303798122115,0.0,0.75,1.7818898418862197,-0.7818176193709188,0.8888888888888888
ACCT_000934,11905.372745641587,726,0,0,4,15102.905762256767,3.5770005212041056,6298.525795695269,2242.6992639009754,4,3,3.0,4.138451093362404,1.0,3.129756476776304,0.0,0.25,0.09801789761501457,0.9019165307933411,0.8
ACCT_000935,42256.51358863469,797,0,0,4,16519.732943218303,3.6159430309406555,6297.86816884561,1696.498593065199,4,2,2.0,4.0388373757899485,2.0,3.7469660116538446,0.0,0.5,0.5106562309443489,0.4892990243653476,0.8
ACCT_000936,21983.103888615424,650,0,0,6,31565.90204314451,3.7210669540753125,6984.9793171561305,1603.6301776544724,6,4,3.0,4.134568656174014,3.0,4.253667892158184,0.0,0.6666666666666666,1.3155253935157152,-0.31550225072666227,0.8571428571428571
ACCT_000937,28051.470464713628,788,0,0,6,24160.78830791535,3.6049598497720923,5649.225574394538,1388.690815587768,6,6,3.0,3.931468892469358,3.0,4.193696921092978,0.0,0.5,1.8290603197581239,-0.828963256066288,0.8571428571428571
ACCT_000938,31688.648428653218,752,0,0,3,12976.654764181798,3.636041495934177,7655.659880836253,3612.3184027708244,3,3,2.0,3.9106738437994903,1.0,3.684461871492753,0.0,0.3333333333333333,0.5940021640058496,0.4059479701833225,0.75
ACCT_000939,24810.81443066882,648,0,0,4,10496.17378871911,3.4189710215245914,6682.481228062225,2735.904142584166,4,3,1.0,2.855173773090728,3.0,3.9903274765059615,0.0,0.75,13.650661497100545,-12.633028383477432,0.8
ACCT_000940,35218.05749149773,651,0,0,5,25257.22080084259,3.7034155565601794,7011.9915338038345,2065.8194178008885,5,4,3.0,4.1228989753108936,2.0,4.0786874484553035,0.0,0.6,0.9032094499754008,0.09678325642726654,0.8333333333333334
ACCT_000941,532.1190440726039,712,0,0,6,27631.90615098687,3.663259594804355,6760.030662394306,1673.7759256316438,6,4,1.0,3.7061797569220953,5.0,4.353112032193891,0.0,0.6666666666666666,4.4353947125570246,-3.434719087328235,0.8571428571428571
ACCT_000942,15859.270243947996,475,0,0,9,38542.88820155738,3.6317017458464136,7717.741351953306,2471.7132382391833,9,4,6.0,4.479788914119718,3.0,3.922104741494936,0.0,0.1111111111111111,0.27689545499776247,0.7230805898214622,0.9
ACCT_000943,10488.743382590083,759,0,0,7,31220.507535751145,3.6493419188717975,7038.766278385908,2630.710328337029,7,7,0.0,0.0,7.0,4.494439958886055,0.0,0.2857142857142857,3122050753.5751143,-31220.507535751145,0.875
ACCT_000944,47003.163564507995,591,0,0,5,20114.89223651292,3.6045477058890265,6910.0505667849475,2262.4575030282526,5,4,3.0,4.093231111220252,2.0,3.887635994878479,0.0,0.4,0.622880712719787,0.37708886303809375,0.8333333333333334
ACCT_000945,19181.42053815846,607,0,0,5,15382.743244000343,3.488063786883295,7675.28781648521,3150.928493335691,5,5,2.0,3.734341414595687,3.0,3.9981926978760503,0.0,0.4,1.8359095564739276,-0.8357554828564193,0.8333333333333334
ACCT_000946,48834.00171007586,593,0,0,7,29947.337016752437,3.63126017000495,7845.828268588497,2885.124027237966,7,5,3.0,4.249914867964425,4.0,4.085220215569068,0.0,0.7142857142857143,0.6843926666250284,0.3155895826044678,0.875
ACCT_000947,34179.62819322229,486,0,0,2,9157.161042747573,3.6607308563257517,5428.59165659319,1202.097275595431,2,2,0.0,0.0,2.0,3.961760851989733,0.0,0.5,915716104.2747573,-9157.161042747573,0.6666666666666666
ACCT_000948,18135.180292686684,847,0,0,4,21037.849614832525,3.720941354983591,6775.124954684922,1330.2713227314991,4,3,0.0,0.0,4.0,4.323001346311553,0.0,0.25,2103784961.4832523,-21037.849614832525,0.8
ACCT_000949,21548.121178700425,543,0,0,2,2889.9786713177755,3.1598646419149965,2236.3441259228935,1119.144677040273,2,2,2.0,3.4608946375789778,0.0,0.0,0.0,0.5,0.0,0.9996540963757632,0.6666666666666666
ACCT_000950,18200.981885163943,522,0,0,5,16674.4165503941,3.5230806422479266,6376.8493217039595,1902.5402649184502,5,4,1.0,3.2786776691475032,4.0,4.169520103289092,0.0,0.6,7.777543196411108,-6.773977362708136,0.8333333333333334
ACCT_000951,10486.341699249759,793,0,0,5,17629.933726809828,3.547280675397513,7495.240870837187,2767.676452654397,5,5,3.0,4.168943438391188,2.0,3.4586061554531984,0.0,0.6,0.19483308927930773,0.8051123457283216,0.8333333333333334
ACCT_000952,23881.179136462986,799,0,0,2,2030.8763935038987,3.006653495809373,1452.0675873349892,617.4872058932342,2,2,1.0,2.7625351299823673,1.0,3.161986831325163,0.0,0.5,2.50871712173652,-1.506115070821609,0.6666666666666666
ACCT_000953,29190.863041105236,883,0,0,9,46257.20763261362,3.7109369031208725,7336.868142425547,2440.6854101345907,9,6,4.0,4.300129483208023,5.0,4.419933204209185,0.0,0.6666666666666666,1.3176610875658337,-0.3176451730012483,0.9
ACCT_000954,39507.92923516679,733,0,0,9,34373.126653665226,3.5819765288565715,5995.300587499461,2083.966774350889,8,7,2.0,4.022186163368516,7.0,4.3774701306178,0.0,0.5555555555555556,2.266125547156159,-1.266005253819675,0.8
ACCT_000955,34183.277977779886,868,0,0,6,17463.36811377785,3.463976758296354,5489.385928066342,2145.7850390317144,6,4,2.0,3.775468253383966,4.0,4.060709956089051,0.0,0.5,1.9285979552565982,-0.9284422591957775,0.8571428571428571
ACCT_000956,2522.406034394713,818,0,0,7,28905.553638629914,3.615883251977427,7883.991140403498,3052.518186111439,7,6,3.0,4.329825581994171,4.0,3.8770554366117267,0.0,0.42857142857142855,0.35255741598092716,0.6474122899422475,0.875
ACCT_000957,49598.40956588984,477,0,0,3,17138.34660112081,3.7568476669138686,7552.716275608911,2740.2075990536896,3,3,1.0,3.4088381268792616,2.0,4.163603147394808,0.0,0.6666666666666666,5.685452281622084,-4.68362528080023,0.75
ACCT_000958,38139.12455027405,884,0,0,5,24045.051372512127,3.6820557049496525,5355.588876973667,615.1579830076714,5,5,3.0,4.131685787673507,2.0,4.021311649753606,0.0,0.2,0.7755786792419985,0.2244047492791843,0.8333333333333334
ACCT_000959,2524.2372888030277,716,0,0,5,21358.334033478008,3.6305973700371497,7221.089916040462,2031.274886185267,5,4,3.0,4.1054160499053,2.0,3.935058498610892,0.0,0.0,0.6755265900325285,0.32444795702263884,0.8333333333333334
ACCT_000960,34155.09605611801,536,0,0,8,47116.862114151656,3.7700863726333136,7684.899068127069,1690.6713922823678,8,6,5.0,4.4472013174294185,3.0,4.281353199831205,0.0,0.375,0.682577364587735,0.3174113001804615,0.8888888888888888
ACCT_000961,34954.08999863073,412,0,0,5,16252.334220797968,3.511945740450266,3695.928158585984,448.69363809936806,5,4,1.0,3.5576857237441404,4.0,4.10177627730782,0.0,0.6,3.500181397836608,-2.4994893127695454,0.8333333333333334
ACCT_000962,36666.954685539255,680,0,0,2,8801.793991943638,3.6435412039175112,6946.486294888197,3600.006910759361,2,2,1.0,3.268415946323845,1.0,3.8417651832065167,0.0,1.0,3.74411547393018,-2.742637228681761,0.6666666666666666
ACCT_000963,19825.926877520054,867,0,0,4,13903.5086088657,3.541064418795812,7676.988166974871,2955.656638132721,4,4,1.0,3.3561706840139833,3.0,4.065682450449096,0.0,0.25,5.122851472737891,-4.12103666594649,0.8
ACCT_000964,27991.72004306823,821,0,0,8,22668.275599024208,3.452328497126087,5995.612501810355,2052.909898780144,8,5,3.0,3.97956340507743,5.0,4.118196762655279,0.0,0.25,1.3760472829121644,-0.37600787189550033,0.8888888888888888
ACCT_000965,44407.77254081004,464,0,0,8,31497.335265471855,3.595183826211817,6413.029754201308,1813.9060547756392,8,7,2.0,3.4997961788614256,6.0,4.452346841020915,0.0,0.25,8.965007573538276,-7.962488459968788,0.8888888888888888
ACCT_000966,47200.41232029972,526,0,0,3,12553.823182942342,3.6216547527228586,7178.981955008011,2599.2490978699093,3,2,0.0,0.0,3.0,4.098776007442521,0.0,0.6666666666666666,1255382318.294234,-12553.823182942342,0.75
ACCT_000967,38049.8838376198,748,0,0,4,10595.258239826488,3.423051554972734,5054.207820656799,1877.5628061952086,4,3,2.0,3.7801429431379554,2.0,3.65969555623066,0.0,0.25,0.757796530159787,0.24216329270560807,0.8
ACCT_000968,46443.786469386156,657,0,0,8,33060.773038666994,3.6162230171891085,6543.18804215161,2308.509795138577,8,5,3.0,4.199093688037318,5.0,4.236660205240872,0.0,0.375,1.0903514787987825,-0.09034576714722424,0.8888888888888888
ACCT_000969,7738.603126287285,906,0,0,3,7178.483014146886,3.378911422364933,2858.5100942348895,497.3262175930356,3,2,0.0,0.0,3.0,3.856032677084595,0.0,0.0,717848301.4146885,-7178.483014146886,0.75
ACCT_000970,39387.849891132435,608,0,0,4,11606.747366542804,3.4626505403249332,5275.601391541463,1623.7529354052294,4,3,0.0,0.0,4.0,4.064710531652896,0.0,0.25,1160674736.6542804,-11606.747366542804,0.8
ACCT_000971,1183.1473597158702,786,1,1,15,622918.3687051315,4.618339878544512,49500.0,13403.168766174278,13,4,8.0,5.545235246663052,7.0,5.434531300173437,0.7333333333333333,1.0,0.7749899193907772,0.22500943942851145,0.8125
ACCT_000972,46467.76728743621,431,0,0,6,23635.325204334622,3.5954103318624977,7068.644843994156,2426.231284697131,6,5,3.0,4.127938890624907,3.0,4.009007232426709,0.0,0.3333333333333333,0.7604459328708102,0.23953622502391528,0.8571428571428571
ACCT_000973,27070.69457888016,451,0,0,2,7180.568106477504,3.5551288101031018,4021.404187402836,609.6959407469559,2,2,0.0,0.0,2.0,3.856158805767083,0.0,0.5,718056810.6477504,-7180.568106477504,0.6666666666666666
ACCT_000974,12129.482752502292,878,0,0,8,36031.079990702376,3.6535872928095894,7453.587462253675,2584.4877895214736,8,5,3.0,4.1256711661818155,5.0,4.355551916683949,0.0,0.375,1.697777407868724,-0.6977251679304801,0.8888888888888888
ACCT_000975,42413.11726453406,686,0,0,2,4209.0258398374735,3.3231515962908316,3669.7912154912447,2213.6377944868827,2,2,1.0,3.5646413567481776,1.0,2.731777770544561,0.0,0.5,0.146938774227966,0.8528288337221784,0.6666666666666666
ACCT_000976,49238.50987752889,819,0,0,8,41457.17042115744,3.714509669849025,7230.071653231961,2147.5252614381498,8,5,3.0,4.003914233071398,5.0,4.496467923242581,0.0,0.25,3.1085201704041645,-2.108311234014277,0.8888888888888888
ACCT_000977,34081.02859231518,684,0,0,9,25100.41657796515,3.4454384198508863,7908.179265167865,2504.2359381308775,9,6,4.0,4.255509934267603,5.0,3.8506813492692364,0.0,0.3333333333333333,0.39370543917711953,0.6062608978517701,0.9
ACCT_000978,11437.082996058944,461,0,0,5,15320.940330561774,3.486315416824901,5688.603043686775,2077.383960275681,5,4,0.0,0.0,5.0,4.18528542116092,0.0,0.0,1532094033.0561774,-15320.940330561774,0.8333333333333334
ACCT_000979,21626.614228288094,455,0,0,3,8871.679181382264,3.470884573701584,6140.89588002406,2767.610403941526,3,3,1.0,3.7882317339048273,2.0,3.4362872384926026,0.0,0.3333333333333333,0.44468809604709075,0.5552214894682482,0.75
ACCT_000980,586.7209634884941,548,1,1,9,327594.736243953,4.56109440550934,49000.0,16395.940370836695,9,4,5.0,5.156347968685087,4.0,5.265433776149117,0.5555555555555556,1.0,1.2855406305797135,-0.28553863854288786,0.9
ACCT_000981,30743.668851733073,590,0,0,6,29584.732580429125,3.6929163976127275,7767.094565408573,2529.865523920115,6,5,1.0,3.890258592779758,5.0,4.338807731927507,0.0,0.3333333333333333,2.8089831793856943,-1.8087503095262554,0.8571428571428571
ACCT_000982,1935.0391059578938,514,1,1,18,575929.3170160678,4.505096681247818,49500.0,16621.256128250217,15,4,9.0,5.4465880224831755,9.0,5.47172663023348,0.4444444444444444,1.0,1.0595918464230791,-0.05959163335419151,0.7894736842105263
ACCT_000983,17037.625990388064,843,0,0,8,31788.60899317858,3.5991815374687905,6146.071117820082,1905.7121805702056,8,5,2.0,3.988104566359502,6.0,4.3435817720874335,0.0,0.625,2.2671340794572714,-1.2670038630821727,0.8888888888888888
ACCT_000984,2507.05034659969,616,0,0,6,24417.92940920568,3.6095575834970344,6865.408755540951,2283.6854723517913,6,5,0.0,0.0,6.0,4.387708833880678,0.0,0.5,2441792940.920568,-24417.92940920568,0.8571428571428571
ACCT_000985,37502.21499462881,827,0,0,2,8384.26453394201,3.6224349767212427,7000.789549087161,3972.041220426623,2,1,2.0,3.923464972385224,0.0,0.0,0.0,0.0,0.0,0.9998807431779937,0.6666666666666666
ACCT_000986,16563.637737471952,856,0,0,3,4463.472001456885,3.1725515601489462,3128.158795522342,1425.8352082707281,3,3,2.0,3.1255831440940294,1.0,3.4952887911488895,0.0,0.3333333333333333,2.342640481793664,-1.3416357644493866,0.75
ACCT_000987,39018.62120772329,759,0,0,2,10703.406721974985,3.728492032962943,5365.525613539899,19.5476170221598,2,2,1.0,3.7273688964418206,1.0,3.7296122724117122,0.0,1.0,1.0051789267110762,-0.0051779585541128804,0.6666666666666666
ACCT_000988,29687.81477919313,808,0,0,4,18024.99446488519,3.653815148700387,6641.01272633785,2429.2439029627485,4,4,3.0,4.05629419040946,1.0,3.822234312488958,0.0,0.75,0.5833646673919941,0.4165987369264473,0.8
ACCT_000989,27225.81854010255,671,0,0,5,19837.174987888688,3.5985098200079673,7973.812598406225,2505.415378554146,5,4,2.0,3.908509118780309,3.0,4.069546946983687,0.0,0.2,1.4488980491301906,-0.44884264132196505,0.8333333333333334
ACCT_000990,26336.179398861717,458,0,0,8,37630.234497671074,3.6724469376985627,7512.0987737732075,2434.06218683346,8,5,2.0,3.8059558017430115,6.0,4.494621170467223,0.0,0.625,4.882759886540916,-3.882152994582803,0.8888888888888888
ACCT_000991,38604.29540573492,792,0,0,6,14612.711908356203,3.3865795718161906,4556.483372017927,1401.0196899191221,6,3,1.0,3.080393528919385,5.0,4.127407971620877,0.0,0.8333333333333334,11.14331581424329,-10.134893704539062,0.8571428571428571
ACCT_000992,27697.45274966387,426,0,0,8,24488.6766476353,3.4858753297718805,5973.553596988424,1888.3873129702147,8,7,2.0,3.774670771014718,6.0,4.26802935407841,0.0,0.375,3.114286637495034,-2.11393148592557,0.8888888888888888
ACCT_000993,29475.09159025628,414,0,0,5,18660.734508575824,3.5719587297552415,6666.247249587159,2286.2585983931294,5,3,5.0,4.27092873409126,0.0,0.0,0.0,0.2,0.0,0.9999464144128971,0.8333333333333334
ACCT_000994,19021.58763297928,436,0,0,3,19384.548832350145,3.8103344427101833,7863.027015120906,1904.760990730907,3,3,2.0,4.17873987203013,1.0,3.632739589117747,0.0,0.3333333333333333,0.28444592525969115,0.715506664130917,0.75
ACCT_000995,24622.887341154787,673,0,0,5,16874.125030652835,3.528251258398984,5368.749676386812,1948.6905278405661,4,4,1.0,3.6687020969845556,4.0,4.08674166983341,0.0,0.6,2.6184215819214836,-1.6180746139242035,0.6666666666666666
ACCT_000996,20697.713695438713,568,0,0,8,18206.33780191015,3.357132609414025,4487.759868406273,1578.0332927996924,8,5,4.0,3.727175087277964,4.0,4.109606832693819,0.0,0.375,2.4123023760393036,-1.412037730977335,0.8888888888888888
ACCT_000997,10676.118700633959,648,0,0,9,41532.22135913582,3.664142650618671,7161.469559810018,2233.6329611908345,9,6,4.0,4.214070518191949,5.0,4.4007347702122805,0.0,0.2222222222222222,1.5369659695515283,-0.5369331723124281,0.9
ACCT_000998,30363.004882953213,880,0,0,5,22367.2695587087,3.6506429673349916,7378.053420423579,2084.0969839477175,5,3,0.0,0.0,5.0,4.349612971671011,0.0,0.4,2236726955.8708696,-22367.2695587087,0.8333333333333334
ACCT_000999,34342.08796767021,670,0,0,4,14599.446640914539,3.562276403815949,4911.891764302381,1009.2826322019653,4,4,1.0,3.60242404772941,3.0,4.0251457265999155,0.0,0.25,2.6468033630234893,-1.6463921164918829,0.8
ACCT_001000,35606.086233581365,628,0,0,3,8030.0435825112845,3.4275966476689557,4472.538061085345,2009.339663900157,3,2,2.0,3.551145582803534,1.0,3.650554045080441,0.0,0.0,1.2572118360959055,-0.25713955876981215,0.75
ACCT_001001,42636.312146185526,462,0,0,7,26771.093744738053,3.5825680748260527,6828.541909785861,2676.210257762567,7,7,4.0,4.212940945448875,3.0,4.018816740426251,0.0,0.42857142857142855,0.6395519018006117,0.3604260241046635,0.875
ACCT_001002,6864.278368752225,512,0,0,9,48443.15089657965,3.730989873844521,7935.078884436441,2658.80979078001,9,6,3.0,4.214714450472847,6.0,4.505801426996011,0.0,0.5555555555555556,1.9547308909940222,-0.9546726630918252,0.9
ACCT_001003,43551.67617110089,846,0,0,3,15260.087783975081,3.706435777194502,5683.4695295578595,594.2703329630274,3,3,0.0,0.0,3.0,4.183557031914164,0.0,0.3333333333333333,1526008778.397508,-15260.087783975081,0.75
ACCT_001004,24123.13041278247,769,0,0,4,16646.38481005474,3.619259938555156,5668.547313618264,1224.83210809021,4,3,2.0,4.003502647050726,2.0,3.817261671885883,0.0,0.5,0.6512669273819188,0.34869848222309313,0.8
ACCT_001005,8907.777289245498,742,0,0,2,10883.343236212126,3.7357323303971572,7548.750980607858,2979.860211446494,2,2,1.0,3.5230427372129456,1.0,3.8778750990326745,0.0,0.5,2.263770314131624,-1.2633914465784017,0.6666666666666666
ACCT_001006,39421.65477760041,807,0,0,2,9735.702874408711,3.6873373154522544,6357.935313069689,2107.296826322222,2,2,0.0,0.0,2.0,3.9883673111162357,0.0,0.5,973570287.440871,-9735.702874408711,0.6666666666666666
ACCT_001007,1893.6440752450162,509,0,0,8,36024.83980017886,3.6535120712226603,7966.584135560254,2641.0812289256833,8,6,4.0,4.330389087615552,4.0,4.165127236752611,0.0,0.25,0.6834994177356217,0.31648579204861604,0.8888888888888888
ACCT_001008,25384.04125586252,552,0,0,6,30242.060704036925,3.702460130423707,7454.311952637921,2362.2284027768605,6,5,3.0,4.166244610935366,3.0,4.192520772658813,0.0,0.16666666666666666,1.0623708883690697,-0.0623666359728552,0.8571428571428571
ACCT_001009,8798.451277973165,597,0,0,7,32868.79621310824,3.6716857587562073,7394.208997249065,2605.535884318479,7,7,2.0,4.138602758346423,5.0,4.281244616308333,0.0,0.42857142857142855,1.3888068747566567,-0.3887786204859547,0.875
ACCT_001010,14515.79662204877,543,0,0,6,19192.862938974242,3.504988511525355,6654.332175862283,2270.423089721857,6,5,3.0,3.772490764640165,3.0,4.12288918479456,0.0,0.5,2.240775871652363,-1.2405664018582379,0.8571428571428571
ACCT_001011,2870.254072429986,835,0,0,9,25193.884571585106,3.4470526258212644,4863.811413823574,1286.8386668414068,9,8,5.0,4.0783641344056,4.0,4.121114520710592,0.0,0.3333333333333333,1.1034442246446305,-0.10343558970058608,0.9
ACCT_001012,25682.913625925834,470,0,0,2,14409.289365765633,3.857612567236278,7276.236834138272,101.24659126493056,2,1,2.0,4.158642562900259,0.0,0.0,0.0,1.0,0.0,0.9999306051409088,0.6666666666666666
ACCT_001013,26573.764329220023,523,0,0,2,7180.675269230336,3.555135291462829,4695.642593552555,1563.1372634874892,2,2,0.0,0.0,2.0,3.8561652871268097,0.0,0.0,718067526.9230336,-7180.675269230336,0.6666666666666666
ACCT_001014,32386.629427418848,544,0,0,4,24725.37810374066,3.79108295028049,7897.650187137332,2289.32745967466,4,3,2.0,4.189668209731277,2.0,3.9660966563931623,0.0,0.25,0.5976245729707086,0.4023494289280761,0.8
ACCT_001015,38572.23797325629,624,0,0,2,8108.385939053752,3.6079044161888096,4583.8594725128505,749.0615520574947,2,2,0.0,0.0,2.0,3.908934411852791,0.0,0.5,810838593.9053751,-8108.385939053752,0.6666666666666666
ACCT_001016,36448.28046502042,830,0,0,9,30883.923000337778,3.535489951563325,6951.212525216242,1985.9137232123603,9,6,5.0,4.158270694644768,4.0,4.217140753581128,0.0,0.5555555555555556,1.1451702540386397,-0.14516017213558624,0.9
ACCT_001017,37086.106205214484,526,0,0,8,35432.36489670006,3.6463101528464907,7629.068312841741,1910.081975086464,7,6,2.0,4.060945963906673,6.0,4.378866336925822,0.0,0.375,2.0793154122321407,-1.079221622281691,0.7777777777777778
ACCT_001018,45687.65042549126,865,0,0,3,13061.254391980017,3.638863633502267,5150.586466636939,1374.121267192783,3,3,1.0,3.7112680248805985,2.0,3.898595996845831,0.0,0.6666666666666666,1.5393166648135346,-0.5392118364046815,0.75
ACCT_001019,1336.7605747224572,498,0,0,6,26409.03562720125,3.643601292079172,6243.4472746815945,1651.504751057531,6,4,5.0,4.338719277377097,1.0,3.662364980854474,0.0,0.6666666666666666,0.2106908636051619,0.7892729530173952,0.8571428571428571
ACCT_001020,46143.66016452101,626,0,0,5,14977.671532743525,3.476474297740264,5552.106279675956,1838.896860984892,5,5,2.0,3.8455097764989374,3.0,3.901514551418011,0.0,0.8,1.1376397920908772,-0.13762015232279057,0.8333333333333334
ACCT_001021,41654.413622685985,761,0,0,8,28355.947835359235,3.549554181744741,7898.524516035618,2503.7616486353254,8,6,3.0,4.178682623914111,5.0,4.122745810635865,0.0,0.5,0.8791504170027546,0.12084157423603013,0.8888888888888888
ACCT_001022,37584.036024844645,697,0,0,7,23906.370026200842,3.533415597277948,7109.560604109867,2301.173452612149,7,4,1.0,3.4459091847834347,6.0,4.32457895192184,0.0,0.2857142857142857,7.562576234458673,-6.560226576491307,0.875
ACCT_001023,42805.08520240744,736,0,0,9,29740.611792025502,3.5191073886796267,7838.208721346672,2181.2644522968512,9,6,4.0,4.111674813096941,5.0,4.225524832358821,0.0,0.6666666666666666,1.299720649551768,-0.2996974761688617,0.9
ACCT_001024,1666.559623492674,432,0,0,6,19196.24645532953,3.505065066699961,6641.59784210337,2217.073156780927,6,6,1.0,3.178013610539698,5.0,4.247717820507027,0.0,0.3333333333333333,11.740976183387449,-10.733851964729476,0.8571428571428571
ACCT_001025,25941.283269194588,502,0,0,7,25739.10732545284,3.5654954407688493,7921.670028518656,2748.563537450434,6,5,3.0,4.10276076164416,4.0,4.11626129302592,0.0,0.5714285714285714,1.0315743408090814,-0.03157184967363897,0.75
ACCT_001026,44228.862364911605,495,0,0,3,19358.635544401077,3.8097534889334876,7440.058939249522,1204.7188890264345,3,3,0.0,0.0,3.0,4.286874743653151,0.0,1.0,1935863554.4401076,-19358.635544401077,0.75
ACCT_001027,44246.024261401224,512,0,0,2,5282.138298499786,3.4217797721817482,4927.61486324438,3233.6639597170756,2,2,1.0,2.5496449488722672,1.0,3.692636756521607,0.0,0.0,13.899263727662424,-12.862981661683401,0.6666666666666666
ACCT_001028,38343.64924575115,891,0,0,7,23327.843075626202,3.522776545172199,5536.625333232906,1854.1985823993803,7,6,3.0,4.0415415284269685,4.0,4.090754243190028,0.0,0.5714285714285714,1.1199863105290762,-0.11997540842898867,0.875
ACCT_001029,45958.803413907015,674,0,0,2,8671.79744820717,3.6370791296012177,5418.275416208556,1530.7117975713777,2,1,1.0,3.7338610768690876,1.0,3.5123537520082566,0.0,1.0,0.6004718800858874,0.3994543952749408,0.6666666666666666
ACCT_001030,37252.24512616268,662,0,0,7,42456.89576360271,3.7828501975307076,7955.838962022352,2752.5988044986593,7,4,4.0,4.386051762480943,3.0,4.258444671272282,0.0,0.2857142857142857,0.7454060419003267,0.2545834918475537,0.875
ACCT_001031,47721.274050219705,649,0,0,8,33843.21693551482,3.6263816507952766,7936.314760922086,2218.7899868285954,8,6,4.0,4.264916220554138,4.0,4.188620506145189,0.0,0.375,0.8388885859448201,0.16110266000353324,0.8888888888888888
ACCT_001032,31575.727670916847,662,0,0,6,27616.115875893232,3.6630113459340414,7321.739731732658,2947.707147080047,6,6,1.0,3.860857957718573,5.0,4.308722966074008,0.0,0.6666666666666666,2.804561757365619,-1.804313188222487,0.8571428571428571
ACCT_001033,34597.54160373574,689,0,0,6,22158.272205724938,3.56738464282194,6344.846242751067,2295.0001409868723,6,4,2.0,3.9532746603503943,4.0,4.119859616217241,0.0,0.6666666666666666,1.467523131302323,-0.46747107582293396,0.8571428571428571
ACCT_001034,3045.3272479725865,584,0,0,8,19479.61330197042,3.3864903442730694,3839.1199759107517,1146.8106829957703,8,5,2.0,3.6951454164043027,6.0,4.162069859166541,0.0,0.375,2.9303833757669993,-1.929993968599206,0.8888888888888888
ACCT_001035,4276.60144564361,810,0,0,7,27531.05866149198,3.59472487177879,7507.6951910343005,3078.1919516214557,7,6,2.0,3.9490353514033147,5.0,4.27040684881616,0.0,0.5714285714285714,2.0959045328801436,-1.0957813131561387,0.875
ACCT_001036,43879.23654335724,495,0,0,8,25400.666857660373,3.5017551315492703,6323.588961443075,2156.047302028749,8,5,6.0,4.207618074422893,2.0,3.967139321557559,0.0,0.5,0.574805939225123,0.4251677006137019,0.8888888888888888
ACCT_001037,23090.25485159684,587,0,0,6,16660.71770698094,3.443542455538731,6879.264161191326,2566.191344581187,6,6,3.0,3.432946819100818,3.0,4.144600915972021,0.0,0.16666666666666666,5.148184411868406,-4.1466542209816675,0.8571428571428571
ACCT_001038,43391.083901789345,675,0,0,2,14765.21156448666,3.868209678504089,7414.225474520038,44.71699765578371,2,2,1.0,3.870065789253686,1.0,3.8663456009489687,0.0,0.5,0.9914705326017599,0.00852831579710103,0.6666666666666666
ACCT_001039,45134.24279845019,457,0,0,8,29755.197055301483,3.570472843755624,7178.145644578699,2356.9756642330312,8,5,1.0,2.9038311091501585,7.0,4.46170603053247,0.0,0.625,36.13057855742742,-35.086795294727985,0.8888888888888888
ACCT_001040,28442.423658564254,882,0,0,6,23944.422594344152,3.601053118365472,6232.864190727743,1728.55102079692,6,4,2.0,3.960104639487604,4.0,4.1709102231788675,0.0,0.6666666666666666,1.6248212235153179,-0.624752739023999,0.8571428571428571
ACCT_001041,40850.35391271283,485,0,0,6,24817.382401409137,3.616604722243457,7017.218159213365,2450.0483689774674,6,6,3.0,4.010448418879383,3.0,4.163575227714355,0.0,0.5,1.4227441494987456,-0.4227028854179011,0.8571428571428571
ACCT_001042,4230.039899164087,752,0,0,7,26609.517798022433,3.5799389645801427,7675.051363433375,3220.171757468339,7,4,2.0,4.071227242637269,5.0,4.1710619188853935,0.0,0.8571428571428571,1.258446264268035,-0.25842433192599074,0.875
ACCT_001043,6356.414929443961,618,0,0,7,18916.29223374634,3.431737974703371,5023.102024944819,1655.7372465891574,7,5,3.0,3.885613099341792,4.0,4.050450782352003,0.0,0.2857142857142857,1.4616307878759116,-0.46157072426976026,0.875
ACCT_001044,13189.683834603682,777,0,0,5,18860.96532771189,3.5765939123669765,6313.593928081105,1732.6922847096432,5,4,1.0,3.520721808511205,4.0,4.1915668682517095,0.0,0.0,4.686461552335944,-3.6853504566484894,0.8333333333333334
ACCT_001045,35385.80234129632,698,0,0,8,44080.71168806677,3.741158610641829,7906.553820565339,2741.234790612458,8,5,6.0,4.566295832603263,2.0,3.8599022704319728,0.0,0.375,0.19661037779605361,0.8033678140121244,0.8888888888888888
ACCT_001046,46403.68188959831,899,0,0,9,23422.887102355,3.4153979156840144,6895.14065348571,2013.2726433366458,9,6,4.0,3.8624849866680506,5.0,4.2078216479955906,0.0,0.5555555555555556,2.214810943570761,-1.2146442356681009,0.9
ACCT_001047,42598.00528556955,911,0,0,4,20320.05945907084,3.705864983086507,7531.408723819032,2360.6295028447275,4,2,0.0,0.0,4.0,4.30792497441447,0.0,0.0,2032005945.9070837,-20320.05945907084,0.8
ACCT_001048,1039.3826288890573,727,1,1,14,349739.59198076866,4.3976167633610315,49500.0,12331.439465687225,14,4,7.0,5.18390032662254,7.0,5.2945059959224015,0.14285714285714285,1.0,1.2900474043609227,-0.2900455052667707,0.9333333333333333
ACCT_001049,39701.35049919682,639,0,0,5,14418.980368685332,3.459964546206193,5959.311515773594,2030.3805442381731,5,5,1.0,3.181089332640942,4.0,4.110644176095214,0.0,0.4,8.502660538651785,-7.497719310351324,0.8333333333333334
ACCT_001050,14025.902062198062,663,0,0,3,20781.335286697853,3.840552194613792,7366.001742495899,454.1201533118421,3,2,2.0,4.140670145868928,1.0,3.8423705574218343,0.0,0.0,0.5031533994312198,0.4968106649470824,0.75
ACCT_001051,19013.277966358564,647,0,0,4,15740.70874772057,3.5949642918599065,6386.082287323633,1813.1918302575787,4,4,1.0,3.493448432994749,3.0,4.101258139627179,0.0,0.25,4.053308927430185,-3.0523290378307375,0.8
ACCT_001052,13308.56835812871,492,0,0,5,15512.99343878356,3.491725604471017,6732.353364691956,2469.0956288795956,5,4,2.0,3.8928556717889773,3.0,3.8864519487996465,0.0,0.2,0.9853630585367695,0.014635067196672052,0.8333333333333334
ACCT_001053,2014.2608283954894,762,0,0,8,21493.51200606214,3.429217397333148,6845.154309706537,2302.6248164221493,8,7,4.0,3.882285123519378,4.0,4.142004972043094,0.0,0.625,1.8185273955617658,-0.8184200753551344,0.8888888888888888
ACCT_001054,31018.62958285297,532,0,0,8,32051.806795403234,3.602762529207868,6655.036402699396,2208.668254823094,8,5,4.0,4.26195389176764,4.0,4.1390205189937115,0.0,0.375,0.7534711481239855,0.24651536524809078,0.8888888888888888
ACCT_001055,26383.153837546128,538,0,0,3,8910.843078550692,3.472797541016526,5054.684177566271,1890.2642726623421,3,3,1.0,3.1358431250048633,2.0,3.8775791246170095,0.0,0.6666666666666666,5.517419385396079,-4.514117785413666,0.75
ACCT_001056,24596.196115475464,758,0,0,8,36287.84022644784,3.6566711337120985,7994.52181374763,2510.336307251112,8,5,4.0,4.3402673679838735,4.0,4.158264498127501,0.0,0.75,0.6576534912081643,0.34233087058187484,0.8888888888888888
ACCT_001057,28499.89665125947,491,0,0,9,42799.90610906262,3.6772003068551387,7014.435881591947,2100.977098676213,9,7,3.0,4.162418211534102,6.0,4.451245914203231,0.0,0.5555555555555556,1.944588452082109,-0.9445234712001401,0.9
ACCT_001058,37790.92134972619,821,0,0,8,38697.78920927133,3.6845961676486825,7088.008095157846,1749.6176039213415,8,6,1.0,3.8169855169032343,7.0,4.506999323909737,0.0,0.5,4.897943898233359,-3.897349909203571,0.8888888888888888
ACCT_001059,35965.036181100244,836,0,0,5,11950.53180101342,3.3784172275679434,6909.282610189471,2579.5515381314617,5,5,2.0,3.9082091087209228,3.0,3.5861005490796085,0.0,0.4,0.47631190868915635,0.5236234047752846,0.8333333333333334
ACCT_001060,27859.59874291316,821,0,0,6,30689.97500307688,3.708845284316338,7597.832965362653,2151.3869932794196,6,5,0.0,0.0,6.0,4.486996534699982,0.0,0.6666666666666666,3068997500.3076878,-30689.97500307688,0.8571428571428571
ACCT_001061,24414.9941147205,738,0,0,5,27779.14558583477,3.7447488795038897,7500.804315788371,1986.2323090127063,5,5,1.0,3.566665809217942,4.0,4.381876600400698,0.0,0.4,6.534476342918442,-5.532975663861343,0.8333333333333334
ACCT_001062,14241.553390964466,506,0,0,9,30793.731633628704,3.534219811152549,7036.696633614967,2465.523168993498,9,7,7.0,4.373638065898866,2.0,3.8545637262704138,0.0,0.3333333333333333,0.3026395344341565,0.6973309668730825,0.9
ACCT_001063,28136.024078130522,759,0,0,9,44589.08810618652,3.6949860812215434,7911.9802060137345,2581.3162122144854,9,7,6.0,4.480470242328363,3.0,4.157059283054414,0.0,0.5555555555555556,0.47488564368663044,0.5250969873774881,0.9
ACCT_001064,47005.287115719395,684,0,0,7,22500.820221665974,3.5071003097082523,5412.124485502691,1322.3521157072862,7,5,4.0,4.060013131807528,3.0,4.042139693443354,0.0,0.2857142857142857,0.9596802589338498,0.040316228939752716,0.875
ACCT_001065,32909.13778423803,892,0,0,8,26923.243264033114,3.5270373882788406,7304.168969102935,2352.010303140472,8,4,3.0,3.9852850566271134,5.0,4.236949986465558,0.0,0.5,1.7851097801783404,-0.7850285737270543,0.8888888888888888
ACCT_001066,32055.025256528665,553,0,0,8,44987.316082828824,3.7500000971897056,7289.6450670354725,1330.8058634880917,8,5,4.0,4.414961793006817,4.0,4.27847940229707,0.0,0.375,0.7303274244973209,0.26966220332261764,0.8888888888888888
ACCT_001067,34177.997125224225,885,0,0,3,12897.211076425716,3.6333745528611963,7802.412797779497,3575.393603249793,3,3,1.0,2.8167301121636625,2.0,4.08783369457067,0.0,0.6666666666666666,18.6682486064754,-17.641345836031114,0.75
ACCT_001068,13008.674319160718,452,0,0,3,14321.152116297988,3.6788567030303625,5510.166478244238,986.1224026941735,3,3,1.0,3.5626951839154297,2.0,4.028073614368868,0.0,0.0,2.9199702673847443,-1.9194448869978042,0.75
ACCT_001069,30267.269420503362,526,0,0,7,36051.921646258954,3.7118303785037177,7645.316213321429,2480.5589028138465,6,5,2.0,4.09373485834785,5.0,4.373702153926965,0.0,0.2857142857142857,1.905317231659815,-0.9052442822485808,0.75
ACCT_001070,23207.68431286974,738,0,0,2,5592.179955836065,3.4465511428549536,5331.886558471941,3586.1579156386556,2,2,0.0,0.0,2.0,3.747581138518935,0.0,0.5,559217995.5836065,-5592.179955836065,0.6666666666666666
ACCT_001071,42075.786888977775,561,0,0,9,42456.43051172267,3.673700968986357,7852.348346522738,2724.796233679784,9,6,6.0,4.465012561794681,3.0,4.123241126438853,0.0,0.2222222222222222,0.4552275784745229,0.5447537495058352,0.9
ACCT_001072,27577.420366413528,766,0,0,8,31456.32321319036,3.5946179715514988,7665.088531142887,2777.4077176235533,8,6,4.0,4.102171962438005,4.0,4.274249108977176,0.0,0.75,1.486199620921627,-0.48616119758690857,0.8888888888888888
ACCT_001073,11023.704116515431,687,0,0,5,17305.481485688502,3.539213682719071,6602.713947813972,2598.73607950725,5,4,3.0,3.92656794996539,2.0,3.9474875375811043,0.0,0.4,1.0493481159462494,-0.0493422739827321,0.8333333333333334
ACCT_001074,10037.571344845726,842,0,0,5,14104.905967050021,3.450400190860973,6576.058273821465,2363.264914669422,5,4,3.0,3.9515266896789463,2.0,3.712734785994569,0.0,0.4,0.5770428920840194,0.42290982252239867,0.8333333333333334
ACCT_001075,31665.99992122449,504,0,0,2,12181.134123362026,3.784657729462769,7781.2882237869035,2391.0407976413503,2,2,1.0,3.6434374660006963,1.0,3.8910515021527243,0.0,0.5,1.7685365314391917,-0.7683619016376463,0.6666666666666666
ACCT_001076,24333.527983481417,461,0,0,7,35122.59557491337,3.7004885629546975,7427.290705506764,1168.9827855319331,7,5,3.0,4.143714950165173,4.0,4.3263393137785355,0.0,0.5714285714285714,1.5227351164415566,-0.5226975739681275,0.875
ACCT_001077,46964.00613769621,864,0,0,5,15190.586610791279,3.4826045408836195,4578.073400447131,1236.9095578178524,5,3,3.0,3.9195735498864406,2.0,3.8376586451619197,0.0,0.2,0.8281044048630366,0.17187490993060736,0.8333333333333334
ACCT_001078,28079.15402505124,871,0,0,7,42401.967810211856,3.782287971986155,7913.59660817082,1814.1745577146762,7,6,4.0,4.4124776115678,3.0,4.218822981833421,0.0,0.42857142857142855,0.6402437831386624,0.35974230063045814,0.875
ACCT_001079,15965.351561084846,846,0,0,7,26556.155134677665,3.579067157012052,7861.244375503956,2726.6637789850347,7,6,3.0,4.149989982192175,4.0,4.094509752672761,0.0,0.42857142857142855,0.8800751740027638,0.11991633575191223,0.875
ACCT_001080,7162.607526253366,526,0,0,3,10117.039769254678,3.5279322024537256,6529.578511927996,2754.8728441211674,3,3,2.0,3.5547872196179817,1.0,3.81488514821968,0.0,0.6666666666666666,1.82011122221641,-0.8198826860940177,0.75
ACCT_001081,45214.7321201382,782,0,0,3,18524.584797698204,3.790627227945774,7060.928618292441,1086.303443045711,3,3,2.0,4.059323152125328,1.0,3.8488618210630556,0.0,0.3333333333333333,0.6159403685551788,0.3840261314614953,0.75
ACCT_001082,34635.28015144353,562,0,0,4,14069.441885087916,3.5462168785990307,5344.937691899683,1290.6111799691682,4,4,1.0,3.4926196482606535,3.0,4.039828368257544,0.0,0.5,3.525402584827759,-2.524590567601807,0.8
ACCT_001083,5122.993957949538,804,0,0,2,9994.168570933543,3.6987166747186357,6037.175148313809,1470.9106043386143,2,2,1.0,3.597365328375118,1.0,3.780833775628658,0.0,0.5,1.5256975405988698,-0.5255647252483896,0.6666666666666666
ACCT_001084,34806.89086228624,587,0,0,8,32421.80009937305,3.607747136769216,7447.798882175698,2689.9301477587533,8,6,3.0,3.996584851558808,5.0,4.352184996876118,0.0,0.5,2.267775948091695,-1.2676481847925174,0.8888888888888888
ACCT_001085,44131.14015964628,835,0,0,5,15879.6449390509,3.501870783255383,5774.666790133794,1674.4938263993856,5,4,1.0,3.1566339829339642,4.0,4.159728514063302,0.0,0.4,10.071508604426377,-9.065188299645376,0.8333333333333334
ACCT_001086,2550.4814044912755,542,0,0,3,3252.364118211666,3.0350779063345286,1423.8509479778982,299.34748215301624,3,2,1.0,3.1534645287258587,2.0,3.262098092778658,0.0,1.0,1.2842026477480175,-0.28400319544311164,0.75
ACCT_001087,11793.144066323757,833,0,0,5,19257.087607341276,3.5856206018324928,5936.35980788214,2269.201701306349,5,4,4.0,4.203698966827602,1.0,3.51489171680565,0.0,0.4,0.2047353096687788,0.7952149410646431,0.8333333333333334
ACCT_001088,44447.32583457834,826,0,0,8,42441.736193412806,3.7247031545850477,7598.728633934907,2327.1249395574637,8,6,2.0,3.9264373081693815,6.0,4.5314775435207775,0.0,0.5,4.027543454253608,-3.0271848661666994,0.8888888888888888
ACCT_001089,48494.22752531757,630,0,0,9,38510.113358081675,3.6313322875712766,7953.312273521356,2267.616297493987,9,6,3.0,4.179245737416644,6.0,4.369230053267269,0.0,0.5555555555555556,1.5487606847969184,-0.548724368943685,0.9
ACCT_001090,7246.9353095775805,435,0,0,3,14470.204354652624,3.683353409742243,5480.64637965406,570.0518923218198,3,3,0.0,0.0,3.0,4.160474664461906,0.0,0.3333333333333333,1447020435.4652622,-14470.204354652624,0.75
ACCT_001091,5774.686410837918,643,0,0,9,43998.32366486648,3.689193620752159,7489.673885178696,1517.8917494151133,9,6,4.0,4.346481463302994,5.0,4.338292201174091,0.0,0.2222222222222222,0.9813201977353676,0.018678960676997244,0.9
ACCT_001092,30205.32472289145,735,0,0,6,30273.95846817961,3.7029179604140015,6616.480836465351,2056.72650836957,6,5,2.0,3.807667339467229,4.0,4.377524841900362,0.0,0.6666666666666666,3.714133430616232,-2.7137108687610523,0.8571428571428571
ACCT_001093,690.4005511344594,742,0,0,4,15892.011970945328,3.5991188921956563,7594.570335683898,2743.748256854739,4,4,1.0,3.880503208597759,3.0,3.918944206236044,0.0,0.75,1.0925491841651034,-0.09253700097745805,0.8
ACCT_001094,1118.4889122710247,840,0,0,8,23239.849152044924,3.4631433177656303,6779.014029187596,2562.606846299226,8,5,1.0,3.83116653268396,7.0,4.216451864901049,0.0,0.0,2.4282049023208714,-1.4279942566475547,0.8888888888888888
ACCT_001095,46499.903589838235,815,0,0,6,13046.682895855665,3.337348856451904,5856.8186505198855,1886.9337754394508,6,3,1.0,3.297227380379184,5.0,4.043916804608072,0.0,0.6666666666666666,5.580709574970492,-4.57840027109447,0.8571428571428571
ACCT_001096,26866.643414383063,698,0,0,2,14648.395416120213,3.864760059054103,7342.482794499031,25.859017231090757,2,2,1.0,3.8636744737649362,1.0,3.86584293752199,0.0,0.0,1.00500555710447,-0.005004873435825314,0.6666666666666666
ACCT_001097,31886.45608933811,772,0,0,2,5538.274263983987,3.4423444632185776,2881.6406851014,159.10405062248418,2,2,1.0,3.4596398272044624,1.0,3.4243316576683456,0.0,0.0,0.9219170118601844,0.0780558976294674,0.6666666666666666
ACCT_001098,16537.312475001436,695,0,0,3,13072.698606148851,3.6392439938236687,6840.602026098101,2554.2993746037782,3,3,0.0,0.0,3.0,4.116365248543332,0.0,0.3333333333333333,1307269860.614885,-13072.698606148851,0.75
ACCT_001099,6112.60174309431,528,0,0,4,18417.894541830225,3.663179990606287,7557.286537163928,2607.7894817675433,4,4,1.0,3.8783658889572226,3.0,4.035854138851375,0.0,0.75,1.4371041691864956,-0.4370463399687231,0.8
ACCT_001100,8223.064613815946,770,0,0,4,15691.43784555079,3.593602749567947,7540.326073700393,2931.998645517096,4,3,0.0,0.0,4.0,4.1956627408959095,0.0,0.25,1569143784.555079,-15691.43784555079,0.8
ACCT_001101,6965.69047260836,434,0,0,2,7952.049829932836,3.5994490971534776,6801.951858473146,3996.4642097827623,2,2,1.0,3.0607348374423275,1.0,3.832633553842888,0.0,1.0,5.914236846012195,-4.909967723986541,0.6666666666666666
ACCT_001102,22210.624443318444,543,0,0,6,34816.836130853706,3.763638053062199,7897.575530295268,1954.5621796436433,6,6,1.0,3.843703395854054,5.0,4.444657984752277,0.0,0.5,3.9898318076026666,-2.989403382085861,0.8571428571428571
ACCT_001103,16498.28356766513,537,0,0,3,9141.209171512637,3.483882391975038,5791.611124325025,2486.559277755202,3,3,2.0,3.8283977784221963,1.0,3.3811648937190144,0.0,0.3333333333333333,0.3570813061196604,0.6428232613985925,0.75
ACCT_001104,39754.302456836296,736,0,0,6,30923.187914703838,3.7121330091963274,7916.694389102621,2901.4310444565185,6,6,2.0,3.9187513194282264,4.0,4.354673627803263,0.0,0.16666666666666666,2.7284896320417635,-1.728281251941331,0.8571428571428571
ACCT_001105,25768.799438798058,666,0,0,7,30475.452712261595,3.638852125760224,7868.9572136196075,2651.06527767645,7,5,1.0,3.533549835285873,6.0,4.432314972088941,0.0,0.42857142857142855,7.920728652544202,-6.918703443265075,0.875
ACCT_001106,20989.164517950598,518,0,0,7,23155.51493492427,3.5195564033121807,6025.81347046082,1785.5291261190318,7,5,2.0,3.809446192452617,5.0,4.222903689961209,0.0,0.2857142857142857,2.590940840940182,-1.5906941612350527,0.875
ACCT_001107,1216.425207457335,871,1,1,9,316979.53024470847,4.546788708018783,49500.0,14888.65294905421,9,3,5.0,5.12729528741325,4.0,5.262262955910314,0.4444444444444444,1.0,1.364481552462195,-0.364478833765454,0.9
ACCT_001108,19333.433953504893,911,0,0,4,21046.0981946323,3.7211116010238467,7188.9663684529305,2894.9808507566117,4,3,2.0,3.9079058376387175,2.0,4.112500881325737,0.0,0.0,1.6017511451250994,-0.6016767668944936,0.8
ACCT_001109,27915.531956214192,714,0,0,7,29052.040871508198,3.618078606457408,7637.174325447762,2523.5401431139417,7,7,0.0,0.0,7.0,4.463176646471665,0.0,0.42857142857142855,2905204087.1508193,-29052.040871508198,0.875
ACCT_001110,26200.261746484743,513,0,0,6,33363.70192879282,3.745122982171077,7665.49681541761,2123.4989481533107,5,4,2.0,4.105144673895845,4.0,4.314381914055152,0.0,0.8333333333333334,1.618964179389154,-0.6189155973887578,0.7142857142857143
ACCT_001111,6891.461618478402,676,0,0,3,13906.315185473031,3.6660908136896695,7468.090525303837,2484.994494946254,3,3,2.0,4.0124425464615,1.0,3.558188950369634,0.0,0.0,0.3513552146250552,0.6485817586796419,0.75
ACCT_001112,11690.518345094575,827,0,0,3,11059.644338790975,3.5666199062287545,7693.811255562906,3696.5830158651984,3,3,2.0,3.908672666995537,1.0,3.470725551694362,0.0,0.6666666666666666,0.3647983658221222,0.6351232573208848,0.75
ACCT_001113,8823.443018647149,524,0,0,3,4736.399671672868,3.198327087618194,2921.304248251033,1203.4854098282592,3,3,2.0,3.6169709220851636,1.0,2.7757415575417386,0.0,0.6666666666666666,0.1441353922758461,0.8556579127197436,0.75
ACCT_001114,2055.7928036857884,791,0,0,5,10255.782605073833,3.3119988020647884,4666.566311265694,1862.8831075183884,5,4,2.0,3.2956502314652196,3.0,3.918051553734271,0.0,0.4,4.191807400617931,-3.19019244368939,0.8333333333333334
ACCT_001115,8863.995986120442,904,0,0,5,16254.530270675912,3.5120044192776674,6281.680686019641,2193.231479853868,5,4,2.0,3.7660361621403626,3.0,4.017850771726386,0.0,0.8,1.785725123718849,-0.7855904911340448,0.8333333333333334
ACCT_001116,20864.395516016964,525,0,0,5,22759.88621168402,3.658200082132126,6800.308026176288,2755.312235356854,5,5,2.0,4.111484512476409,3.0,3.9926984142338253,0.0,0.4,0.760700849806578,0.2392806388962153,0.8333333333333334
ACCT_001117,17008.83800846112,460,0,0,8,33041.08607934166,3.615964327398312,6677.744860684343,1713.5819699516628,8,5,2.0,3.9004903161960223,6.0,4.399480421640825,0.0,0.625,3.154932739581304,-2.1546617937736694,0.8888888888888888
ACCT_001118,1832.1751044461946,493,1,1,11,424337.949689815,4.586319188474686,49500.0,13810.399299439974,11,4,6.0,5.414180683090936,5.0,5.216988996276214,0.5454545454545454,1.0,0.6350505743847888,0.36494801938026905,0.9166666666666666
ACCT_001119,1528.046759887693,804,1,1,18,557347.2368130515,4.490853347243916,49500.0,16510.652596709115,17,4,9.0,5.509293754797666,9.0,5.369734060303953,0.3888888888888889,1.0,0.7251707952948446,0.2748283539996541,0.8947368421052632
ACCT_001120,46259.134258227285,504,0,0,6,24521.998113013186,3.611404604292297,6855.408182870894,2324.433692527352,6,5,5.0,4.335556697125424,1.0,3.457438668305463,0.0,0.6666666666666666,0.1323981665331634,0.8675617703833579,0.8571428571428571
ACCT_001121,44660.43696776506,441,0,0,7,31035.038462732235,3.6467542479427646,6914.849562919862,2421.6482661192676,7,6,3.0,4.11896164437907,4.0,4.252463487251507,0.0,0.42857142857142855,1.3598839327297392,-0.35985657050660114,0.875
ACCT_001122,37062.90081553539,745,0,0,5,17375.83878117199,3.5409757740623635,6834.940511019538,2623.1727687725925,5,3,5.0,4.239945778398383,0.0,0.0,0.0,0.8,0.0,0.9999424521334063,0.8333333333333334
ACCT_001123,1643.4536259342958,749,0,0,7,22652.13552188268,3.510011111219846,6719.691259702624,2361.777761990274,7,6,5.0,4.119346353093618,2.0,3.97723847893435,0.0,0.2857142857142857,0.7209283854020703,0.2790504140279081,0.875
ACCT_001124,560.5380737221008,628,0,0,3,13831.808407166449,3.6637577099095164,7284.563172843705,2919.449696254216,3,2,1.0,3.8624035139218567,2.0,3.816058608207548,0.0,0.6666666666666666,0.8987835056112272,0.10120260040695937,0.75
ACCT_001125,33969.99275437974,852,0,0,7,32745.21692874245,3.6700498318506933,7571.402685264393,2149.7246281611788,7,5,3.0,4.267051426501988,4.0,4.153825251272543,0.0,0.14285714285714285,0.770502096118225,0.22948549540717605,0.875
ACCT_001126,17216.55633650622,420,0,0,4,16906.310029407836,3.625988837515295,6690.134985499252,1976.9500877633754,4,3,2.0,3.9626438540486877,2.0,3.8882082486774667,0.0,0.75,0.842489300612845,0.15749353445438355,0.8
ACCT_001127,38963.775771610584,415,0,0,6,31191.806625331807,3.71588927938119,7342.333901746065,1995.4857671047898,6,4,4.0,4.274877588790885,2.0,4.0920404054960695,0.0,0.8333333333333334,0.6563913004835541,0.3435904533431091,0.8571428571428571
ACCT_001128,33008.61152919117,650,0,0,7,25811.553088548597,3.5667160969392904,6476.2032122529645,1803.4843244022843,7,4,3.0,4.09428600634282,4.0,4.126678409116775,0.0,0.42857142857142855,1.0774382825169162,-0.0774320512791436,0.875
ACCT_001129,6202.676455854275,908,0,0,3,7907.498897010532,3.420917885289878,7484.739009616099,4199.2820951904505,3,2,0.0,0.0,3.0,3.8980391400095407,0.0,0.3333333333333333,790749889.7010531,-7907.498897010532,0.75
ACCT_001130,14298.956613792085,663,0,0,8,34122.78505176689,3.629954483430057,7409.509555343055,2929.0818412314507,8,6,1.0,3.062650126089774,7.0,4.518087382458952,0.0,0.5,28.538901505081572,-27.51508290705734,0.8888888888888888
ACCT_001131,13811.553684945291,905,0,0,2,11294.374461559033,3.751832186877381,7898.361749462295,3183.6415355899094,2,1,1.0,3.530969307244216,1.0,3.8975370207904323,0.0,1.0,2.325775076774669,-1.3253848068724392,0.6666666666666666
ACCT_001132,28288.075028274103,535,0,0,6,29781.306461805834,3.6957924953061085,7562.691976103468,2719.669892434126,6,4,3.0,4.189450907783163,3.0,4.15572187412216,0.0,0.5,0.9252752938684123,0.07471987510969023,0.8571428571428571
ACCT_001133,35209.227570597184,625,0,0,8,22287.15161991542,3.444964580600067,6386.146717990112,2083.103408337827,8,5,5.0,4.218378825242572,3.0,3.759903256285204,0.0,0.375,0.3479560810024492,0.652004484703056,0.8888888888888888
ACCT_001134,22892.77560663939,569,0,0,2,9231.405850818457,3.6642378491062315,6272.044752622255,2342.4210759704956,2,2,1.0,3.7974091484881733,1.0,3.4711979605597407,0.0,0.5,0.47183354236122116,0.5280822606982496,0.6666666666666666
ACCT_001135,6475.753368025417,499,0,0,2,9539.698988509623,3.6785046757181328,7676.87997616293,4111.161933746455,2,2,0.0,0.0,2.0,3.979534671382114,0.0,0.5,953969898.8509622,-9539.698988509623,0.6666666666666666
ACCT_001136,29107.196955091174,536,0,0,6,25135.321570728185,3.6221331953968594,6793.1753355943065,1835.6219494296356,6,4,2.0,4.049073631513355,4.0,4.144233009193634,0.0,0.6666666666666666,1.2449714072790765,-0.24494953062466607,0.8571428571428571
ACCT_001137,38719.062608949964,622,0,0,2,8457.273023750096,3.6262003553593694,7741.897457763088,4968.5012778305945,2,2,1.0,2.8545341025193633,1.0,3.8888474147454555,0.0,0.5,10.82214394457281,-9.808433209325159,0.6666666666666666
ACCT_001138,2903.930465155124,895,0,0,3,15251.479871727603,3.706190731188925,7117.940946360003,2123.111018814275,3,3,1.0,3.4596490870335663,2.0,4.092361896475301,0.0,0.6666666666666666,4.292524750228242,-3.291382598982582,0.75
ACCT_001139,18262.30373741527,650,0,0,4,21796.13050179858,3.7363194081996367,6400.691478297156,1212.2703384877423,4,4,1.0,3.8037697443959955,3.0,4.188409566673165,0.0,0.25,2.424598441093622,-1.4243746477845025,0.8
ACCT_001140,24870.882553297717,735,0,0,2,9946.918152312566,3.696658548723382,5907.4104507733255,1320.8067005804164,2,2,0.0,0.0,2.0,3.9976885443873633,0.0,0.5,994691815.2312565,-9946.918152312566,0.6666666666666666
ACCT_001141,17544.0493421606,566,0,0,5,19771.099670816813,3.59706082115802,6831.94037721728,1919.8673971562214,5,4,1.0,3.396096072425213,4.0,4.237586253673121,0.0,0.8,6.942089037175152,-5.9397030748220825,0.8333333333333334
ACCT_001142,28183.287734008652,417,0,0,5,21640.884813935496,3.636305009120413,7666.98398713411,2575.47070464682,5,4,2.0,3.8597988917243957,3.0,4.158358845042244,0.0,0.6,1.9886573181042648,-0.9885208037921969,0.8333333333333334
ACCT_001143,15524.361832940423,640,0,0,5,17795.290630511307,3.5513350809061572,6210.369817133543,2592.5537522160867,5,4,1.0,3.7931174624565,4.0,4.063893069595083,0.0,0.2,1.8654156090290197,-0.8652762843743378,0.8333333333333334
ACCT_001144,11994.47726366674,743,0,0,2,12823.276808052291,3.8069690215479377,7768.570694982269,1918.9920490921438,2,2,0.0,0.0,2.0,4.107999017211919,0.0,0.5,1282327680.805229,-12823.276808052291,0.6666666666666666
ACCT_001145,5332.879130763578,735,0,0,7,17967.78970731548,3.4093966160064806,4240.26715340283,1075.2131344304566,7,4,3.0,3.935834167605065,4.0,3.9704072652592486,0.0,0.8571428571428571,1.0828619588955304,-0.0828523557407532,0.875
ACCT_001146,34962.41739028809,647,0,0,5,27537.12559499206,3.740948601033542,7282.6988310281995,2102.039570590764,5,4,4.0,4.321728802021821,1.0,3.816958760393597,0.0,0.4,0.3127735058957891,0.6871937334651345,0.8333333333333334
ACCT_001147,19726.92409444395,705,0,0,4,17510.126409950182,3.641229290046498,7656.147963633707,2283.08087989934,4,3,2.0,4.074566347920626,2.0,3.751045388729703,0.0,0.25,0.47476537765950005,0.5251903885305641,0.8
ACCT_001148,535.7371264236305,676,0,1,11,316898.587237684,4.45952761791265,48000.0,12991.136171428887,11,4,6.0,5.300383685134795,5.0,5.0689127997496275,0.18181818181818182,1.0,0.5868527102180021,0.4131452209500357,0.9166666666666666
ACCT_001149,17034.70422952416,763,0,0,2,4311.903502725721,3.3336390374278104,3937.5270198335634,2519.5279070597558,2,2,1.0,2.5733085599620504,1.0,3.595223546994319,0.0,0.0,10.517559447750369,-9.49220502437566,0.6666666666666666
ACCT_001150,4506.822831055599,659,0,0,6,21183.157739353737,3.547839449795574,7186.608649642195,2573.986013627277,6,4,2.0,3.6161052207149607,4.0,4.231767221454227,0.0,0.3333333333333333,4.127261627217745,-3.126504884661446,0.8571428571428571
ACCT_001151,48779.51849686914,739,0,0,3,13790.84475665339,3.6624696149309157,7681.3682400014295,3515.865206061103,3,2,1.0,3.8854385854165256,2.0,3.7860039998220834,0.0,0.6666666666666666,0.7953630548373753,0.2046103069057226,0.75
ACCT_001152,49578.23037422081,620,0,0,5,26698.06836206772,3.7275098364277324,7954.690032215401,2685.4150354019807,5,4,2.0,4.185929396619306,3.0,4.055163928236417,0.0,0.4,0.7400047907424767,0.2599782650989846,0.8333333333333334
ACCT_001153,30980.317724375345,870,0,0,4,12721.620610371287,3.5024824483892774,4397.993808815998,1394.2587140083274,4,4,2.0,3.797362654937121,2.0,3.8095763641432723,0.0,0.25,1.0285222909661018,-0.02851774531739259,0.8
ACCT_001154,35986.92595839091,536,0,0,6,24201.910303423858,3.6056983966501996,7353.516732565938,3065.827349771873,6,5,1.0,3.7970068461997166,5.0,4.253717674359659,0.0,0.3333333333333333,2.8622715079214993,-1.8619743685667192,0.8571428571428571
ACCT_001155,34238.90853798447,884,0,0,9,45467.839476642264,3.703461808617446,7271.74181493506,2560.289498120411,9,7,7.0,4.57135044773737,2.0,3.91374007464891,0.0,0.3333333333333333,0.21998325650091755,0.7799958147606839,0.9
ACCT_001156,31857.519957870343,682,0,0,4,12130.338426486234,3.481812926167235,7387.957194042891,3252.8825584822625,4,4,2.0,3.049354664169822,2.0,4.041786766219196,0.0,0.75,9.82725212161706,-8.819380239827122,0.8
ACCT_001157,1113.016779082489,798,1,1,21,669148.3219264937,4.503303098451853,49500.0,14218.509778408885,19,4,11.0,5.597973383791227,10.0,5.435994899435944,0.2857142857142857,1.0,0.6886864141105417,0.31131280023206537,0.8636363636363636
ACCT_001158,37660.57715402151,765,0,0,4,13336.301226775522,3.522975405003757,4648.503183213526,1246.8657064977508,4,3,2.0,3.7050677696575476,2.0,3.917274539314832,0.0,0.75,1.630071929663863,-0.629947699949448,0.8
ACCT_001159,20939.556569345878,414,0,0,9,31847.973545077286,3.5488392943846527,7272.752239624455,1890.9699384544554,9,5,2.0,3.827033897459694,7.0,4.4002471121301525,0.0,0.5555555555555556,3.7429430050088346,-2.742534580037192,0.9
ACCT_001160,36959.001183274064,570,0,0,7,27531.337523222293,3.5947292707195944,7503.715958015745,2609.631151285145,7,6,3.0,4.097403846294729,4.0,4.176586528972286,0.0,0.2857142857142857,1.2000039686028514,-0.19998798870472587,0.875
ACCT_001161,10381.974894950697,615,0,0,3,5522.101294149382,3.264983114096919,2928.8781447525216,959.6739020664745,3,3,1.0,3.4667013033434495,2.0,3.4138398898437314,0.0,0.3333333333333333,0.8853980986504975,0.11456278342388647,0.75
ACCT_001162,41414.60674499081,661,0,0,2,9385.937686978203,3.671447670951111,6613.602483006073,2716.1861413549,2,2,1.0,3.820438087670948,1.0,3.442845739804905,0.0,0.0,0.4191868511758744,0.5807253404724998,0.6666666666666666
ACCT_001163,665.0104198501361,735,1,1,20,502049.0310209809,4.399716137540838,49000.0,15737.543319332732,17,4,10.0,5.379764943954744,10.0,5.418790902048066,0.2,1.0,1.0940217547388689,-0.09402136262603225,0.8095238095238095
ACCT_001164,3593.327456435136,577,0,0,8,32061.51690499573,3.602894078995137,7307.490455035686,2383.2980567907393,8,6,3.0,4.183303712889495,5.0,4.225576176053413,0.0,0.5,1.1022305979405504,-0.1022238959797152,0.8888888888888888
ACCT_001165,24322.071965257655,749,0,0,6,25336.061188346688,3.6255878488328026,7701.584089532022,2430.4938995999737,6,5,3.0,4.2414737185170885,3.0,3.8975711712604726,0.0,0.3333333333333333,0.45299921819961636,0.5469694133605026,0.8571428571428571
ACCT_001166,21770.653123830263,558,0,0,5,14515.255430799145,3.4628546783539274,4870.951809738006,1870.9769261104952,5,5,3.0,3.815079668094635,2.0,3.9021526195796303,0.0,0.4,1.2220049097762908,-0.22197093218968136,0.8333333333333334
ACCT_001167,14595.664614214631,613,0,0,9,27747.71010111947,3.4889846390470347,6285.62537665985,2391.3368513294763,9,7,4.0,4.28468948637591,5.0,3.928715183982068,0.0,0.2222222222222222,0.4405809320877941,0.5593900257696709,0.9
ACCT_001168,22700.474920120785,673,0,0,6,19608.555382672173,3.5142943487688862,5374.10528524997,1728.3168741278846,6,5,3.0,3.9200697304375685,3.0,4.052677865511416,0.0,0.16666666666666666,1.357088388326869,-0.3570454705428146,0.8571428571428571
ACCT_001169,43584.96964571843,596,0,0,3,7701.519431775011,3.4094551608083172,3036.6189676998747,517.4459275274262,3,3,1.0,3.3037029809616008,2.0,3.7550490578639253,0.0,0.6666666666666666,2.827131924399452,-1.8262244289756264,0.75
ACCT_001170,37335.38523220705,785,0,0,4,17021.80183136105,3.628945538803633,6604.090460486671,1857.545063094155,4,3,0.0,0.0,4.0,4.231005530131595,0.0,0.25,1702180183.1361046,-17021.80183136105,0.8
ACCT_001171,46269.40346720789,640,0,0,7,20740.484865275623,3.471720864972819,6466.024340323022,2429.0844162133803,7,5,3.0,3.83611459211112,4.0,4.142508150153827,0.0,0.2857142857142857,2.0248532683926066,-1.0247038255280785,0.875
ACCT_001172,3055.0600755317623,735,0,0,4,11908.699373068612,3.4738043406045254,4131.44117058973,1300.6191592391824,4,3,2.0,3.751909904575329,2.0,3.7966091224541323,0.0,0.5,1.108406890921015,-0.10838770309844666,0.8
ACCT_001173,3651.900017860343,625,0,0,4,16030.586474827369,3.6028894198672385,5388.098839809875,1024.9444000689134,4,4,0.0,0.0,4.0,4.204949411195201,0.0,0.5,1603058647.4827368,-16030.586474827369,0.8
ACCT_001174,26724.227777017775,563,0,0,2,10431.491966595528,3.717316432275551,6905.23446006146,2389.2975173122813,2,2,2.0,4.018346427939533,0.0,0.0,0.0,0.5,0.0,0.9999041456247268,0.6666666666666666
ACCT_001175,3018.7943334638694,564,0,0,5,31243.538782593285,3.7957902137857946,7814.82940837615,1909.9998993101092,5,4,4.0,4.372022433879515,1.0,3.886029642722162,0.0,0.4,0.32659325310146725,0.6733781552829524,0.8333333333333334
ACCT_001176,5887.578097212624,418,0,0,7,34748.87945322312,3.6958427644477525,6415.535154997522,1441.7298467846235,7,6,2.0,3.8984126960465204,5.0,4.428694738218079,0.0,0.42857142857142855,3.3906428141950724,-2.390340790535035,0.875
ACCT_001177,14875.273584623072,570,0,0,4,17007.93908942873,3.62859170051422,7008.562436535413,1936.9263890265986,4,3,1.0,3.611403600877591,3.0,4.111294407139065,0.0,0.75,3.161482667626834,-2.160953935676788,0.8
ACCT_001178,23100.976652605048,792,0,0,6,26282.36882360244,3.6415132551257314,6951.456385431517,2423.236303589654,6,4,0.0,0.0,6.0,4.419664505509375,0.0,0.3333333333333333,2628236882.360244,-26282.36882360244,0.8571428571428571
ACCT_001179,35394.28245396564,773,0,0,3,15812.618902538985,3.7218825494775376,7183.36672181576,2542.258530736864,3,3,0.0,0.0,3.0,4.1990038041972,0.0,0.0,1581261890.2538984,-15812.618902538985,0.75
ACCT_001180,1476.3031524979974,526,1,1,14,510444.07420247304,4.561820130733405,49500.0,15484.377567455076,12,4,7.0,5.480725378988487,7.0,5.317946548755602,0.5714285714285714,1.0,0.6874184270928887,0.3125805395602889,0.8
ACCT_001181,34500.267731028856,636,0,0,8,36510.47814777013,3.6593275335934545,7130.503516025344,1803.971155323389,8,6,3.0,4.214190297165704,5.0,4.303954637096544,0.0,0.5,1.2296013736536684,-0.2295873540929561,0.8888888888888888
ACCT_001182,16582.87738730126,630,0,0,9,34344.095210074476,3.5816095700022603,7317.058215329947,2313.3433720240005,9,6,3.0,4.156129202022824,6.0,4.301419705240139,0.0,0.4444444444444444,1.3973027150396817,-0.3972749852393268,0.9
ACCT_001183,26956.596947578615,679,0,0,2,6427.942767909024,3.5070420056426412,4147.130369269124,1319.6860928822393,2,2,1.0,3.617747688068201,1.0,3.3580895651599865,0.0,0.5,0.5499736420251787,0.44991786768699304,0.6666666666666666
ACCT_001184,8492.009612687503,422,0,0,4,18557.853374046466,3.6664677477034293,7516.268245416039,2376.273485255075,4,4,1.0,3.7530063789159436,3.0,4.110434053951534,0.0,0.25,2.277338951012154,-1.2771134152874424,0.8
ACCT_001185,10346.939765373672,888,0,0,4,10614.725041098009,3.4238487575574292,4071.1945955090673,1594.105404389615,4,3,0.0,0.0,4.0,4.025908748885392,0.0,0.25,1061472504.1098008,-10614.725041098009,0.8
ACCT_001186,28652.229188135047,634,0,0,5,21306.740613789625,3.6295470145142583,7773.864755091742,2546.096653539499,5,5,3.0,4.061304830413627,2.0,3.9908118113757998,0.0,0.4,0.8501723582304158,0.14981463186696564,0.8333333333333334
ACCT_001187,31025.636388292263,583,0,0,8,36661.15936887474,3.661116207937126,7766.661437529023,2469.188864458194,8,5,2.0,4.107420678470687,6.0,4.377578467324425,0.0,0.5,1.8627637958351648,-0.862696431822977,0.8888888888888888
ACCT_001188,35280.58698398462,906,0,0,8,27421.135921523753,3.5349954544984397,7229.034927398587,2737.272259132551,8,7,1.0,3.8121877658570047,7.0,4.320810448649803,0.0,0.25,3.2256904030983047,-2.2253474744466026,0.8888888888888888
ACCT_001189,5690.850111444635,818,0,0,6,19946.522839071975,3.5217159482145335,7589.513941249509,2540.3928268800023,6,5,4.0,3.9296013877779608,2.0,4.058538036202307,0.0,0.6666666666666666,1.3456640429204438,-0.3456234000061817,0.8571428571428571
ACCT_001190,31901.540369464572,688,0,0,3,16523.479913361734,3.7409802621155213,7933.992677468488,3405.5730971306775,3,3,3.0,4.218101516835183,0.0,0.0,0.0,0.3333333333333333,0.0,0.9999394837232249,0.75
ACCT_001191,23603.888405786543,804,0,0,9,34224.18678279987,3.5800906280113027,7961.38460026602,2639.7095594642947,9,6,3.0,3.6077408686052705,6.0,4.479597193673045,0.0,0.3333333333333333,7.444856377881261,-6.443266513027403,0.9
ACCT_001192,12209.521926358933,738,0,0,9,47245.4523023421,3.7201175016059422,7610.362511432444,2434.433691914336,9,6,4.0,4.43065654782577,5.0,4.307268862155659,0.0,0.4444444444444444,0.7526833586550937,0.24730746660210484,0.9
ACCT_001193,6082.104791478548,535,0,0,8,28587.595452243626,3.5530876407081604,7720.025671353577,2074.2224696174276,8,7,3.0,3.8909426988217426,5.0,4.318235691072079,0.0,0.5,2.6748103295981647,-1.6745950711659803,0.8888888888888888
ACCT_001194,26917.77684246786,599,0,0,3,16812.20312610321,3.748503373818878,6465.70469575983,928.0234379406859,3,2,2.0,4.086028322053715,1.0,3.664784100059751,0.0,0.6666666666666666,0.37910173990860546,0.6208473317949978,0.75
ACCT_001195,10079.85338125073,605,0,0,8,32070.47450593097,3.6030153986858866,7657.647613115328,2203.3450522220364,8,5,5.0,4.2845926539972945,3.0,4.107660862135365,0.0,0.5,0.6653776485650087,0.3346049754922578,0.8888888888888888
ACCT_001196,26041.54355098428,728,0,0,4,12647.190895925274,3.499934082494137,3685.289768884397,478.36634273186974,4,3,1.0,3.5664716414704807,3.0,3.952400148211545,0.0,0.25,2.4318036476778238,-1.4314152410632037,0.8
ACCT_001197,13952.762358723952,723,0,0,4,17580.407125096426,3.6429689368691482,5861.279403379501,1717.7638987274013,4,4,2.0,4.068957627135107,2.0,3.7678677547383765,0.0,0.25,0.49993106868924847,0.5000262694753205,0.8
ACCT_001198,11692.375016723468,527,0,0,2,8566.872088814735,3.6317922868740027,4838.768936719824,785.3593079401533,2,1,2.0,3.9328222825379835,0.0,0.0,0.0,0.0,0.0,0.9998832849055596,0.6666666666666666
ACCT_001199,17493.119323460618,757,0,0,3,10329.225495632047,3.536946503819953,4565.180315927649,1850.960813255864,3,3,1.0,3.649078577291414,2.0,3.768775441535601,0.0,0.3333333333333333,1.3173369188900794,-0.3172657440381146,0.75
